sku_id,description,avg_daily_gru_forecast_units,forecast_window_start,forecast_window_end,recommendation_status,recommended_reorder_quantity,safety_stock_units,reorder_point_units,supplier_lead_time_days,recommendation_note
10002,INFLATABLE POLITICAL GLOBE,0.0875,2011-11-26,2011-12-09,no_order_required,0,0.0000,0.0000,3,Inventory-position-based recommendation from Day 13.
10120,DOGGY RUBBER,0.3078,2011-11-26,2011-12-09,reorder_now,8,4.7757,6.5971,3,Inventory-position-based recommendation from Day 13.
10123C,HEARTS WRAPPING TAPE,0.0875,2011-11-26,2011-12-09,no_order_required,0,0.0000,0.0000,7,Inventory-position-based recommendation from Day 13.
10125,MINI FUNKY DESIGN TAPES,0.2201,2011-11-26,2011-12-09,reorder_now,133,71.4315,114.4315,14,Inventory-position-based recommendation from Day 13.
10133,COLOURING PENCILS BROWN TUBE,0.0875,2011-11-26,2011-12-09,no_order_required,0,0.0000,0.0000,14,Inventory-position-based recommendation from Day 13.
10134,COLOURING PENCILS BROWN TUBE,0.0875,2011-11-26,2011-12-09,no_order_required,0,0.0000,0.0000,14,Inventory-position-based recommendation from Day 13.
10135,COLOURING PENCILS BROWN TUBE,2.3478,2011-11-26,2011-12-09,reorder_now,71,35.8044,66.5187,5,Inventory-position-based recommendation from Day 13.
11001,ASSTD DESIGN RACING CAR PEN,1.4210,2011-11-26,2011-12-09,reorder_now,53,22.7881,40.6453,5,Inventory-position-based recommendation from Day 13.
15034,PAPER POCKET TRAVELING FAN,1.9525,2011-11-26,2011-12-09,reorder_now,84,34.6455,52.0026,3,Inventory-position-based recommendation from Day 13.
15036,ASSORTED COLOURS SILK FAN,6.0740,2011-11-26,2011-12-09,reorder_now,270,112.6850,205.8993,5,Inventory-position-based recommendation from Day 13.
15039,SANDALWOOD FAN,1.8523,2011-11-26,2011-12-09,reorder_now,116,57.7398,96.4898,7,Inventory-position-based recommendation from Day 13.
15044A,PINK PAPER PARASOL,0.4542,2011-11-26,2011-12-09,reorder_now,26,18.1976,30.3405,10,Inventory-position-based recommendation from Day 13.
15044B,BLUE PAPER PARASOL,0.0875,2011-11-26,2011-12-09,no_order_required,0,0.0000,0.0000,14,Inventory-position-based recommendation from Day 13.
15044C,PURPLE PAPER PARASOL,0.2898,2011-11-26,2011-12-09,reorder_now,9,7.0101,12.7244,10,Inventory-position-based recommendation from Day 13.
15044D,RED PAPER PARASOL,0.4453,2011-11-26,2011-12-09,reorder_now,13,8.0341,14.0341,7,Inventory-position-based recommendation from Day 13.
15056BL,EDWARDIAN PARASOL BLACK,2.6168,2011-11-26,2011-12-09,reorder_now,75,32.4877,51.9877,3,Inventory-position-based recommendation from Day 13.
15056N,EDWARDIAN PARASOL NATURAL,2.1604,2011-11-26,2011-12-09,reorder_now,153,63.4541,116.4541,7,Inventory-position-based recommendation from Day 13.
15056P,EDWARDIAN PARASOL PINK,0.7842,2011-11-26,2011-12-09,reorder_now,67,34.1940,50.0869,5,Inventory-position-based recommendation from Day 13.
15058A,BLUE POLKADOT GARDEN PARASOL,0.1266,2011-11-26,2011-12-09,no_order_required,0,1.9306,2.6448,10,Inventory-position-based recommendation from Day 13.
15058B,PINK POLKADOT GARDEN PARASOL,0.0980,2011-11-26,2011-12-09,reorder_now,1,0.5287,0.6358,3,Inventory-position-based recommendation from Day 13.
15058C,ICE CREAM DESIGN GARDEN PARASOL,0.0959,2011-11-26,2011-12-09,no_order_required,0,1.5850,2.5850,14,Inventory-position-based recommendation from Day 13.
15060B,FAIRY CAKE DESIGN UMBRELLA,0.1806,2011-11-26,2011-12-09,reorder_now,30,18.4163,23.4163,5,Inventory-position-based recommendation from Day 13.
16008,SMALL FOLDING SCISSOR(POINTED EDGE),2.6107,2011-11-26,2011-12-09,reorder_now,576,267.0335,450.0335,7,Inventory-position-based recommendation from Day 13.
16011,ANIMAL STICKERS,1.9034,2011-11-26,2011-12-09,reorder_now,202,98.5064,170.7564,7,Inventory-position-based recommendation from Day 13.
16012,FOOD/DRINK SPONGE STICKERS,0.4323,2011-11-26,2011-12-09,reorder_now,52,37.9967,62.4967,14,Inventory-position-based recommendation from Day 13.
16014,SMALL CHINESE STYLE SCISSOR,1.2729,2011-11-26,2011-12-09,reorder_now,609,342.4123,457.5908,5,Inventory-position-based recommendation from Day 13.
16015,MEDIUM CHINESE STYLE SCISSOR,0.1848,2011-11-26,2011-12-09,reorder_now,11,6.8255,8.6112,5,Inventory-position-based recommendation from Day 13.
16016,LARGE CHINESE STYLE SCISSOR,0.9185,2011-11-26,2011-12-09,reorder_now,100,41.0415,61.3987,3,Inventory-position-based recommendation from Day 13.
16020C,CLEAR STATIONERY BOX SET,0.0875,2011-11-26,2011-12-09,no_order_required,0,0.0000,0.0000,3,Inventory-position-based recommendation from Day 13.
16033,UNKNOWN,0.0875,2011-11-26,2011-12-09,no_order_required,0,0.0000,0.0000,7,Inventory-position-based recommendation from Day 13.
16045,POPART WOODEN PENCILS ASST,2.6608,2011-11-26,2011-12-09,reorder_now,1174,445.6092,995.6092,14,Inventory-position-based recommendation from Day 13.
16046,TEATIME PEN CASE & PENS,0.1162,2011-11-26,2011-12-09,no_order_required,0,1.1421,1.6421,14,Inventory-position-based recommendation from Day 13.
16048,TEATIME ROUND PENCIL SHARPENER,0.7280,2011-11-26,2011-12-09,reorder_now,69,38.7929,67.3643,10,Inventory-position-based recommendation from Day 13.
16052,TEATIME PUSH DOWN RUBBER,0.0875,2011-11-26,2011-12-09,no_order_required,0,0.0000,0.0000,5,Inventory-position-based recommendation from Day 13.
16156L,WRAP CAROUSEL,0.3586,2011-11-26,2011-12-09,reorder_now,34,18.3430,23.7002,3,Inventory-position-based recommendation from Day 13.
16156N,"WRAP, FRIENDSHIP ON GREEN",0.0875,2011-11-26,2011-12-09,no_order_required,0,0.0000,0.0000,5,Inventory-position-based recommendation from Day 13.
16156S,WRAP PINK FAIRY CAKES,3.6618,2011-11-26,2011-12-09,reorder_now,255,95.1774,220.1774,10,Inventory-position-based recommendation from Day 13.
16161G,WRAP BAD HAIR DAY,0.5170,2011-11-26,2011-12-09,reorder_now,33,18.3430,23.7002,3,Inventory-position-based recommendation from Day 13.
16161M,WRAP PINK FLOCK,0.0875,2011-11-26,2011-12-09,no_order_required,0,0.0000,0.0000,3,Inventory-position-based recommendation from Day 13.
16161P,WRAP ENGLISH ROSE,1.8422,2011-11-26,2011-12-09,reorder_now,218,79.5634,146.5277,5,Inventory-position-based recommendation from Day 13.
16161U,WRAP SUKI AND FRIENDS,1.8571,2011-11-26,2011-12-09,reorder_now,168,78.0996,140.5996,7,Inventory-position-based recommendation from Day 13.
16168M,FUNKY MONKEY GIFT BAG MEDIUM,0.2744,2011-11-26,2011-12-09,reorder_now,50,29.3254,47.3254,14,Inventory-position-based recommendation from Day 13.
16169C,WRAP BLUE REINDEER,0.0875,2011-11-26,2011-12-09,no_order_required,0,0.0000,0.0000,7,Inventory-position-based recommendation from Day 13.
16169E,WRAP 50'S CHRISTMAS,13.4381,2011-11-26,2011-12-09,reorder_now,355,128.6649,307.4149,5,Inventory-position-based recommendation from Day 13.
16169K,WRAP FOLK ART,0.0875,2011-11-26,2011-12-09,no_order_required,0,0.0000,0.0000,3,Inventory-position-based recommendation from Day 13.
16169M,WRAP DAISY CARPET,0.3069,2011-11-26,2011-12-09,reorder_now,65,39.6255,64.6255,14,Inventory-position-based recommendation from Day 13.
16169N,WRAP BLUE RUSSIAN FOLKART,0.0875,2011-11-26,2011-12-09,no_order_required,0,0.0000,0.0000,3,Inventory-position-based recommendation from Day 13.
16169P,WRAP GREEN RUSSIAN FOLKART,0.0875,2011-11-26,2011-12-09,no_order_required,0,0.0000,0.0000,5,Inventory-position-based recommendation from Day 13.
16207A,UNKNOWN,0.1013,2011-11-26,2011-12-09,no_order_required,0,0.5287,0.6358,3,Inventory-position-based recommendation from Day 13.
16207B,PINK HEART RED HANDBAG,0.0875,2011-11-26,2011-12-09,no_order_required,0,0.0000,0.0000,7,Inventory-position-based recommendation from Day 13.
16212,UNKNOWN,0.0875,2011-11-26,2011-12-09,no_order_required,0,0.0000,0.0000,7,Inventory-position-based recommendation from Day 13.
16216,LETTER SHAPE PENCIL SHARPENER,2.0521,2011-11-26,2011-12-09,reorder_now,236,85.9404,134.5833,3,Inventory-position-based recommendation from Day 13.
16218,CARTOON PENCIL SHARPENERS,1.5663,2011-11-26,2011-12-09,reorder_now,246,116.0228,203.5228,10,Inventory-position-based recommendation from Day 13.
16219,HOUSE SHAPE PENCIL SHARPENER,2.6609,2011-11-26,2011-12-09,reorder_now,155,67.0631,124.8131,7,Inventory-position-based recommendation from Day 13.
16225,RATTLE SNAKE EGGS,1.6361,2011-11-26,2011-12-09,reorder_now,99,40.6493,69.7564,5,Inventory-position-based recommendation from Day 13.
16235,RECYCLED PENCIL WITH RABBIT ERASER,2.6827,2011-11-26,2011-12-09,reorder_now,94,46.0916,71.9130,3,Inventory-position-based recommendation from Day 13.
16236,KITTY PENCIL ERASERS,1.6764,2011-11-26,2011-12-09,reorder_now,67,34.3309,49.1166,3,Inventory-position-based recommendation from Day 13.
16237,SLEEPING CAT ERASERS,8.5323,2011-11-26,2011-12-09,reorder_now,317,110.1593,192.2307,3,Inventory-position-based recommendation from Day 13.
16238,PARTY TIME PENCIL ERASERS,2.1381,2011-11-26,2011-12-09,reorder_now,152,78.0433,167.0433,14,Inventory-position-based recommendation from Day 13.
16256B,UNKNOWN,0.0875,2011-11-26,2011-12-09,no_order_required,0,0.0000,0.0000,14,Inventory-position-based recommendation from Day 13.
16258A,SWIRLY CIRCULAR RUBBERS IN BAG,0.8494,2011-11-26,2011-12-09,reorder_now,105,45.5126,65.6555,3,Inventory-position-based recommendation from Day 13.
16259,PIECE OF CAMO STATIONERY SET,0.1297,2011-11-26,2011-12-09,reorder_now,16,11.5833,15.8690,10,Inventory-position-based recommendation from Day 13.
17003,BROCADE RING PURSE,9.0603,2011-11-26,2011-12-09,reorder_now,1032,321.6141,951.6141,14,Inventory-position-based recommendation from Day 13.
17012A,ORIGAMI VANILLA INCENSE/CANDLE SET,0.1640,2011-11-26,2011-12-09,reorder_now,6,4.8264,6.6121,10,Inventory-position-based recommendation from Day 13.
17012B,ORIGAMI JASMINE INCENSE/CANDLE SET,0.1305,2011-11-26,2011-12-09,reorder_now,2,1.1208,1.6208,7,Inventory-position-based recommendation from Day 13.
17012C,ORIGAMI LAVENDER INCENSE/CANDL SET,0.9274,2011-11-26,2011-12-09,reorder_now,65,32.8188,63.8903,10,Inventory-position-based recommendation from Day 13.
17012D,ORIGAMI ROSE INCENSE/CANDLE SET,2.4229,2011-11-26,2011-12-09,reorder_now,158,58.5600,149.5600,14,Inventory-position-based recommendation from Day 13.
17012F,ORIGAMI SANDLEWOOD INCENSE/CAND SET,2.0554,2011-11-26,2011-12-09,reorder_now,91,43.7587,85.5087,7,Inventory-position-based recommendation from Day 13.
17013D,ORIGAMI ROSE INCENSE IN TUBE,0.0875,2011-11-26,2011-12-09,no_order_required,0,0.0000,0.0000,5,Inventory-position-based recommendation from Day 13.
17021,NAMASTE SWAGAT INCENSE,0.3346,2011-11-26,2011-12-09,reorder_now,199,97.5568,169.5568,14,Inventory-position-based recommendation from Day 13.
17033,UNKNOWN,0.0875,2011-11-26,2011-12-09,no_order_required,0,0.0000,0.0000,5,Inventory-position-based recommendation from Day 13.
17038,PORCELAIN BUDAH INCENSE HOLDER,0.2469,2011-11-26,2011-12-09,reorder_now,184,114.0374,166.5374,14,Inventory-position-based recommendation from Day 13.
17039,INLAID WOOD INCENSE HOLDER,0.0875,2011-11-26,2011-12-09,no_order_required,0,0.0000,0.0000,10,Inventory-position-based recommendation from Day 13.
17084N,FAIRY DREAMS INCENSE,0.6596,2011-11-26,2011-12-09,reorder_now,76,38.4404,65.9404,10,Inventory-position-based recommendation from Day 13.
17084P,DRAGONS BLOOD INCENSE,0.2468,2011-11-26,2011-12-09,reorder_now,56,32.4855,50.9855,14,Inventory-position-based recommendation from Day 13.
17084R,ASSORTED INCENSE PACK,0.2372,2011-11-26,2011-12-09,reorder_now,94,58.1477,76.1477,7,Inventory-position-based recommendation from Day 13.
17091A,LAVENDER INCENSE IN TIN,0.0875,2011-11-26,2011-12-09,no_order_required,0,0.0000,0.0000,14,Inventory-position-based recommendation from Day 13.
17091B,JASMINE TEA INCENSE IN TIN,0.0875,2011-11-26,2011-12-09,no_order_required,0,0.0000,0.0000,10,Inventory-position-based recommendation from Day 13.
17091J,VANILLA INCENSE IN TIN,1.5927,2011-11-26,2011-12-09,reorder_now,287,133.8288,245.2574,10,Inventory-position-based recommendation from Day 13.
17096,ASSORTED LAQUERED INCENSE HOLDERS,0.0875,2011-11-26,2011-12-09,no_order_required,0,0.0000,0.0000,14,Inventory-position-based recommendation from Day 13.
17107D,FLOWER FAIRY 5 DRAWER LINERS,0.3161,2011-11-26,2011-12-09,reorder_now,17,9.9859,19.9859,14,Inventory-position-based recommendation from Day 13.
17109D,Adjustment,0.0875,2011-11-26,2011-12-09,no_order_required,0,0.0000,0.0000,3,Inventory-position-based recommendation from Day 13.
17129D,CLEAR COLOUR GLASS GEMS IN BAG,0.0875,2011-11-26,2011-12-09,no_order_required,0,0.0000,0.0000,10,Inventory-position-based recommendation from Day 13.
17129F,BLUE GLASS GEMS IN BAG,0.1074,2011-11-26,2011-12-09,no_order_required,0,0.8076,1.0576,7,Inventory-position-based recommendation from Day 13.
17136A,check,0.1434,2011-11-26,2011-12-09,no_order_required,0,2.8958,3.9673,10,Inventory-position-based recommendation from Day 13.
17164B,ASS COL SMALL SAND GECKO P'WEIGHT,0.0875,2011-11-26,2011-12-09,no_order_required,0,0.0000,0.0000,5,Inventory-position-based recommendation from Day 13.
17165B,UNKNOWN,0.0875,2011-11-26,2011-12-09,no_order_required,0,0.0000,0.0000,10,Inventory-position-based recommendation from Day 13.
17165D,UNKNOWN,0.0875,2011-11-26,2011-12-09,no_order_required,0,0.0000,0.0000,10,Inventory-position-based recommendation from Day 13.
17181,CIRCLE OF FRIENDS CANDLE HOLDER,0.0875,2011-11-26,2011-12-09,no_order_required,0,0.0000,0.0000,10,Inventory-position-based recommendation from Day 13.
18007,ESSENTIAL BALM 3.5g TIN IN ENVELOPE,0.0875,2011-11-26,2011-12-09,no_order_required,0,0.0000,0.0000,7,Inventory-position-based recommendation from Day 13.
18094C,WHITE AND BLUE CERAMIC OIL BURNER,0.0875,2011-11-26,2011-12-09,no_order_required,0,0.0000,0.0000,7,Inventory-position-based recommendation from Day 13.
18097C,WHITE TALL PORCELAIN T-LIGHT HOLDER,0.2248,2011-11-26,2011-12-09,reorder_now,19,11.2124,17.9981,10,Inventory-position-based recommendation from Day 13.
18098C,PORCELAIN BUTTERFLY OIL BURNER,0.0875,2011-11-26,2011-12-09,no_order_required,0,0.0000,0.0000,10,Inventory-position-based recommendation from Day 13.
20615,BLUE POLKADOT PASSPORT COVER,0.5068,2011-11-26,2011-12-09,reorder_now,19,13.6378,18.8163,5,Inventory-position-based recommendation from Day 13.
20616,CHERRY BLOSSOM PASSPORT COVER,0.3004,2011-11-26,2011-12-09,reorder_now,17,10.6034,13.3891,3,Inventory-position-based recommendation from Day 13.
20617,FIRST CLASS PASSPORT COVER,0.1726,2011-11-26,2011-12-09,no_order_required,0,1.7177,2.6106,5,Inventory-position-based recommendation from Day 13.
20618,QUEEN OF THE SKIES PASSPORT COVER,0.2141,2011-11-26,2011-12-09,reorder_now,2,2.4292,4.2149,10,Inventory-position-based recommendation from Day 13.
20619,TROPICAL PASSPORT COVER,0.2946,2011-11-26,2011-12-09,no_order_required,0,2.3417,4.5917,7,Inventory-position-based recommendation from Day 13.
20621,UNKNOWN,0.0875,2011-11-26,2011-12-09,no_order_required,0,0.0000,0.0000,7,Inventory-position-based recommendation from Day 13.
20622,VIP PASSPORT COVER,0.3280,2011-11-26,2011-12-09,reorder_now,23,14.8347,23.3347,14,Inventory-position-based recommendation from Day 13.
20652,BLUE POLKADOT LUGGAGE TAG,0.4257,2011-11-26,2011-12-09,reorder_now,16,11.7019,18.8447,10,Inventory-position-based recommendation from Day 13.
20653,CHERRY BLOSSOM LUGGAGE TAG,0.2414,2011-11-26,2011-12-09,reorder_now,12,11.5878,16.9449,10,Inventory-position-based recommendation from Day 13.
20654,FIRST CLASS LUGGAGE TAG,0.2437,2011-11-26,2011-12-09,no_order_required,0,3.2970,5.7970,10,Inventory-position-based recommendation from Day 13.
20655,QUEEN OF SKIES LUGGAGE TAG,0.3047,2011-11-26,2011-12-09,reorder_now,4,2.0451,3.1166,3,Inventory-position-based recommendation from Day 13.
20657,TROPICAL LUGGAGE TAG,0.1093,2011-11-26,2011-12-09,no_order_required,0,0.0000,0.0000,5,Inventory-position-based recommendation from Day 13.
20658,RED RETROSPOT LUGGAGE TAG,0.0875,2011-11-26,2011-12-09,no_order_required,0,0.0000,0.0000,3,Inventory-position-based recommendation from Day 13.
20659,ECONOMY LUGGAGE TAG,0.3629,2011-11-26,2011-12-09,reorder_now,22,8.5058,15.2558,7,Inventory-position-based recommendation from Day 13.
20661,BLUE POLKADOT PURSE,0.2181,2011-11-26,2011-12-09,reorder_now,4,1.9921,3.7778,10,Inventory-position-based recommendation from Day 13.
20662,FIRST CLASS HOLIDAY PURSE,0.0875,2011-11-26,2011-12-09,no_order_required,0,0.0000,0.0000,3,Inventory-position-based recommendation from Day 13.
20663,QUEEN OF THE SKIES HOLIDAY PURSE,0.0875,2011-11-26,2011-12-09,no_order_required,0,0.0000,0.0000,5,Inventory-position-based recommendation from Day 13.
20664,TROPICAL HOLIDAY PURSE,0.0875,2011-11-26,2011-12-09,no_order_required,0,0.0000,0.0000,5,Inventory-position-based recommendation from Day 13.
20665,RED RETROSPOT PURSE,0.2641,2011-11-26,2011-12-09,reorder_now,6,2.4750,4.4392,5,Inventory-position-based recommendation from Day 13.
20666,ECONOMY HOLIDAY PURSE,0.0875,2011-11-26,2011-12-09,no_order_required,0,0.0000,0.0000,10,Inventory-position-based recommendation from Day 13.
20668,DISCO BALL CHRISTMAS DECORATION,16.9828,2011-11-26,2011-12-09,reorder_now,3845,1269.7431,3374.7431,14,Inventory-position-based recommendation from Day 13.
20669,RED HEART LUGGAGE TAG,0.5188,2011-11-26,2011-12-09,reorder_now,15,6.1162,13.9734,10,Inventory-position-based recommendation from Day 13.
20670,VIP HOLIDAY PURSE,0.1006,2011-11-26,2011-12-09,reorder_now,2,1.3651,1.7222,5,Inventory-position-based recommendation from Day 13.
20671,BLUE TEATIME PRINT BOWL,0.0875,2011-11-26,2011-12-09,no_order_required,0,0.0000,0.0000,3,Inventory-position-based recommendation from Day 13.
20672,UNKNOWN,0.0875,2011-11-26,2011-12-09,no_order_required,0,0.0000,0.0000,14,Inventory-position-based recommendation from Day 13.
20674,GREEN POLKADOT BOWL,1.6853,2011-11-26,2011-12-09,reorder_now,38,15.4239,25.6025,3,Inventory-position-based recommendation from Day 13.
20675,BLUE POLKADOT BOWL,1.9435,2011-11-26,2011-12-09,reorder_now,128,72.9313,134.0028,10,Inventory-position-based recommendation from Day 13.
20676,RED RETROSPOT BOWL,5.8043,2011-11-26,2011-12-09,reorder_now,170,60.5526,119.3026,5,Inventory-position-based recommendation from Day 13.
20677,PINK POLKADOT BOWL,3.6210,2011-11-26,2011-12-09,reorder_now,308,115.5937,267.5937,14,Inventory-position-based recommendation from Day 13.
20679,EDWARDIAN PARASOL RED,1.8695,2011-11-26,2011-12-09,reorder_now,61,28.1466,41.5395,3,Inventory-position-based recommendation from Day 13.
20681,PINK POLKADOT CHILDRENS UMBRELLA,0.0875,2011-11-26,2011-12-09,no_order_required,0,0.0000,0.0000,14,Inventory-position-based recommendation from Day 13.
20682,RED RETROSPOT CHILDRENS UMBRELLA,2.4573,2011-11-26,2011-12-09,reorder_now,206,78.6793,181.1793,14,Inventory-position-based recommendation from Day 13.
20684,UNKNOWN,0.0875,2011-11-26,2011-12-09,no_order_required,0,0.0000,0.0000,3,Inventory-position-based recommendation from Day 13.
20685,DOORMAT RED RETROSPOT,4.9893,2011-11-26,2011-12-09,reorder_now,129,44.5930,77.8073,3,Inventory-position-based recommendation from Day 13.
20686,DOLLY MIXTURE CHILDREN'S UMBRELLA,0.3997,2011-11-26,2011-12-09,reorder_now,54,32.5880,43.4809,5,Inventory-position-based recommendation from Day 13.
20689,RETRO SISTERS EXPRESSO CUPS,0.0875,2011-11-26,2011-12-09,no_order_required,0,0.0000,0.0000,5,Inventory-position-based recommendation from Day 13.
20692,UNKNOWN,0.0875,2011-11-26,2011-12-09,no_order_required,0,0.0000,0.0000,10,Inventory-position-based recommendation from Day 13.
20694,FLORAL PINK MONSTER,0.1096,2011-11-26,2011-12-09,no_order_required,0,0.6826,0.8611,5,Inventory-position-based recommendation from Day 13.
20695,FLORAL BLUE MONSTER,0.0980,2011-11-26,2011-12-09,no_order_required,0,0.5287,0.6358,3,Inventory-position-based recommendation from Day 13.
20696,FLORAL SOFT CAR TOY,0.0963,2011-11-26,2011-12-09,no_order_required,0,0.0000,0.0000,14,Inventory-position-based recommendation from Day 13.
20699,MOUSEY LONG LEGS SOFT TOY,0.1231,2011-11-26,2011-12-09,no_order_required,0,1.7789,2.5289,7,Inventory-position-based recommendation from Day 13.
20700,GREEN CAT FLORAL CUSHION COVER,0.0875,2011-11-26,2011-12-09,no_order_required,0,0.0000,0.0000,7,Inventory-position-based recommendation from Day 13.
20701,PINK CAT FLORAL CUSHION COVER,0.0875,2011-11-26,2011-12-09,no_order_required,0,0.0000,0.0000,10,Inventory-position-based recommendation from Day 13.
20702,PINK PADDED MOBILE,0.0875,2011-11-26,2011-12-09,no_order_required,0,0.0000,0.0000,5,Inventory-position-based recommendation from Day 13.
20703,BLUE PADDED SOFT MOBILE,0.0875,2011-11-26,2011-12-09,no_order_required,0,0.0000,0.0000,7,Inventory-position-based recommendation from Day 13.
20704,MR ROBOT SOFT TOY,0.2736,2011-11-26,2011-12-09,reorder_now,25,13.2586,17.3301,3,Inventory-position-based recommendation from Day 13.
20705,MRS ROBOT SOFT TOY,0.2448,2011-11-26,2011-12-09,reorder_now,13,7.1224,10.6224,7,Inventory-position-based recommendation from Day 13.
20707,CRAZY DAISY HEART DECORATION,0.2026,2011-11-26,2011-12-09,reorder_now,3,2.1536,4.1536,14,Inventory-position-based recommendation from Day 13.
20711,JUMBO BAG TOYS,3.7032,2011-11-26,2011-12-09,reorder_now,112,65.7851,90.5351,3,Inventory-position-based recommendation from Day 13.
20712,JUMBO BAG WOODLAND ANIMALS,10.5143,2011-11-26,2011-12-09,reorder_now,409,160.5318,438.0318,14,Inventory-position-based recommendation from Day 13.
20713,JUMBO BAG OWLS,7.8464,2011-11-26,2011-12-09,reorder_now,849,317.8998,754.3998,14,Inventory-position-based recommendation from Day 13.
20716,UNKNOWN,0.0875,2011-11-26,2011-12-09,no_order_required,0,0.0000,0.0000,10,Inventory-position-based recommendation from Day 13.
20717,STRAWBERRY SHOPPER BAG,3.4587,2011-11-26,2011-12-09,no_order_required,0,39.2574,105.7574,14,Inventory-position-based recommendation from Day 13.
20718,RED RETROSPOT SHOPPER BAG,8.2602,2011-11-26,2011-12-09,reorder_now,273,119.9725,266.4725,7,Inventory-position-based recommendation from Day 13.
20719,WOODLAND CHARLOTTE BAG,12.9317,2011-11-26,2011-12-09,reorder_now,632,148.7222,371.0436,5,Inventory-position-based recommendation from Day 13.
20723,STRAWBERRY CHARLOTTE BAG,12.5184,2011-11-26,2011-12-09,reorder_now,681,208.7145,725.7145,14,Inventory-position-based recommendation from Day 13.
20724,RED RETROSPOT CHARLOTTE BAG,16.6556,2011-11-26,2011-12-09,reorder_now,1250,288.8424,886.5924,7,Inventory-position-based recommendation from Day 13.
20725,LUNCH BAG RED RETROSPOT,16.2039,2011-11-26,2011-12-09,reorder_now,637,136.3416,301.6630,3,Inventory-position-based recommendation from Day 13.
20726,LUNCH BAG WOODLAND,11.5176,2011-11-26,2011-12-09,reorder_now,189,51.1937,112.5865,3,Inventory-position-based recommendation from Day 13.
20727,LUNCH BAG BLACK SKULL.,15.0080,2011-11-26,2011-12-09,reorder_now,648,152.4259,458.4259,7,Inventory-position-based recommendation from Day 13.
20728,LUNCH BAG CARS BLUE,12.4884,2011-11-26,2011-12-09,reorder_now,351,122.0124,212.2267,3,Inventory-position-based recommendation from Day 13.
20729,UNKNOWN,0.0875,2011-11-26,2011-12-09,no_order_required,0,0.0000,0.0000,10,Inventory-position-based recommendation from Day 13.
20730,STRAWBERRY CANDY BAG,0.0875,2011-11-26,2011-12-09,no_order_required,0,0.0000,0.0000,3,Inventory-position-based recommendation from Day 13.
20731,UNKNOWN,0.0875,2011-11-26,2011-12-09,no_order_required,0,0.0000,0.0000,3,Inventory-position-based recommendation from Day 13.
20733,GOLD MINI TAPE MEASURE,1.2525,2011-11-26,2011-12-09,reorder_now,41,20.7966,40.7966,7,Inventory-position-based recommendation from Day 13.
20734,SILVER MINI TAPE MEASURE,0.0875,2011-11-26,2011-12-09,no_order_required,0,0.0000,0.0000,7,Inventory-position-based recommendation from Day 13.
20735,BLACK MINI TAPE MEASURE,0.2253,2011-11-26,2011-12-09,reorder_now,7,4.8556,7.8556,7,Inventory-position-based recommendation from Day 13.
20738,GREEN MINI TAPE MEASURE,0.0875,2011-11-26,2011-12-09,no_order_required,0,0.0000,0.0000,5,Inventory-position-based recommendation from Day 13.
20747,UNKNOWN,0.0875,2011-11-26,2011-12-09,no_order_required,0,0.0000,0.0000,14,Inventory-position-based recommendation from Day 13.
20748,KENSINGTON COFFEE SET,0.1758,2011-11-26,2011-12-09,reorder_now,2,1.2544,1.6830,3,Inventory-position-based recommendation from Day 13.
20749,ASSORTED COLOUR MINI CASES,3.2889,2011-11-26,2011-12-09,reorder_now,152,75.2808,126.1737,5,Inventory-position-based recommendation from Day 13.
20750,RED RETROSPOT MINI CASES,3.8740,2011-11-26,2011-12-09,reorder_now,112,64.5558,150.0558,14,Inventory-position-based recommendation from Day 13.
20751,FUNKY WASHING UP GLOVES ASSORTED,0.7624,2011-11-26,2011-12-09,no_order_required,0,5.0585,9.8800,5,Inventory-position-based recommendation from Day 13.
20752,BLUE POLKADOT WASHING UP GLOVES,0.4684,2011-11-26,2011-12-09,reorder_now,16,7.3609,13.1109,7,Inventory-position-based recommendation from Day 13.
20754,RETROSPOT RED WASHING UP GLOVES,0.3848,2011-11-26,2011-12-09,reorder_now,22,13.5445,24.2587,10,Inventory-position-based recommendation from Day 13.
20755,BLUE PAISLEY POCKET BOOK,1.2027,2011-11-26,2011-12-09,reorder_now,80,40.1096,85.6096,14,Inventory-position-based recommendation from Day 13.
20756,GREEN FERN POCKET BOOK,0.2014,2011-11-26,2011-12-09,reorder_now,8,5.7486,10.7486,14,Inventory-position-based recommendation from Day 13.
20757,RED DAISY POCKET BOOK,0.6057,2011-11-26,2011-12-09,reorder_now,61,39.5425,66.5425,14,Inventory-position-based recommendation from Day 13.
20758,ABSTRACT CIRCLES POCKET BOOK,0.5023,2011-11-26,2011-12-09,reorder_now,19,7.9981,12.1767,3,Inventory-position-based recommendation from Day 13.
20759,CHRYSANTHEMUM POCKET BOOK,0.2580,2011-11-26,2011-12-09,reorder_now,18,9.1536,13.4393,5,Inventory-position-based recommendation from Day 13.
20760,GARDEN PATH POCKET BOOK,0.2104,2011-11-26,2011-12-09,reorder_now,8,4.8584,7.0013,5,Inventory-position-based recommendation from Day 13.
20761,BLUE PAISLEY SKETCHBOOK,0.3388,2011-11-26,2011-12-09,reorder_now,9,4.7219,8.4719,7,Inventory-position-based recommendation from Day 13.
20762,GREEN FERN SKETCHBOOK,0.2022,2011-11-26,2011-12-09,reorder_now,4,2.1343,4.2772,10,Inventory-position-based recommendation from Day 13.
20763,DAISY SKETCHBOOK,0.2713,2011-11-26,2011-12-09,reorder_now,27,19.3664,29.8664,14,Inventory-position-based recommendation from Day 13.
20764,ABSTRACT CIRCLES SKETCHBOOK,0.6521,2011-11-26,2011-12-09,reorder_now,18,7.8000,17.4429,10,Inventory-position-based recommendation from Day 13.
20765,CHRYSANTHEMUM SKETCHBOOK,0.2730,2011-11-26,2011-12-09,reorder_now,10,3.9843,7.5557,10,Inventory-position-based recommendation from Day 13.
20766,GARDEN PATH SKETCHBOOK,0.2834,2011-11-26,2011-12-09,reorder_now,7,8.4417,13.9417,14,Inventory-position-based recommendation from Day 13.
20767,BLUE PAISLEY JOURNAL,0.5511,2011-11-26,2011-12-09,reorder_now,21,8.7607,17.3321,10,Inventory-position-based recommendation from Day 13.
20768,GREEN FERN JOURNAL,0.4954,2011-11-26,2011-12-09,reorder_now,40,24.6655,33.4155,5,Inventory-position-based recommendation from Day 13.
20769,DAISY JOURNAL,0.4298,2011-11-26,2011-12-09,reorder_now,16,7.9419,13.1919,7,Inventory-position-based recommendation from Day 13.
20770,ABSTRACT CIRCLE JOURNAL,0.1187,2011-11-26,2011-12-09,no_order_required,0,0.9653,1.3224,10,Inventory-position-based recommendation from Day 13.
20771,CHRYSANTHEMUM JOURNAL,0.4198,2011-11-26,2011-12-09,reorder_now,18,8.2594,17.2594,14,Inventory-position-based recommendation from Day 13.
20772,GARDEN PATH JOURNAL,0.8528,2011-11-26,2011-12-09,reorder_now,103,53.6256,90.4114,10,Inventory-position-based recommendation from Day 13.
20773,BLUE PAISLEY NOTEBOOK,0.0875,2011-11-26,2011-12-09,no_order_required,0,0.0000,0.0000,5,Inventory-position-based recommendation from Day 13.
20774,GREEN FERN NOTEBOOK,0.0875,2011-11-26,2011-12-09,no_order_required,0,0.0000,0.0000,10,Inventory-position-based recommendation from Day 13.
20775,DAISY NOTEBOOK,0.7712,2011-11-26,2011-12-09,reorder_now,16,7.8148,11.9934,3,Inventory-position-based recommendation from Day 13.
20776,ABSTRACT CIRCLES NOTEBOOK,0.0875,2011-11-26,2011-12-09,no_order_required,0,0.0000,0.0000,3,Inventory-position-based recommendation from Day 13.
20777,CHRYSANTHEMUM NOTEBOOK,1.2674,2011-11-26,2011-12-09,reorder_now,17,9.9138,20.6281,5,Inventory-position-based recommendation from Day 13.
20778,UNKNOWN,0.0875,2011-11-26,2011-12-09,no_order_required,0,0.0000,0.0000,10,Inventory-position-based recommendation from Day 13.
20780,BLACK EAR MUFF HEADPHONES,0.2382,2011-11-26,2011-12-09,reorder_now,5,3.9011,7.4011,14,Inventory-position-based recommendation from Day 13.
20781,GOLD EAR MUFF HEADPHONES,0.2837,2011-11-26,2011-12-09,reorder_now,4,2.1988,3.3774,3,Inventory-position-based recommendation from Day 13.
20782,CAMOUFLAGE EAR MUFF HEADPHONES,0.2241,2011-11-26,2011-12-09,reorder_now,6,2.8538,4.9967,5,Inventory-position-based recommendation from Day 13.
20783,HEART EAR MUFF HEADPHONES,0.0875,2011-11-26,2011-12-09,no_order_required,0,0.0000,0.0000,10,Inventory-position-based recommendation from Day 13.
20784,RED RETRO BAR STOOL,0.0875,2011-11-26,2011-12-09,no_order_required,0,0.0000,0.0000,7,Inventory-position-based recommendation from Day 13.
20785,FUSCHIA RETRO BAR STOOL,0.0875,2011-11-26,2011-12-09,no_order_required,0,0.0000,0.0000,7,Inventory-position-based recommendation from Day 13.
20786,BLACK RETRO BAR STOOL,0.0875,2011-11-26,2011-12-09,no_order_required,0,0.0000,0.0000,14,Inventory-position-based recommendation from Day 13.
20794,BLUE TILE HOOK,0.2516,2011-11-26,2011-12-09,reorder_now,4,3.0890,5.3390,7,Inventory-position-based recommendation from Day 13.
20798,UNKNOWN,0.0875,2011-11-26,2011-12-09,no_order_required,0,0.0000,0.0000,5,Inventory-position-based recommendation from Day 13.
20801,UNKNOWN,0.0875,2011-11-26,2011-12-09,no_order_required,0,0.0000,0.0000,10,Inventory-position-based recommendation from Day 13.
20802,SMALL GLASS SUNDAE DISH CLEAR,0.3279,2011-11-26,2011-12-09,reorder_now,31,16.2595,28.2595,14,Inventory-position-based recommendation from Day 13.
20803,SMALL PINK GLASS SUNDAE DISH,0.0875,2011-11-26,2011-12-09,no_order_required,0,0.0000,0.0000,3,Inventory-position-based recommendation from Day 13.
20804,GLASS CHICKEN BUTTER DISH,0.0875,2011-11-26,2011-12-09,no_order_required,0,0.0000,0.0000,14,Inventory-position-based recommendation from Day 13.
20819,SILVER TEDDY BEAR,0.4394,2011-11-26,2011-12-09,reorder_now,13,6.6651,8.9151,3,Inventory-position-based recommendation from Day 13.
20828,GLITTER BUTTERFLY CLIPS,2.7372,2011-11-26,2011-12-09,no_order_required,0,16.7628,43.7628,7,Inventory-position-based recommendation from Day 13.
20829,GLITTER HANGING BUTTERFLY STRING,2.2314,2011-11-26,2011-12-09,reorder_now,59,24.3793,50.8793,7,Inventory-position-based recommendation from Day 13.
20830,SILVER PHOTO FRAME,0.0875,2011-11-26,2011-12-09,no_order_required,0,0.0000,0.0000,14,Inventory-position-based recommendation from Day 13.
20831,GOLD PHOTO FRAME,0.1641,2011-11-26,2011-12-09,reorder_now,39,19.9418,25.7275,3,Inventory-position-based recommendation from Day 13.
20832,RED FLOCK LOVE HEART PHOTO FRAME,0.8250,2011-11-26,2011-12-09,reorder_now,148,68.5322,93.4965,3,Inventory-position-based recommendation from Day 13.
20838,FRENCH LATTICE CUSHION COVER,0.3650,2011-11-26,2011-12-09,reorder_now,10,8.5614,12.1329,5,Inventory-position-based recommendation from Day 13.
20839,FRENCH PAISLEY CUSHION COVER,1.0834,2011-11-26,2011-12-09,reorder_now,43,18.5646,42.4932,10,Inventory-position-based recommendation from Day 13.
20840,FRENCH FLORAL CUSHION COVER,0.5845,2011-11-26,2011-12-09,reorder_now,28,14.8689,21.1904,3,Inventory-position-based recommendation from Day 13.
20846,ZINC HEART LATTICE T-LIGHT HOLDER,1.2351,2011-11-26,2011-12-09,reorder_now,62,27.7767,47.5981,5,Inventory-position-based recommendation from Day 13.
20854,BLUE PATCH PURSE PINK HEART,0.0875,2011-11-26,2011-12-09,no_order_required,0,0.0000,0.0000,10,Inventory-position-based recommendation from Day 13.
20855,PINK PATCH PURSE BLUE HEART,0.0875,2011-11-26,2011-12-09,no_order_required,0,0.0000,0.0000,7,Inventory-position-based recommendation from Day 13.
20856,DENIM PATCH PURSE PINK BUTTERFLY,0.0875,2011-11-26,2011-12-09,no_order_required,0,0.0000,0.0000,10,Inventory-position-based recommendation from Day 13.
20857,BLUE ROSE PATCH PURSE PINK BUTTERFL,0.0875,2011-11-26,2011-12-09,no_order_required,0,0.0000,0.0000,10,Inventory-position-based recommendation from Day 13.
20862,PINK PATCH PENCIL CASE BLUE HEART,0.0875,2011-11-26,2011-12-09,no_order_required,0,0.0000,0.0000,10,Inventory-position-based recommendation from Day 13.
20863,BLUE PATCH PENCIL CASE PINK HEART,0.0875,2011-11-26,2011-12-09,no_order_required,0,0.0000,0.0000,3,Inventory-position-based recommendation from Day 13.
20865,PATCHWORK PENCIL CASE BUTTERFLY,0.0875,2011-11-26,2011-12-09,no_order_required,0,0.0000,0.0000,7,Inventory-position-based recommendation from Day 13.
20866,BLUE ROSE FABRIC MIRROR,0.5248,2011-11-26,2011-12-09,reorder_now,17,8.5469,15.5469,7,Inventory-position-based recommendation from Day 13.
20867,PINK ROSE FABRIC MIRROR,0.3908,2011-11-26,2011-12-09,reorder_now,30,16.6877,29.6877,14,Inventory-position-based recommendation from Day 13.
20868,SILVER FABRIC MIRROR,1.4624,2011-11-26,2011-12-09,reorder_now,169,82.0985,138.3485,7,Inventory-position-based recommendation from Day 13.
20869,GOLD FABRIC MIRROR,0.6608,2011-11-26,2011-12-09,reorder_now,58,32.7364,41.8436,3,Inventory-position-based recommendation from Day 13.
20871,OPULENT VELVET SET/3 CANDLES,0.0875,2011-11-26,2011-12-09,no_order_required,0,0.0000,0.0000,3,Inventory-position-based recommendation from Day 13.
20878,UNKNOWN,0.0875,2011-11-26,2011-12-09,no_order_required,0,0.0000,0.0000,14,Inventory-position-based recommendation from Day 13.
20886,BOX OF 9 PEBBLE CANDLES,0.0943,2011-11-26,2011-12-09,no_order_required,0,0.0000,0.0000,3,Inventory-position-based recommendation from Day 13.
20892,SET/3 TALL GLASS CANDLE HOLDER PINK,0.0875,2011-11-26,2011-12-09,no_order_required,0,0.0000,0.0000,14,Inventory-position-based recommendation from Day 13.
20893,HANGING BAUBLE T-LIGHT HOLDER SMALL,0.3586,2011-11-26,2011-12-09,reorder_now,76,47.5191,64.0191,7,Inventory-position-based recommendation from Day 13.
20894,HANGING BAUBLE T-LIGHT HOLDER LARGE,0.1810,2011-11-26,2011-12-09,reorder_now,7,4.7869,7.6440,10,Inventory-position-based recommendation from Day 13.
20897,VINTAGE NOTEBOOK PARIS DAYS,0.0875,2011-11-26,2011-12-09,no_order_required,0,0.0000,0.0000,7,Inventory-position-based recommendation from Day 13.
20898,VINTAGE NOTEBOOK TRAVELOGUE,0.0875,2011-11-26,2011-12-09,no_order_required,0,0.0000,0.0000,3,Inventory-position-based recommendation from Day 13.
20901,VINTAGE KEEPSAKE BOX PINK FLOWER,0.0944,2011-11-26,2011-12-09,no_order_required,0,0.5287,0.6358,3,Inventory-position-based recommendation from Day 13.
20902,VINTAGE KEEPSAKE BOX PARIS DAYS,0.0875,2011-11-26,2011-12-09,no_order_required,0,0.0000,0.0000,5,Inventory-position-based recommendation from Day 13.
20903,VINTAGE KEEPSAKE BOX TRAVELOGUE,0.0875,2011-11-26,2011-12-09,no_order_required,0,0.0000,0.0000,3,Inventory-position-based recommendation from Day 13.
20906,VINTAGE NOTEBOOK BEAUTY GIRL,0.0875,2011-11-26,2011-12-09,no_order_required,0,0.0000,0.0000,7,Inventory-position-based recommendation from Day 13.
20910,VINTAGE PHOTO ALBUM PARIS DAYS,0.0875,2011-11-26,2011-12-09,no_order_required,0,0.0000,0.0000,10,Inventory-position-based recommendation from Day 13.
20914,SET/5 RED RETROSPOT LID GLASS BOWLS,12.0238,2011-11-26,2011-12-09,reorder_now,438,125.0095,465.5095,14,Inventory-position-based recommendation from Day 13.
20931,BLUE POT PLANT CANDLE,0.8832,2011-11-26,2011-12-09,reorder_now,72,40.0500,62.0500,7,Inventory-position-based recommendation from Day 13.
20932,PINK POT PLANT CANDLE,0.5304,2011-11-26,2011-12-09,reorder_now,82,43.1183,65.6183,7,Inventory-position-based recommendation from Day 13.
20933,YELLOW POT PLANT CANDLE,0.1186,2011-11-26,2011-12-09,reorder_now,1,0.9472,1.3044,5,Inventory-position-based recommendation from Day 13.
20934,SET/3 POT PLANT CANDLES,0.0897,2011-11-26,2011-12-09,no_order_required,0,0.0000,0.0000,5,Inventory-position-based recommendation from Day 13.
20935,ROUND CACTUS CANDLE,0.1148,2011-11-26,2011-12-09,reorder_now,2,1.1646,1.4860,3,Inventory-position-based recommendation from Day 13.
20936,FORKED CACTUS CANDLE,0.3302,2011-11-26,2011-12-09,reorder_now,6,4.4538,6.3823,3,Inventory-position-based recommendation from Day 13.
20941,FROG CANDLE,0.0875,2011-11-26,2011-12-09,no_order_required,0,0.0000,0.0000,7,Inventory-position-based recommendation from Day 13.
20943,SET/6 GINGERBREAD STAR T-LIGHTS,0.0875,2011-11-26,2011-12-09,no_order_required,0,0.0000,0.0000,14,Inventory-position-based recommendation from Day 13.
20950,UNKNOWN,0.0875,2011-11-26,2011-12-09,no_order_required,0,0.0000,0.0000,10,Inventory-position-based recommendation from Day 13.
20956,PORCELAIN T-LIGHT HOLDERS ASSORTED,3.0127,2011-11-26,2011-12-09,reorder_now,60,38.0186,76.7686,7,Inventory-position-based recommendation from Day 13.
20960,WATERMELON BATH SPONGE,0.0875,2011-11-26,2011-12-09,no_order_required,0,0.0000,0.0000,5,Inventory-position-based recommendation from Day 13.
20961,STRAWBERRY BATH SPONGE,4.1404,2011-11-26,2011-12-09,reorder_now,126,64.4161,135.9161,7,Inventory-position-based recommendation from Day 13.
20963,APPLE BATH SPONGE,3.3251,2011-11-26,2011-12-09,reorder_now,225,95.2271,233.2271,14,Inventory-position-based recommendation from Day 13.
20966,SANDWICH BATH SPONGE,0.0875,2011-11-26,2011-12-09,no_order_required,0,0.0000,0.0000,7,Inventory-position-based recommendation from Day 13.
20967,GREY FLORAL FELTCRAFT SHOULDER BAG,0.0875,2011-11-26,2011-12-09,no_order_required,0,0.0000,0.0000,7,Inventory-position-based recommendation from Day 13.
20969,RED FLORAL FELTCRAFT SHOULDER BAG,4.6901,2011-11-26,2011-12-09,reorder_now,74,35.1942,85.9442,7,Inventory-position-based recommendation from Day 13.
20970,PINK FLORAL FELTCRAFT SHOULDER BAG,3.8139,2011-11-26,2011-12-09,reorder_now,59,56.6563,146.6563,14,Inventory-position-based recommendation from Day 13.
20971,PINK BLUE FELT CRAFT TRINKET BOX,13.0272,2011-11-26,2011-12-09,reorder_now,485,201.5641,333.4569,3,Inventory-position-based recommendation from Day 13.
20972,PINK CREAM FELT CRAFT TRINKET BOX,13.0348,2011-11-26,2011-12-09,no_order_required,0,101.9207,297.4207,7,Inventory-position-based recommendation from Day 13.
20973,12 PENCIL SMALL TUBE WOODLAND,14.5709,2011-11-26,2011-12-09,reorder_now,1211,480.7370,1227.7370,14,Inventory-position-based recommendation from Day 13.
20974,12 PENCILS SMALL TUBE SKULL,0.7310,2011-11-26,2011-12-09,reorder_now,44,30.2706,42.7706,7,Inventory-position-based recommendation from Day 13.
20975,12 PENCILS SMALL TUBE RED RETROSPOT,12.8208,2011-11-26,2011-12-09,reorder_now,364,111.8149,278.4220,5,Inventory-position-based recommendation from Day 13.
20976,UNKNOWN,0.0875,2011-11-26,2011-12-09,no_order_required,0,0.0000,0.0000,3,Inventory-position-based recommendation from Day 13.
20977,36 PENCILS TUBE WOODLAND,0.1069,2011-11-26,2011-12-09,no_order_required,0,0.0000,0.0000,3,Inventory-position-based recommendation from Day 13.
20978,36 PENCILS TUBE SKULLS,5.9310,2011-11-26,2011-12-09,reorder_now,75,32.1411,62.9982,3,Inventory-position-based recommendation from Day 13.
20979,36 PENCILS TUBE RED RETROSPOT,6.6856,2011-11-26,2011-12-09,reorder_now,89,52.3659,112.7231,5,Inventory-position-based recommendation from Day 13.
20980,36 PENCILS TUBE POSY,0.0875,2011-11-26,2011-12-09,no_order_required,0,0.0000,0.0000,3,Inventory-position-based recommendation from Day 13.
20981,12 PENCILS TALL TUBE WOODLAND,5.6573,2011-11-26,2011-12-09,reorder_now,130,45.3946,79.0375,3,Inventory-position-based recommendation from Day 13.
20982,12 PENCILS TALL TUBE SKULLS,9.1454,2011-11-26,2011-12-09,reorder_now,208,92.7073,231.2073,7,Inventory-position-based recommendation from Day 13.
20983,12 PENCILS TALL TUBE RED RETROSPOT,7.8243,2011-11-26,2011-12-09,reorder_now,449,137.0222,389.5222,14,Inventory-position-based recommendation from Day 13.
20984,12 PENCILS TALL TUBE POSY,0.0875,2011-11-26,2011-12-09,no_order_required,0,0.0000,0.0000,5,Inventory-position-based recommendation from Day 13.
20985,HEART CALCULATOR,1.4425,2011-11-26,2011-12-09,reorder_now,43,18.5209,43.5209,10,Inventory-position-based recommendation from Day 13.
20986,BLUE CALCULATOR RULER,1.7621,2011-11-26,2011-12-09,reorder_now,45,19.2808,30.2094,3,Inventory-position-based recommendation from Day 13.
20989,UNKNOWN,0.0875,2011-11-26,2011-12-09,no_order_required,0,0.0000,0.0000,14,Inventory-position-based recommendation from Day 13.
20990,SPRING FLOWER CHOPSTICKS SET/5,0.0875,2011-11-26,2011-12-09,no_order_required,0,0.0000,0.0000,10,Inventory-position-based recommendation from Day 13.
20992,JAZZ HEARTS PURSE NOTEBOOK,11.4490,2011-11-26,2011-12-09,reorder_now,428,154.1915,313.2986,5,Inventory-position-based recommendation from Day 13.
20996,JAZZ HEARTS ADDRESS BOOK,6.3889,2011-11-26,2011-12-09,reorder_now,299,91.6368,220.8868,7,Inventory-position-based recommendation from Day 13.
20997,ROSE DU SUD CUSHION COVER,0.2650,2011-11-26,2011-12-09,no_order_required,0,2.8538,6.4252,10,Inventory-position-based recommendation from Day 13.
20998,ROSE DU SUD OVEN GLOVE,0.0875,2011-11-26,2011-12-09,no_order_required,0,0.0000,0.0000,5,Inventory-position-based recommendation from Day 13.
21000,ROSE DU SUD COSMETICS BAG,0.2940,2011-11-26,2011-12-09,reorder_now,9,4.1414,9.6414,14,Inventory-position-based recommendation from Day 13.
21001,ROSE DU SUD WASHBAG,0.2110,2011-11-26,2011-12-09,reorder_now,3,1.3951,2.0380,3,Inventory-position-based recommendation from Day 13.
21002,ROSE DU SUD DRAWSTRING BAG,0.0875,2011-11-26,2011-12-09,no_order_required,0,0.0000,0.0000,7,Inventory-position-based recommendation from Day 13.
21003,ROSE DU SUD CUSHION COVER,0.2860,2011-11-26,2011-12-09,reorder_now,9,4.3328,7.1899,5,Inventory-position-based recommendation from Day 13.
21004,ROSE DU SUD CHILDRENS APRON,0.0875,2011-11-26,2011-12-09,no_order_required,0,0.0000,0.0000,10,Inventory-position-based recommendation from Day 13.
21007,UNKNOWN,0.0875,2011-11-26,2011-12-09,no_order_required,0,0.0000,0.0000,10,Inventory-position-based recommendation from Day 13.
21009,UNKNOWN,0.0875,2011-11-26,2011-12-09,no_order_required,0,0.0000,0.0000,5,Inventory-position-based recommendation from Day 13.
21010,UNKNOWN,0.0875,2011-11-26,2011-12-09,no_order_required,0,0.0000,0.0000,10,Inventory-position-based recommendation from Day 13.
21011,GLITTER SNOW PEAR TREE DECORATION,0.0875,2011-11-26,2011-12-09,no_order_required,0,0.0000,0.0000,3,Inventory-position-based recommendation from Day 13.
21012,ANTIQUE ALL GLASS CANDLESTICK,2.8582,2011-11-26,2011-12-09,reorder_now,205,84.5166,178.0880,10,Inventory-position-based recommendation from Day 13.
21014,SWISS CHALET TREE DECORATION,1.9858,2011-11-26,2011-12-09,reorder_now,40,33.2866,59.3580,10,Inventory-position-based recommendation from Day 13.
21015,DARK BIRD HOUSE TREE DECORATION,9.1364,2011-11-26,2011-12-09,reorder_now,268,136.6550,411.1550,14,Inventory-position-based recommendation from Day 13.
21016,LIGHT BIRD HOUSE TREE DECORATION,0.0875,2011-11-26,2011-12-09,no_order_required,0,0.0000,0.0000,5,Inventory-position-based recommendation from Day 13.
21017,RED BIRD HOUSE TREE DECORATION,0.0875,2011-11-26,2011-12-09,no_order_required,0,0.0000,0.0000,14,Inventory-position-based recommendation from Day 13.
21018,BIRD BOX CHRISTMAS TREE DECORATION,0.0875,2011-11-26,2011-12-09,no_order_required,0,0.0000,0.0000,7,Inventory-position-based recommendation from Day 13.
21025,SPACE FROG,0.5080,2011-11-26,2011-12-09,reorder_now,8,3.3500,5.7071,3,Inventory-position-based recommendation from Day 13.
21026,SPACE OWL,0.9768,2011-11-26,2011-12-09,reorder_now,47,23.0681,45.2109,10,Inventory-position-based recommendation from Day 13.
21027,NINJA RABBIT PINK,0.1360,2011-11-26,2011-12-09,reorder_now,3,2.7302,3.4445,5,Inventory-position-based recommendation from Day 13.
21028,NINJA RABBIT BLACK,0.3217,2011-11-26,2011-12-09,reorder_now,5,2.4652,4.0723,3,Inventory-position-based recommendation from Day 13.
21030,SPACE CADET RED,0.2126,2011-11-26,2011-12-09,reorder_now,14,8.4945,12.7445,7,Inventory-position-based recommendation from Day 13.
21031,SPACE CADET BLACK,0.1244,2011-11-26,2011-12-09,reorder_now,10,6.8255,8.6112,5,Inventory-position-based recommendation from Day 13.
21032,SPACE CADET WHITE,0.2550,2011-11-26,2011-12-09,reorder_now,9,5.2988,6.5845,3,Inventory-position-based recommendation from Day 13.
21033,JUMBO BAG CHARLIE AND LOLA TOYS,0.0875,2011-11-26,2011-12-09,no_order_required,0,0.0000,0.0000,10,Inventory-position-based recommendation from Day 13.
21034,REX CASH+CARRY JUMBO SHOPPER,8.7490,2011-11-26,2011-12-09,reorder_now,139,39.6974,116.1974,7,Inventory-position-based recommendation from Day 13.
21035,SET/2 RED RETROSPOT TEA TOWELS,2.2808,2011-11-26,2011-12-09,reorder_now,227,121.6753,231.1753,14,Inventory-position-based recommendation from Day 13.
21038,SET/4 MODERN VINTAGE COTTON NAPKINS,0.0875,2011-11-26,2011-12-09,no_order_required,0,0.0000,0.0000,5,Inventory-position-based recommendation from Day 13.
21039,RED RETROSPOT SHOPPING BAG,0.4754,2011-11-26,2011-12-09,reorder_now,9,5.4405,7.9048,3,Inventory-position-based recommendation from Day 13.
21040,MODERN VINTAGE COTTON SHOPPING BAG,0.0875,2011-11-26,2011-12-09,no_order_required,0,0.0000,0.0000,10,Inventory-position-based recommendation from Day 13.
21041,RED RETROSPOT OVEN GLOVE DOUBLE,0.1370,2011-11-26,2011-12-09,reorder_now,2,0.7337,0.9480,3,Inventory-position-based recommendation from Day 13.
21042,RED RETROSPOT APRON,0.4905,2011-11-26,2011-12-09,no_order_required,0,4.0359,7.6073,5,Inventory-position-based recommendation from Day 13.
21043,APRON MODERN VINTAGE COTTON,0.0875,2011-11-26,2011-12-09,no_order_required,0,0.0000,0.0000,10,Inventory-position-based recommendation from Day 13.
21051,RIBBONS PURSE,0.5011,2011-11-26,2011-12-09,reorder_now,390,233.8204,331.6776,10,Inventory-position-based recommendation from Day 13.
21054,UNKNOWN,0.1114,2011-11-26,2011-12-09,reorder_now,4,1.6532,2.0818,3,Inventory-position-based recommendation from Day 13.
21055,TOOL BOX SOFT TOY,0.6131,2011-11-26,2011-12-09,reorder_now,19,9.6588,24.1588,14,Inventory-position-based recommendation from Day 13.
21056,DOCTOR'S BAG SOFT TOY,0.7279,2011-11-26,2011-12-09,reorder_now,15,8.6097,20.7525,10,Inventory-position-based recommendation from Day 13.
21058,PARTY INVITES WOODLAND,0.4087,2011-11-26,2011-12-09,reorder_now,26,14.4970,22.9970,7,Inventory-position-based recommendation from Day 13.
21059,PARTY INVITES DINOSAURS,0.4134,2011-11-26,2011-12-09,reorder_now,18,11.5684,18.0684,7,Inventory-position-based recommendation from Day 13.
21060,PARTY INVITES BALLOON GIRL,0.3572,2011-11-26,2011-12-09,reorder_now,12,8.7843,12.3557,5,Inventory-position-based recommendation from Day 13.
21061,PARTY INVITES FOOTBALL,0.4949,2011-11-26,2011-12-09,reorder_now,41,25.2180,43.7180,14,Inventory-position-based recommendation from Day 13.
21062,PARTY INVITES SPACEMAN,0.4499,2011-11-26,2011-12-09,reorder_now,32,16.2915,27.3629,10,Inventory-position-based recommendation from Day 13.
21063,PARTY INVITES JAZZ HEARTS,0.5226,2011-11-26,2011-12-09,reorder_now,27,16.6072,28.0358,10,Inventory-position-based recommendation from Day 13.
21064,BOOM BOX SPEAKER BOYS,1.6870,2011-11-26,2011-12-09,reorder_now,52,23.5662,38.3520,3,Inventory-position-based recommendation from Day 13.
21065,BOOM BOX SPEAKER GIRLS,0.9966,2011-11-26,2011-12-09,reorder_now,24,8.1091,17.2163,5,Inventory-position-based recommendation from Day 13.
21066,VINTAGE RED MUG,0.3471,2011-11-26,2011-12-09,reorder_now,4,3.3007,5.5507,7,Inventory-position-based recommendation from Day 13.
21067,UNKNOWN,0.0875,2011-11-26,2011-12-09,no_order_required,0,0.0000,0.0000,7,Inventory-position-based recommendation from Day 13.
21068,VINTAGE BILLBOARD LOVE/HATE MUG,2.1466,2011-11-26,2011-12-09,reorder_now,128,79.8868,147.7440,10,Inventory-position-based recommendation from Day 13.
21069,VINTAGE BILLBOARD TEA MUG,0.0875,2011-11-26,2011-12-09,no_order_required,0,0.0000,0.0000,7,Inventory-position-based recommendation from Day 13.
21070,VINTAGE BILLBOARD MUG,0.8984,2011-11-26,2011-12-09,reorder_now,63,37.5149,60.0149,7,Inventory-position-based recommendation from Day 13.
21071,UNKNOWN,0.0891,2011-11-26,2011-12-09,no_order_required,0,0.0000,0.0000,5,Inventory-position-based recommendation from Day 13.
21076,SET/20 COLLAGE PAPER NAPKIN,0.0875,2011-11-26,2011-12-09,no_order_required,0,0.0000,0.0000,7,Inventory-position-based recommendation from Day 13.
21077,SET/20 WOODLAND PAPER NAPKINS,0.0875,2011-11-26,2011-12-09,no_order_required,0,0.0000,0.0000,3,Inventory-position-based recommendation from Day 13.
21078,SET/20 STRAWBERRY PAPER NAPKINS,0.0875,2011-11-26,2011-12-09,no_order_required,0,0.0000,0.0000,5,Inventory-position-based recommendation from Day 13.
21080,SET/20 RED RETROSPOT PAPER NAPKINS,11.5387,2011-11-26,2011-12-09,reorder_now,369,197.4534,422.4534,7,Inventory-position-based recommendation from Day 13.
21082,SET/20 FRUIT SALAD PAPER NAPKINS,0.0875,2011-11-26,2011-12-09,no_order_required,0,0.0000,0.0000,10,Inventory-position-based recommendation from Day 13.
21084,SET/6 COLLAGE PAPER CUPS,1.1809,2011-11-26,2011-12-09,reorder_now,77,41.5058,69.2558,7,Inventory-position-based recommendation from Day 13.
21085,SET/6 WOODLAND PAPER CUPS,0.0875,2011-11-26,2011-12-09,no_order_required,0,0.0000,0.0000,7,Inventory-position-based recommendation from Day 13.
21086,SET/6 RED SPOTTY PAPER CUPS,4.3491,2011-11-26,2011-12-09,reorder_now,88,83.6623,198.1623,14,Inventory-position-based recommendation from Day 13.
21087,SET/6 POSIES PAPER CUPS,0.0875,2011-11-26,2011-12-09,no_order_required,0,0.0000,0.0000,7,Inventory-position-based recommendation from Day 13.
21088,SET/6 FRUIT SALAD PAPER CUPS,0.4429,2011-11-26,2011-12-09,reorder_now,57,27.6547,42.4761,5,Inventory-position-based recommendation from Day 13.
21089,SET/6 GREEN SPRING PAPER CUPS,0.0875,2011-11-26,2011-12-09,no_order_required,0,0.0000,0.0000,10,Inventory-position-based recommendation from Day 13.
21090,SET/6 COLLAGE PAPER PLATES,1.0042,2011-11-26,2011-12-09,reorder_now,20,8.2127,13.8913,3,Inventory-position-based recommendation from Day 13.
21091,SET/6 WOODLAND PAPER PLATES,0.0875,2011-11-26,2011-12-09,no_order_required,0,0.0000,0.0000,7,Inventory-position-based recommendation from Day 13.
21094,SET/6 RED SPOTTY PAPER PLATES,4.8125,2011-11-26,2011-12-09,reorder_now,104,50.6301,114.1301,7,Inventory-position-based recommendation from Day 13.
21095,UNKNOWN,0.0875,2011-11-26,2011-12-09,no_order_required,0,0.0000,0.0000,14,Inventory-position-based recommendation from Day 13.
21096,SET/6 FRUIT SALAD PAPER PLATES,0.2478,2011-11-26,2011-12-09,reorder_now,21,10.6780,15.6780,5,Inventory-position-based recommendation from Day 13.
21098,CHRISTMAS TOILET ROLL,8.0229,2011-11-26,2011-12-09,reorder_now,178,41.3311,90.8311,3,Inventory-position-based recommendation from Day 13.
21099,SET/6 STRAWBERRY PAPER CUPS,0.0875,2011-11-26,2011-12-09,no_order_required,0,0.0000,0.0000,7,Inventory-position-based recommendation from Day 13.
21100,CHARLIE AND LOLA CHARLOTTE BAG,0.0875,2011-11-26,2011-12-09,no_order_required,0,0.0000,0.0000,3,Inventory-position-based recommendation from Day 13.
21106,CREAM SLICE FLANNEL CHOCOLATE SPOT,0.6470,2011-11-26,2011-12-09,reorder_now,37,18.2749,25.2392,3,Inventory-position-based recommendation from Day 13.
21107,CREAM SLICE FLANNEL PINK SPOT,1.4160,2011-11-26,2011-12-09,reorder_now,253,129.5171,169.3742,3,Inventory-position-based recommendation from Day 13.
21108,FAIRY CAKE FLANNEL ASSORTED COLOUR,13.1898,2011-11-26,2011-12-09,reorder_now,970,341.5326,875.8183,10,Inventory-position-based recommendation from Day 13.
21109,LARGE CAKE TOWEL CHOCOLATE SPOTS,1.3626,2011-11-26,2011-12-09,reorder_now,252,111.4316,187.9316,7,Inventory-position-based recommendation from Day 13.
21110,LARGE CAKE TOWEL PINK SPOTS,0.5117,2011-11-26,2011-12-09,reorder_now,64,37.6095,56.8952,10,Inventory-position-based recommendation from Day 13.
21111,"SWISS ROLL TOWEL, CHOCOLATE SPOTS",0.7791,2011-11-26,2011-12-09,reorder_now,158,64.1164,106.9735,5,Inventory-position-based recommendation from Day 13.
21112,SWISS ROLL TOWEL PINK SPOTS,0.3933,2011-11-26,2011-12-09,reorder_now,60,36.7620,48.0120,5,Inventory-position-based recommendation from Day 13.
21114,LAVENDER SCENTED FABRIC HEART,0.6223,2011-11-26,2011-12-09,reorder_now,26,17.1503,33.1503,14,Inventory-position-based recommendation from Day 13.
21115,ROSE CARAVAN DOORSTOP,1.3138,2011-11-26,2011-12-09,reorder_now,160,72.8960,168.3960,14,Inventory-position-based recommendation from Day 13.
21116,OWL DOORSTOP,2.4886,2011-11-26,2011-12-09,reorder_now,95,50.6692,83.6692,7,Inventory-position-based recommendation from Day 13.
21121,SET/10 RED POLKADOT PARTY CANDLES,3.6833,2011-11-26,2011-12-09,reorder_now,331,108.6043,254.6757,10,Inventory-position-based recommendation from Day 13.
21122,SET/10 PINK POLKADOT PARTY CANDLES,3.1241,2011-11-26,2011-12-09,reorder_now,261,112.8192,266.3192,14,Inventory-position-based recommendation from Day 13.
21123,SET/10 IVORY POLKADOT PARTY CANDLES,1.2744,2011-11-26,2011-12-09,reorder_now,61,31.4871,49.8800,5,Inventory-position-based recommendation from Day 13.
21124,SET/10 BLUE POLKADOT PARTY CANDLES,1.2015,2011-11-26,2011-12-09,reorder_now,106,46.6591,78.9091,7,Inventory-position-based recommendation from Day 13.
21125,SET 6 FOOTBALL CELEBRATION CANDLES,0.6234,2011-11-26,2011-12-09,reorder_now,19,6.5500,14.5500,7,Inventory-position-based recommendation from Day 13.
21126,SET OF 6 GIRLS CELEBRATION CANDLES,1.1268,2011-11-26,2011-12-09,reorder_now,23,11.8887,25.6387,7,Inventory-position-based recommendation from Day 13.
21127,COLOURFUL FISHING GNOME,0.0875,2011-11-26,2011-12-09,no_order_required,0,0.0000,0.0000,10,Inventory-position-based recommendation from Day 13.
21128,GOLD FISHING GNOME,0.1532,2011-11-26,2011-12-09,reorder_now,8,4.2625,5.4411,3,Inventory-position-based recommendation from Day 13.
21129,SILVER FISHING GNOME,0.2641,2011-11-26,2011-12-09,reorder_now,14,9.1898,14.1898,14,Inventory-position-based recommendation from Day 13.
21130,COLOURFUL STANDING GNOME,0.0875,2011-11-26,2011-12-09,no_order_required,0,0.0000,0.0000,10,Inventory-position-based recommendation from Day 13.
21131,GOLD STANDING GNOME,0.2360,2011-11-26,2011-12-09,reorder_now,45,27.9487,43.9487,14,Inventory-position-based recommendation from Day 13.
21132,SILVER STANDING GNOME,0.1347,2011-11-26,2011-12-09,reorder_now,5,2.6920,4.1920,7,Inventory-position-based recommendation from Day 13.
21134,UNKNOWN,0.0875,2011-11-26,2011-12-09,no_order_required,0,0.0000,0.0000,5,Inventory-position-based recommendation from Day 13.
21135,VICTORIAN METAL POSTCARD SPRING,3.5836,2011-11-26,2011-12-09,reorder_now,961,568.2658,815.0515,10,Inventory-position-based recommendation from Day 13.
21136,PAINTED METAL PEARS ASSORTED,7.7050,2011-11-26,2011-12-09,reorder_now,101,54.3449,119.5235,5,Inventory-position-based recommendation from Day 13.
21137,BLACK RECORD COVER FRAME,12.4390,2011-11-26,2011-12-09,reorder_now,2821,1295.1261,2561.1261,14,Inventory-position-based recommendation from Day 13.
21143,ANTIQUE GLASS HEART DECORATION,0.0875,2011-11-26,2011-12-09,no_order_required,0,0.0000,0.0000,3,Inventory-position-based recommendation from Day 13.
21144,PINK POODLE HANGING DECORATION,0.0875,2011-11-26,2011-12-09,no_order_required,0,0.0000,0.0000,7,Inventory-position-based recommendation from Day 13.
21145,UNKNOWN,0.1742,2011-11-26,2011-12-09,reorder_now,13,9.9745,14.6174,10,Inventory-position-based recommendation from Day 13.
21146,ANTIQUE GLASS RIDGED HANGING BALL,0.0875,2011-11-26,2011-12-09,no_order_required,0,0.0000,0.0000,10,Inventory-position-based recommendation from Day 13.
21147,JINGLE BELLS TREE DECORATION,1.3154,2011-11-26,2011-12-09,no_order_required,0,11.7466,25.7466,7,Inventory-position-based recommendation from Day 13.
21153,RED SPOTTY TABLECLOTH,0.0875,2011-11-26,2011-12-09,no_order_required,0,0.0000,0.0000,3,Inventory-position-based recommendation from Day 13.
21154,RED RETROSPOT OVEN GLOVE,8.6466,2011-11-26,2011-12-09,no_order_required,0,81.4241,290.9241,14,Inventory-position-based recommendation from Day 13.
21155,RED RETROSPOT PEG BAG,5.0226,2011-11-26,2011-12-09,no_order_required,0,24.1478,70.8978,7,Inventory-position-based recommendation from Day 13.
21156,RETROSPOT CHILDRENS APRON,7.1900,2011-11-26,2011-12-09,reorder_now,447,189.7970,483.2970,14,Inventory-position-based recommendation from Day 13.
21157,RED RETROSPOT WASHBAG,0.0875,2011-11-26,2011-12-09,no_order_required,0,0.0000,0.0000,10,Inventory-position-based recommendation from Day 13.
21158,MOODY GIRL DOOR HANGER,2.7434,2011-11-26,2011-12-09,reorder_now,88,52.1116,115.6830,10,Inventory-position-based recommendation from Day 13.
21159,MOODY BOY DOOR HANGER,1.7007,2011-11-26,2011-12-09,reorder_now,92,48.8066,101.3066,10,Inventory-position-based recommendation from Day 13.
21160,KEEP OUT GIRLS DOOR HANGER,0.0875,2011-11-26,2011-12-09,no_order_required,0,0.0000,0.0000,3,Inventory-position-based recommendation from Day 13.
21161,KEEP OUT BOYS DOOR HANGER,0.0875,2011-11-26,2011-12-09,no_order_required,0,0.0000,0.0000,10,Inventory-position-based recommendation from Day 13.
21162,TOXIC AREA DOOR HANGER,3.2133,2011-11-26,2011-12-09,reorder_now,112,51.0690,107.5690,7,Inventory-position-based recommendation from Day 13.
21163,DO NOT TOUCH MY STUFF DOOR HANGER,0.0875,2011-11-26,2011-12-09,no_order_required,0,0.0000,0.0000,7,Inventory-position-based recommendation from Day 13.
21164,HOME SWEET HOME METAL SIGN,1.7421,2011-11-26,2011-12-09,reorder_now,94,43.6136,104.1136,14,Inventory-position-based recommendation from Day 13.
21165,BEWARE OF THE CAT METAL SIGN,5.3050,2011-11-26,2011-12-09,reorder_now,288,138.6151,293.2580,10,Inventory-position-based recommendation from Day 13.
21166,COOK WITH WINE METAL SIGN,4.5332,2011-11-26,2011-12-09,reorder_now,1324,507.1603,947.1603,7,Inventory-position-based recommendation from Day 13.
21167,WHITE SAGE INCENSE,0.8441,2011-11-26,2011-12-09,reorder_now,371,184.0603,308.7032,10,Inventory-position-based recommendation from Day 13.
21169,YOU'RE CONFUSING ME METAL SIGN,8.7582,2011-11-26,2011-12-09,reorder_now,220,71.9646,135.8218,3,Inventory-position-based recommendation from Day 13.
21171,BATHROOM METAL SIGN,0.0875,2011-11-26,2011-12-09,no_order_required,0,0.0000,0.0000,5,Inventory-position-based recommendation from Day 13.
21172,PARTY METAL SIGN,6.5840,2011-11-26,2011-12-09,reorder_now,228,91.1873,164.0445,5,Inventory-position-based recommendation from Day 13.
21173,UNKNOWN,0.0875,2011-11-26,2011-12-09,no_order_required,0,0.0000,0.0000,14,Inventory-position-based recommendation from Day 13.
21174,POTTERING IN THE SHED METAL SIGN,3.8926,2011-11-26,2011-12-09,reorder_now,664,263.5809,540.0095,10,Inventory-position-based recommendation from Day 13.
21175,GIN AND TONIC DIET METAL SIGN,12.7454,2011-11-26,2011-12-09,reorder_now,639,246.7777,482.3134,5,Inventory-position-based recommendation from Day 13.
21179,NO JUNK MAIL METAL SIGN,0.0875,2011-11-26,2011-12-09,no_order_required,0,0.0000,0.0000,7,Inventory-position-based recommendation from Day 13.
21181,PLEASE ONE PERSON METAL SIGN,5.8054,2011-11-26,2011-12-09,reorder_now,1094,386.3192,726.6764,5,Inventory-position-based recommendation from Day 13.
21185,UNKNOWN,0.0875,2011-11-26,2011-12-09,no_order_required,0,0.0000,0.0000,5,Inventory-position-based recommendation from Day 13.
21186,WHITE DOVE HONEYCOMB PAPER GARLAND,0.0875,2011-11-26,2011-12-09,no_order_required,0,0.0000,0.0000,14,Inventory-position-based recommendation from Day 13.
21187,WHITE BELL HONEYCOMB PAPER GARLAND,0.0875,2011-11-26,2011-12-09,no_order_required,0,0.0000,0.0000,10,Inventory-position-based recommendation from Day 13.
21188,3D HEARTS HONEYCOMB PAPER GARLAND,0.0875,2011-11-26,2011-12-09,no_order_required,0,0.0000,0.0000,14,Inventory-position-based recommendation from Day 13.
21189,WHITE HONEYCOMB PAPER GARLAND,1.4169,2011-11-26,2011-12-09,reorder_now,69,23.9269,43.7483,5,Inventory-position-based recommendation from Day 13.
21190,PINK HEARTS PAPER GARLAND,0.1592,2011-11-26,2011-12-09,reorder_now,2,2.0477,2.5834,5,Inventory-position-based recommendation from Day 13.
21191,LARGE WHITE HONEYCOMB PAPER BELL,2.1772,2011-11-26,2011-12-09,reorder_now,72,32.6176,59.2248,5,Inventory-position-based recommendation from Day 13.
21192,WHITE BELL HONEYCOMB PAPER,0.2452,2011-11-26,2011-12-09,reorder_now,4,2.6219,3.4790,3,Inventory-position-based recommendation from Day 13.
21194,PINK HONEYCOMB PAPER FAN,0.5927,2011-11-26,2011-12-09,reorder_now,41,17.1736,25.7450,3,Inventory-position-based recommendation from Day 13.
21195,PINK HONEYCOMB PAPER BALL,0.0875,2011-11-26,2011-12-09,no_order_required,0,0.0000,0.0000,3,Inventory-position-based recommendation from Day 13.
21197,MULTICOLOUR CONFETTI IN TUBE,0.3759,2011-11-26,2011-12-09,reorder_now,89,48.2251,73.9394,10,Inventory-position-based recommendation from Day 13.
21198,WHITE HEART CONFETTI IN TUBE,0.3444,2011-11-26,2011-12-09,reorder_now,62,34.0707,47.1064,5,Inventory-position-based recommendation from Day 13.
21199,PINK HEART CONFETTI IN TUBE,0.2669,2011-11-26,2011-12-09,reorder_now,97,56.0148,86.0148,14,Inventory-position-based recommendation from Day 13.
21200,MULTICOLOUR HONEYCOMB PAPER GARLAND,0.2397,2011-11-26,2011-12-09,reorder_now,9,3.9196,5.4196,3,Inventory-position-based recommendation from Day 13.
21201,TROPICAL HONEYCOMB PAPER GARLAND,0.6039,2011-11-26,2011-12-09,reorder_now,60,27.2078,48.9935,10,Inventory-position-based recommendation from Day 13.
21202,DOLLY HONEYCOMB GARLAND,0.1345,2011-11-26,2011-12-09,reorder_now,18,11.5833,15.8690,10,Inventory-position-based recommendation from Day 13.
21203,BUTTERFLIES HONEYCOMB GARLAND,0.0875,2011-11-26,2011-12-09,no_order_required,0,0.0000,0.0000,3,Inventory-position-based recommendation from Day 13.
21204,DAISIES HONEYCOMB GARLAND,0.3349,2011-11-26,2011-12-09,reorder_now,30,18.9324,33.4324,14,Inventory-position-based recommendation from Day 13.
21205,MULTICOLOUR 3D BALLS GARLAND,0.1792,2011-11-26,2011-12-09,reorder_now,9,6.3477,7.8477,3,Inventory-position-based recommendation from Day 13.
21206,STRAWBERRY HONEYCOMB GARLAND,0.1717,2011-11-26,2011-12-09,reorder_now,3,3.9451,5.7308,10,Inventory-position-based recommendation from Day 13.
21207,SKULL AND CROSSBONES GARLAND,0.5084,2011-11-26,2011-12-09,reorder_now,14,10.1348,16.6348,7,Inventory-position-based recommendation from Day 13.
21208,PASTEL COLOUR HONEYCOMB FAN,0.9494,2011-11-26,2011-12-09,reorder_now,70,36.9387,73.7245,10,Inventory-position-based recommendation from Day 13.
21209,MULTICOLOUR HONEYCOMB FAN,0.7054,2011-11-26,2011-12-09,reorder_now,55,21.6046,37.4974,5,Inventory-position-based recommendation from Day 13.
21210,SET OF 72 RETROSPOT PAPER DOILIES,8.3045,2011-11-26,2011-12-09,reorder_now,571,213.3915,466.2487,10,Inventory-position-based recommendation from Day 13.
21211,SET OF 72 SKULL PAPER DOILIES,0.4143,2011-11-26,2011-12-09,reorder_now,15,7.9305,11.0377,3,Inventory-position-based recommendation from Day 13.
21212,PACK OF 72 RETROSPOT CAKE CASES,16.0058,2011-11-26,2011-12-09,reorder_now,1120,328.6204,1242.6204,14,Inventory-position-based recommendation from Day 13.
21213,PACK OF 72 SKULL CAKE CASES,8.9967,2011-11-26,2011-12-09,reorder_now,244,92.1251,191.5894,5,Inventory-position-based recommendation from Day 13.
21214,UNKNOWN,0.0875,2011-11-26,2011-12-09,no_order_required,0,0.0000,0.0000,7,Inventory-position-based recommendation from Day 13.
21215,IVORY PAPER CUP CAKE CASES,0.2755,2011-11-26,2011-12-09,reorder_now,28,16.3618,22.2546,5,Inventory-position-based recommendation from Day 13.
21216,"SET 3 RETROSPOT TEA,COFFEE,SUGAR",2.7858,2011-11-26,2011-12-09,reorder_now,63,38.6516,82.1516,7,Inventory-position-based recommendation from Day 13.
21217,RED RETROSPOT ROUND CAKE TINS,2.0553,2011-11-26,2011-12-09,reorder_now,64,25.8696,52.8696,7,Inventory-position-based recommendation from Day 13.
21218,RED SPOTTY BISCUIT TIN,4.4053,2011-11-26,2011-12-09,reorder_now,94,36.7369,62.8797,3,Inventory-position-based recommendation from Day 13.
21219,SET/4 BADGES BALLOON GIRL,0.5968,2011-11-26,2011-12-09,reorder_now,26,16.3000,30.9428,10,Inventory-position-based recommendation from Day 13.
21220,SET/4 BADGES DOGS,0.6714,2011-11-26,2011-12-09,reorder_now,21,8.3873,13.2088,3,Inventory-position-based recommendation from Day 13.
21221,SET/4 BADGES CUTE CREATURES,0.2413,2011-11-26,2011-12-09,reorder_now,7,4.7811,6.0668,3,Inventory-position-based recommendation from Day 13.
21222,SET/4 BADGES BEETLES,0.3611,2011-11-26,2011-12-09,reorder_now,10,5.9793,14.9793,14,Inventory-position-based recommendation from Day 13.
21223,SET/4 BADGES WOODLAND ANIMAL,0.0875,2011-11-26,2011-12-09,no_order_required,0,0.0000,0.0000,14,Inventory-position-based recommendation from Day 13.
21224,SET/4 SKULL BADGES,1.5022,2011-11-26,2011-12-09,reorder_now,37,14.0005,27.5719,5,Inventory-position-based recommendation from Day 13.
21226,POCKET MIRROR WOODLAND,0.1945,2011-11-26,2011-12-09,reorder_now,6,5.7821,8.7821,14,Inventory-position-based recommendation from Day 13.
21231,SWEETHEART CERAMIC TRINKET BOX,10.5943,2011-11-26,2011-12-09,reorder_now,310,150.6474,385.2903,10,Inventory-position-based recommendation from Day 13.
21232,STRAWBERRY CERAMIC TRINKET POT,12.4056,2011-11-26,2011-12-09,reorder_now,1547,584.3242,1209.3242,10,Inventory-position-based recommendation from Day 13.
21238,RED RETROSPOT CUP,4.1838,2011-11-26,2011-12-09,reorder_now,86,37.2862,92.2862,7,Inventory-position-based recommendation from Day 13.
21239,PINK POLKADOT CUP,1.9630,2011-11-26,2011-12-09,reorder_now,69,28.4048,60.4048,7,Inventory-position-based recommendation from Day 13.
21240,BLUE POLKADOT CUP,1.5828,2011-11-26,2011-12-09,reorder_now,28,13.8599,23.1813,3,Inventory-position-based recommendation from Day 13.
21241,GREEN POLKADOT CUP,0.0875,2011-11-26,2011-12-09,no_order_required,0,0.0000,0.0000,3,Inventory-position-based recommendation from Day 13.
21242,RED RETROSPOT PLATE,2.2201,2011-11-26,2011-12-09,reorder_now,234,108.7618,184.2618,7,Inventory-position-based recommendation from Day 13.
21243,PINK POLKADOT PLATE,1.7213,2011-11-26,2011-12-09,reorder_now,192,94.5495,161.6924,10,Inventory-position-based recommendation from Day 13.
21244,BLUE POLKADOT PLATE,0.1565,2011-11-26,2011-12-09,reorder_now,3,2.4784,3.5499,5,Inventory-position-based recommendation from Day 13.
21245,GREEN POLKADOT PLATE,0.5461,2011-11-26,2011-12-09,reorder_now,114,65.8780,88.0209,5,Inventory-position-based recommendation from Day 13.
21246,RED RETROSPOT BIG BOWL,0.0875,2011-11-26,2011-12-09,no_order_required,0,0.0000,0.0000,7,Inventory-position-based recommendation from Day 13.
21247,SET OF RED SALAD SERVERS,0.0875,2011-11-26,2011-12-09,no_order_required,0,0.0000,0.0000,10,Inventory-position-based recommendation from Day 13.
21248,DOOR HANGER MUM + DADS ROOM,0.5675,2011-11-26,2011-12-09,reorder_now,42,18.3825,35.5254,10,Inventory-position-based recommendation from Day 13.
21249,WOODLAND HEIGHT CHART STICKERS,0.5824,2011-11-26,2011-12-09,reorder_now,19,9.3670,13.5456,3,Inventory-position-based recommendation from Day 13.
21250,SET OF SKULL WALL STICKERS,0.1723,2011-11-26,2011-12-09,reorder_now,20,13.5087,19.2230,10,Inventory-position-based recommendation from Day 13.
21251,DINOSAUR HEIGHT CHART STICKER SET,0.2753,2011-11-26,2011-12-09,reorder_now,8,6.1654,8.1297,5,Inventory-position-based recommendation from Day 13.
21253,SET OF PICTURE FRAME STICKERS,0.1861,2011-11-26,2011-12-09,reorder_now,6,2.5471,4.6900,10,Inventory-position-based recommendation from Day 13.
21255,UNKNOWN,0.0875,2011-11-26,2011-12-09,no_order_required,0,0.0000,0.0000,10,Inventory-position-based recommendation from Day 13.
21256,UNKNOWN,0.0875,2011-11-26,2011-12-09,no_order_required,0,0.0000,0.0000,7,Inventory-position-based recommendation from Day 13.
21257,VICTORIAN SEWING BOX MEDIUM,2.7671,2011-11-26,2011-12-09,no_order_required,0,26.1635,72.5921,10,Inventory-position-based recommendation from Day 13.
21258,VICTORIAN SEWING BOX LARGE,1.4639,2011-11-26,2011-12-09,reorder_now,39,17.1672,28.8458,3,Inventory-position-based recommendation from Day 13.
21259,VICTORIAN SEWING BOX SMALL,2.2658,2011-11-26,2011-12-09,reorder_now,103,38.0106,85.5106,10,Inventory-position-based recommendation from Day 13.
21260,FIRST AID TIN,0.7792,2011-11-26,2011-12-09,reorder_now,17,7.6357,14.6000,5,Inventory-position-based recommendation from Day 13.
21261,GREEN GOOSE FEATHER CHRISTMAS TREE,0.2523,2011-11-26,2011-12-09,reorder_now,5,4.2479,6.9979,7,Inventory-position-based recommendation from Day 13.
21262,WHITE GOOSE FEATHER CHRISTMAS TREE,1.0507,2011-11-26,2011-12-09,reorder_now,19,9.6670,18.9528,5,Inventory-position-based recommendation from Day 13.
21263,GREEN GOOSE FEATHER TREE 60CM,0.6810,2011-11-26,2011-12-09,reorder_now,38,20.0141,43.5141,14,Inventory-position-based recommendation from Day 13.
21264,WHITE GOOSE FEATHER TREE 60CM,1.1909,2011-11-26,2011-12-09,reorder_now,19,24.2222,56.2222,14,Inventory-position-based recommendation from Day 13.
21268,VINTAGE BLUE TINSEL REEL,0.0875,2011-11-26,2011-12-09,no_order_required,0,0.0000,0.0000,3,Inventory-position-based recommendation from Day 13.
21269,ANTIQUE CREAM CUTLERY SHELF,0.1084,2011-11-26,2011-12-09,no_order_required,0,0.6826,0.8611,5,Inventory-position-based recommendation from Day 13.
21270,ANTIQUE CREAM CUTLERY CUPBOARD,0.1320,2011-11-26,2011-12-09,no_order_required,0,0.7337,0.9480,3,Inventory-position-based recommendation from Day 13.
21272,UNKNOWN,0.0875,2011-11-26,2011-12-09,no_order_required,0,0.0000,0.0000,5,Inventory-position-based recommendation from Day 13.
21274,EMBOSSED HEART 3 DRAWER SHELF,0.0875,2011-11-26,2011-12-09,no_order_required,0,0.0000,0.0000,7,Inventory-position-based recommendation from Day 13.
21275,ZINC TOP 2 DOOR WOODEN SHELF,0.0914,2011-11-26,2011-12-09,no_order_required,0,0.0000,0.0000,5,Inventory-position-based recommendation from Day 13.
21277,FRENCH STYLE EMBOSSED HEART CABINET,0.1500,2011-11-26,2011-12-09,reorder_now,2,2.1343,2.8486,5,Inventory-position-based recommendation from Day 13.
21278,VINTAGE KITCHEN PRINT PUDDINGS,0.0875,2011-11-26,2011-12-09,no_order_required,0,0.0000,0.0000,3,Inventory-position-based recommendation from Day 13.
21279,VINTAGE KITCHEN PRINT FRUITS,0.1057,2011-11-26,2011-12-09,no_order_required,0,0.5287,0.6358,3,Inventory-position-based recommendation from Day 13.
21280,VINTAGE KITCHEN PRINT VEGETABLES,0.0982,2011-11-26,2011-12-09,no_order_required,0,0.0000,0.0000,10,Inventory-position-based recommendation from Day 13.
21281,VINTAGE KITCHEN PRINT SEAFOOD,0.0947,2011-11-26,2011-12-09,no_order_required,0,0.0000,0.0000,10,Inventory-position-based recommendation from Day 13.
21282,NATURAL BARK CANDLE LARGE,0.0875,2011-11-26,2011-12-09,no_order_required,0,0.0000,0.0000,14,Inventory-position-based recommendation from Day 13.
21283,NATURAL BARK CANDLE SMALL,0.0875,2011-11-26,2011-12-09,no_order_required,0,0.0000,0.0000,10,Inventory-position-based recommendation from Day 13.
21284,RETROSPOT CANDLE SMALL,0.8124,2011-11-26,2011-12-09,reorder_now,105,43.2192,62.0764,3,Inventory-position-based recommendation from Day 13.
21285,RETROSPOT CANDLE MEDIUM,0.8640,2011-11-26,2011-12-09,reorder_now,255,107.3143,200.8858,10,Inventory-position-based recommendation from Day 13.
21286,RETROSPOT CANDLE LARGE,0.6727,2011-11-26,2011-12-09,reorder_now,145,66.0375,107.0375,7,Inventory-position-based recommendation from Day 13.
21287,SCENTED VELVET LOUNGE CANDLE,3.8268,2011-11-26,2011-12-09,reorder_now,248,121.5517,187.8017,5,Inventory-position-based recommendation from Day 13.
21288,STRIPEY CHOCOLATE NESTING BOXES,0.6076,2011-11-26,2011-12-09,no_order_required,0,6.8492,19.3492,14,Inventory-position-based recommendation from Day 13.
21289,LARGE STRIPES CHOCOLATE GIFT BAG,0.2252,2011-11-26,2011-12-09,reorder_now,24,13.1772,18.6772,7,Inventory-position-based recommendation from Day 13.
21291,SMALL POLKADOT CHOCOLATE GIFT BAG,0.5994,2011-11-26,2011-12-09,reorder_now,87,45.1340,86.1340,14,Inventory-position-based recommendation from Day 13.
21292,SMALL STRIPES CHOCOLATE GIFT BAG,0.5572,2011-11-26,2011-12-09,reorder_now,126,66.8267,92.5410,5,Inventory-position-based recommendation from Day 13.
21293,MIRRORED DOVE WALL DECORATION,0.3659,2011-11-26,2011-12-09,reorder_now,12,8.1416,15.1416,14,Inventory-position-based recommendation from Day 13.
21294,ETCHED GLASS COASTER,0.0875,2011-11-26,2011-12-09,no_order_required,0,0.0000,0.0000,10,Inventory-position-based recommendation from Day 13.
21306,SET/4 DAISY MIRROR MAGNETS,0.8663,2011-11-26,2011-12-09,reorder_now,44,20.9079,29.9079,3,Inventory-position-based recommendation from Day 13.
21307,SET/4 BUTTERFLY MIRROR MAGNETS,0.0875,2011-11-26,2011-12-09,no_order_required,0,0.0000,0.0000,5,Inventory-position-based recommendation from Day 13.
21311,SET/4 BIRD MIRROR MAGNETS,0.4095,2011-11-26,2011-12-09,reorder_now,42,25.8664,42.2950,10,Inventory-position-based recommendation from Day 13.
21313,GLASS HEART T-LIGHT HOLDER,1.8933,2011-11-26,2011-12-09,reorder_now,234,123.7197,249.2197,14,Inventory-position-based recommendation from Day 13.
21314,SMALL GLASS HEART TRINKET POT,7.8912,2011-11-26,2011-12-09,reorder_now,176,61.8361,118.5147,3,Inventory-position-based recommendation from Day 13.
21316,SMALL CHUNKY GLASS ROMAN BOWL,0.0875,2011-11-26,2011-12-09,no_order_required,0,0.0000,0.0000,7,Inventory-position-based recommendation from Day 13.
21317,GLASS SPHERE CANDLE STAND MEDIUM,0.6597,2011-11-26,2011-12-09,reorder_now,15,7.9284,13.8212,5,Inventory-position-based recommendation from Day 13.
21318,GLASS CHALICE BLUE SMALL,0.0875,2011-11-26,2011-12-09,no_order_required,0,0.0000,0.0000,5,Inventory-position-based recommendation from Day 13.
21319,adjustment,0.0875,2011-11-26,2011-12-09,no_order_required,0,0.0000,0.0000,10,Inventory-position-based recommendation from Day 13.
21320,GLASS CHALICE GREEN LARGE,0.0875,2011-11-26,2011-12-09,no_order_required,0,0.0000,0.0000,3,Inventory-position-based recommendation from Day 13.
21323,UNKNOWN,0.0875,2011-11-26,2011-12-09,no_order_required,0,0.0000,0.0000,3,Inventory-position-based recommendation from Day 13.
21324,UNKNOWN,0.0875,2011-11-26,2011-12-09,no_order_required,0,0.0000,0.0000,3,Inventory-position-based recommendation from Day 13.
21326,AGED GLASS SILVER T-LIGHT HOLDER,13.1186,2011-11-26,2011-12-09,reorder_now,730,188.2876,433.6447,5,Inventory-position-based recommendation from Day 13.
21327,SKULLS WRITING SET,3.4380,2011-11-26,2011-12-09,reorder_now,92,28.3673,68.3673,7,Inventory-position-based recommendation from Day 13.
21328,BALLOONS WRITING SET,4.8061,2011-11-26,2011-12-09,reorder_now,52,18.4982,37.5696,3,Inventory-position-based recommendation from Day 13.
21329,DINOSAURS WRITING SET,3.9338,2011-11-26,2011-12-09,reorder_now,137,57.2332,137.2332,10,Inventory-position-based recommendation from Day 13.
21330,WOODLAND ANIMAL WRITING SET,0.0875,2011-11-26,2011-12-09,no_order_required,0,0.0000,0.0000,10,Inventory-position-based recommendation from Day 13.
21332,MOROCCAN BEATEN METAL MIRROR,0.0875,2011-11-26,2011-12-09,no_order_required,0,0.0000,0.0000,5,Inventory-position-based recommendation from Day 13.
21333,CLASSIC WHITE FRAME,0.0875,2011-11-26,2011-12-09,no_order_required,0,0.0000,0.0000,14,Inventory-position-based recommendation from Day 13.
21336,GOLD WASHBAG,0.0875,2011-11-26,2011-12-09,no_order_required,0,0.0000,0.0000,14,Inventory-position-based recommendation from Day 13.
21340,CLASSIC METAL BIRDCAGE PLANT HOLDER,1.2895,2011-11-26,2011-12-09,reorder_now,34,11.1771,18.7843,3,Inventory-position-based recommendation from Day 13.
21348,UNKNOWN,0.0875,2011-11-26,2011-12-09,no_order_required,0,0.0000,0.0000,5,Inventory-position-based recommendation from Day 13.
21349,check,0.0896,2011-11-26,2011-12-09,no_order_required,0,0.0000,0.0000,10,Inventory-position-based recommendation from Day 13.
21350,UNKNOWN,0.0875,2011-11-26,2011-12-09,no_order_required,0,0.0000,0.0000,10,Inventory-position-based recommendation from Day 13.
21351,CINAMMON & ORANGE WREATH,0.5096,2011-11-26,2011-12-09,reorder_now,14,6.4064,12.6564,7,Inventory-position-based recommendation from Day 13.
21352,EUCALYPTUS & PINECONE WREATH,0.1068,2011-11-26,2011-12-09,no_order_required,0,0.9653,1.3224,10,Inventory-position-based recommendation from Day 13.
21354,TOAST ITS - BEST MUM,0.5052,2011-11-26,2011-12-09,reorder_now,134,72.7288,117.2288,14,Inventory-position-based recommendation from Day 13.
21355,TOAST ITS - I LOVE YOU,0.2022,2011-11-26,2011-12-09,reorder_now,3,2.3622,3.1122,3,Inventory-position-based recommendation from Day 13.
21356,TOAST ITS - FAIRY FLOWER,3.5081,2011-11-26,2011-12-09,reorder_now,97,45.1164,134.6164,14,Inventory-position-based recommendation from Day 13.
21357,UNKNOWN,0.0875,2011-11-26,2011-12-09,no_order_required,0,0.0000,0.0000,3,Inventory-position-based recommendation from Day 13.
21358,TOAST ITS - HAPPY BIRTHDAY,0.6951,2011-11-26,2011-12-09,reorder_now,19,6.6566,15.9423,10,Inventory-position-based recommendation from Day 13.
21359,UNKNOWN,0.0875,2011-11-26,2011-12-09,no_order_required,0,0.0000,0.0000,14,Inventory-position-based recommendation from Day 13.
21360,JOY LARGE WOOD LETTERS,0.0875,2011-11-26,2011-12-09,no_order_required,0,0.0000,0.0000,7,Inventory-position-based recommendation from Day 13.
21361,LOVE LARGE WOOD LETTERS,0.0875,2011-11-26,2011-12-09,no_order_required,0,0.0000,0.0000,7,Inventory-position-based recommendation from Day 13.
21363,HOME SMALL WOOD LETTERS,0.0875,2011-11-26,2011-12-09,no_order_required,0,0.0000,0.0000,3,Inventory-position-based recommendation from Day 13.
21364,PEACE SMALL WOOD LETTERS,0.0875,2011-11-26,2011-12-09,no_order_required,0,0.0000,0.0000,14,Inventory-position-based recommendation from Day 13.
21365,MIRRORED WALL ART STARS,0.5980,2011-11-26,2011-12-09,reorder_now,51,22.8230,39.0730,7,Inventory-position-based recommendation from Day 13.
21366,MIRRORED WALL ART PHOTO FRAMES,0.1465,2011-11-26,2011-12-09,reorder_now,6,3.5051,5.6479,10,Inventory-position-based recommendation from Day 13.
21367,MIRRORED WALL ART GENTS,0.3069,2011-11-26,2011-12-09,reorder_now,20,11.0559,16.5559,7,Inventory-position-based recommendation from Day 13.
21368,MIRRORED WALL ART LADIES,0.2779,2011-11-26,2011-12-09,reorder_now,13,8.7715,12.5215,5,Inventory-position-based recommendation from Day 13.
21371,MIRRORED WALL ART POPPIES,0.3055,2011-11-26,2011-12-09,reorder_now,25,13.9433,18.1219,3,Inventory-position-based recommendation from Day 13.
21372,MIRRORED WALL ART TABLE LAMP,0.1803,2011-11-26,2011-12-09,reorder_now,3,2.1343,2.8486,5,Inventory-position-based recommendation from Day 13.
21373,MIRRORED WALL ART SNOWFLAKES,1.4259,2011-11-26,2011-12-09,reorder_now,163,67.1619,146.1619,14,Inventory-position-based recommendation from Day 13.
21374,MIRRORED WALL ART SKULLS,0.4892,2011-11-26,2011-12-09,reorder_now,62,39.0071,60.0786,10,Inventory-position-based recommendation from Day 13.
21375,LARGE CAMPHOR WOOD FIELD MUSHROOM,0.1577,2011-11-26,2011-12-09,reorder_now,3,2.5253,3.5253,7,Inventory-position-based recommendation from Day 13.
21376,LARGE TALL CAMPHOR WOOD TOADSTOOL,0.1727,2011-11-26,2011-12-09,reorder_now,2,2.2903,3.7189,10,Inventory-position-based recommendation from Day 13.
21377,SMALL CAMPHOR WOOD FIELD MUSHROOM,0.3518,2011-11-26,2011-12-09,reorder_now,33,17.1995,32.6995,14,Inventory-position-based recommendation from Day 13.
21378,SMALL TALL CAMPHOR WOOD TOADSTOOL,0.3379,2011-11-26,2011-12-09,reorder_now,27,13.9111,23.1611,7,Inventory-position-based recommendation from Day 13.
21379,CAMPHOR WOOD PORTOBELLO MUSHROOM,0.3178,2011-11-26,2011-12-09,reorder_now,16,9.6053,14.7838,5,Inventory-position-based recommendation from Day 13.
21380,WOODEN HAPPY BIRTHDAY GARLAND,0.9732,2011-11-26,2011-12-09,reorder_now,38,17.5808,31.3308,7,Inventory-position-based recommendation from Day 13.
21381,MINI WOODEN HAPPY BIRTHDAY GARLAND,0.8569,2011-11-26,2011-12-09,reorder_now,32,14.0261,25.0261,7,Inventory-position-based recommendation from Day 13.
21382,SET/4 SPRING FLOWER DECORATION,0.5929,2011-11-26,2011-12-09,reorder_now,27,13.8966,22.4680,5,Inventory-position-based recommendation from Day 13.
21383,PACK OF 12 STICKY BUNNIES,0.6651,2011-11-26,2011-12-09,reorder_now,41,24.2197,39.9697,7,Inventory-position-based recommendation from Day 13.
21384,UNKNOWN,0.0875,2011-11-26,2011-12-09,no_order_required,0,0.0000,0.0000,7,Inventory-position-based recommendation from Day 13.
21385,IVORY HANGING DECORATION HEART,1.6768,2011-11-26,2011-12-09,reorder_now,115,43.9982,95.4268,10,Inventory-position-based recommendation from Day 13.
21386,IVORY HANGING DECORATION EGG,0.4839,2011-11-26,2011-12-09,reorder_now,105,69.3785,97.9500,10,Inventory-position-based recommendation from Day 13.
21389,IVORY HANGING DECORATION BIRD,0.4781,2011-11-26,2011-12-09,reorder_now,18,9.1325,12.9896,3,Inventory-position-based recommendation from Day 13.
21390,FILIGRIS HEART WITH BUTTERFLY,1.7533,2011-11-26,2011-12-09,reorder_now,84,43.7477,92.6763,10,Inventory-position-based recommendation from Day 13.
21391,FRENCH LAVENDER SCENT HEART,0.1057,2011-11-26,2011-12-09,no_order_required,0,0.5287,0.6358,3,Inventory-position-based recommendation from Day 13.
21392,RED POLKADOT PUDDING BOWL,0.0875,2011-11-26,2011-12-09,no_order_required,0,0.0000,0.0000,5,Inventory-position-based recommendation from Day 13.
21393,UNKNOWN,0.0875,2011-11-26,2011-12-09,no_order_required,0,0.0000,0.0000,10,Inventory-position-based recommendation from Day 13.
21394,UNKNOWN,0.1607,2011-11-26,2011-12-09,reorder_now,10,5.8362,8.3362,10,Inventory-position-based recommendation from Day 13.
21395,BLUE POLKADOT BEAKER,0.0938,2011-11-26,2011-12-09,no_order_required,0,0.0000,0.0000,3,Inventory-position-based recommendation from Day 13.
21396,RED SPOTTY EGG CUP,0.0875,2011-11-26,2011-12-09,no_order_required,0,0.0000,0.0000,7,Inventory-position-based recommendation from Day 13.
21397,BLUE POLKADOT EGG CUP,0.0875,2011-11-26,2011-12-09,no_order_required,0,0.0000,0.0000,3,Inventory-position-based recommendation from Day 13.
21398,RED POLKADOT COFFEE MUG,0.0875,2011-11-26,2011-12-09,no_order_required,0,0.0000,0.0000,14,Inventory-position-based recommendation from Day 13.
21399,BLUE POLKADOT COFFEE MUG,0.0875,2011-11-26,2011-12-09,no_order_required,0,0.0000,0.0000,10,Inventory-position-based recommendation from Day 13.
21400,RED PUDDING SPOON,0.7269,2011-11-26,2011-12-09,reorder_now,55,27.8314,37.3672,3,Inventory-position-based recommendation from Day 13.
21401,BLUE PUDDING SPOON,0.5001,2011-11-26,2011-12-09,reorder_now,66,32.7769,43.8126,3,Inventory-position-based recommendation from Day 13.
21402,RED EGG SPOON,1.8071,2011-11-26,2011-12-09,reorder_now,119,49.7974,83.7260,5,Inventory-position-based recommendation from Day 13.
21403,BLUE EGG SPOON,1.2868,2011-11-26,2011-12-09,reorder_now,183,85.4687,130.1116,5,Inventory-position-based recommendation from Day 13.
21407,BROWN CHECK CAT DOORSTOP,0.1360,2011-11-26,2011-12-09,reorder_now,1,1.3460,2.0960,7,Inventory-position-based recommendation from Day 13.
21408,SPOTTY PINK DUCK DOORSTOP,1.0950,2011-11-26,2011-12-09,reorder_now,61,26.1651,40.3080,3,Inventory-position-based recommendation from Day 13.
21410,COUNTRY COTTAGE DOORSTOP GREEN,0.0875,2011-11-26,2011-12-09,no_order_required,0,0.0000,0.0000,10,Inventory-position-based recommendation from Day 13.
21411,GINGHAM HEART DOORSTOP RED,1.9892,2011-11-26,2011-12-09,reorder_now,378,158.1229,331.6229,14,Inventory-position-based recommendation from Day 13.
21412,VINTAGE GOLD TINSEL REEL,0.0875,2011-11-26,2011-12-09,no_order_required,0,0.0000,0.0000,10,Inventory-position-based recommendation from Day 13.
21413,PERIWINKLE T-LIGHT HOLDER,0.1028,2011-11-26,2011-12-09,reorder_now,4,3.2304,4.2304,7,Inventory-position-based recommendation from Day 13.
21414,SCALLOP SHELL SOAP DISH,0.0875,2011-11-26,2011-12-09,no_order_required,0,0.0000,0.0000,10,Inventory-position-based recommendation from Day 13.
21415,CLAM SHELL SMALL,0.2777,2011-11-26,2011-12-09,reorder_now,41,21.5855,32.5855,7,Inventory-position-based recommendation from Day 13.
21417,COCKLE SHELL DISH,0.3972,2011-11-26,2011-12-09,reorder_now,166,84.0120,137.5834,10,Inventory-position-based recommendation from Day 13.
21418,STARFISH SOAP DISH,0.2059,2011-11-26,2011-12-09,reorder_now,22,12.5004,19.6432,10,Inventory-position-based recommendation from Day 13.
21421,PORCELAIN ROSE LARGE,0.0875,2011-11-26,2011-12-09,no_order_required,0,0.0000,0.0000,5,Inventory-position-based recommendation from Day 13.
21422,PORCELAIN ROSE SMALL,0.2654,2011-11-26,2011-12-09,reorder_now,20,13.0482,18.0482,7,Inventory-position-based recommendation from Day 13.
21424,WOODLAND STORAGE BOX LARGE,0.0875,2011-11-26,2011-12-09,no_order_required,0,0.0000,0.0000,14,Inventory-position-based recommendation from Day 13.
21425,SKULLS STORAGE BOX LARGE,0.2307,2011-11-26,2011-12-09,reorder_now,6,3.3376,4.4090,3,Inventory-position-based recommendation from Day 13.
21426,WOODLAND STORAGE BOX SMALL,0.5883,2011-11-26,2011-12-09,reorder_now,23,12.3560,21.3560,7,Inventory-position-based recommendation from Day 13.
21427,SKULLS STORAGE BOX SMALL,0.3102,2011-11-26,2011-12-09,reorder_now,15,7.3609,12.1109,7,Inventory-position-based recommendation from Day 13.
21428,SET3 BOOK BOX GREEN GINGHAM FLOWER,2.1170,2011-11-26,2011-12-09,reorder_now,67,28.5817,42.6174,3,Inventory-position-based recommendation from Day 13.
21429,RED GINGHAM ROSE JEWELLERY BOX,6.2516,2011-11-26,2011-12-09,reorder_now,107,45.1141,100.6498,5,Inventory-position-based recommendation from Day 13.
21430,SET/3 RED GINGHAM ROSE STORAGE BOX,3.6574,2011-11-26,2011-12-09,reorder_now,81,52.2805,118.3520,10,Inventory-position-based recommendation from Day 13.
21431,GREEN GINGHAM FLOWER JEWELLERY BOX,0.0875,2011-11-26,2011-12-09,no_order_required,0,0.0000,0.0000,5,Inventory-position-based recommendation from Day 13.
21432,SET OF 3 CASES WOODLAND DESIGN,0.0875,2011-11-26,2011-12-09,no_order_required,0,0.0000,0.0000,10,Inventory-position-based recommendation from Day 13.
21437,24 HANGING EASTER EGGS FLORAL TUB,0.0875,2011-11-26,2011-12-09,no_order_required,0,0.0000,0.0000,5,Inventory-position-based recommendation from Day 13.
21439,BASKET OF TOADSTOOLS,0.9941,2011-11-26,2011-12-09,reorder_now,158,79.8976,122.3976,7,Inventory-position-based recommendation from Day 13.
21440,12 MINI TOADSTOOL PEGS,0.0875,2011-11-26,2011-12-09,no_order_required,0,0.0000,0.0000,7,Inventory-position-based recommendation from Day 13.
21441,BLUE BIRDHOUSE DECORATION,0.4722,2011-11-26,2011-12-09,reorder_now,136,63.7943,102.7943,7,Inventory-position-based recommendation from Day 13.
21442,GREEN BIRDHOUSE DECORATION,0.4760,2011-11-26,2011-12-09,reorder_now,185,82.8572,159.8572,14,Inventory-position-based recommendation from Day 13.
21444,BLUE CHALET BIRDFEEDER,0.0875,2011-11-26,2011-12-09,no_order_required,0,0.0000,0.0000,14,Inventory-position-based recommendation from Day 13.
21445,UNKNOWN,0.0875,2011-11-26,2011-12-09,no_order_required,0,0.0000,0.0000,14,Inventory-position-based recommendation from Day 13.
21446,12 RED ROSE PEG PLACE SETTINGS,0.8086,2011-11-26,2011-12-09,reorder_now,44,24.5290,45.6004,10,Inventory-position-based recommendation from Day 13.
21447,12 IVORY ROSE PEG PLACE SETTINGS,0.0875,2011-11-26,2011-12-09,no_order_required,0,0.0000,0.0000,7,Inventory-position-based recommendation from Day 13.
21448,12 DAISY PEGS IN WOOD BOX,0.0875,2011-11-26,2011-12-09,no_order_required,0,0.0000,0.0000,7,Inventory-position-based recommendation from Day 13.
21452,TOADSTOOL MONEY BOX,1.4335,2011-11-26,2011-12-09,reorder_now,25,11.4725,23.2583,5,Inventory-position-based recommendation from Day 13.
21454,PAINTED PINK RABBIT,0.2128,2011-11-26,2011-12-09,reorder_now,6,3.5173,4.6959,3,Inventory-position-based recommendation from Day 13.
21455,PAINTED YELLOW WOODEN DAISY,0.1771,2011-11-26,2011-12-09,reorder_now,6,3.4937,4.4580,3,Inventory-position-based recommendation from Day 13.
21456,2 PICTURE BOOK EGGS EASTER CHICKS,0.1238,2011-11-26,2011-12-09,reorder_now,21,13.7055,19.7055,14,Inventory-position-based recommendation from Day 13.
21457,2 PICTURE BOOK EGGS EASTER DUCKS,0.1024,2011-11-26,2011-12-09,no_order_required,0,0.0000,0.0000,5,Inventory-position-based recommendation from Day 13.
21458,2 PICTURE BOOK EGGS EASTER BUNNY,0.1024,2011-11-26,2011-12-09,no_order_required,0,0.0000,0.0000,7,Inventory-position-based recommendation from Day 13.
21459,YELLOW EASTER EGG HUNT START POST,0.0875,2011-11-26,2011-12-09,no_order_required,0,0.0000,0.0000,7,Inventory-position-based recommendation from Day 13.
21462,"NURSERY A,B,C PAINTED LETTERS",0.4261,2011-11-26,2011-12-09,reorder_now,117,58.1323,104.6323,14,Inventory-position-based recommendation from Day 13.
21463,MIRRORED DISCO BALL,1.7385,2011-11-26,2011-12-09,reorder_now,95,50.6225,93.8368,10,Inventory-position-based recommendation from Day 13.
21464,DISCO BALL ROTATOR BATTERY OPERATED,0.7437,2011-11-26,2011-12-09,reorder_now,25,13.8231,31.3231,14,Inventory-position-based recommendation from Day 13.
21465,PINK FLOWER CROCHET FOOD COVER,0.2101,2011-11-26,2011-12-09,reorder_now,5,3.2176,4.0747,3,Inventory-position-based recommendation from Day 13.
21466,RED FLOWER CROCHET FOOD COVER,0.4784,2011-11-26,2011-12-09,reorder_now,19,8.5372,17.1086,10,Inventory-position-based recommendation from Day 13.
21467,CHERRY CROCHET FOOD COVER,0.1526,2011-11-26,2011-12-09,reorder_now,3,2.0324,3.2824,7,Inventory-position-based recommendation from Day 13.
21468,BUTTERFLY CROCHET FOOD COVER,0.1248,2011-11-26,2011-12-09,no_order_required,0,1.3396,2.0539,10,Inventory-position-based recommendation from Day 13.
21469,POLKA DOT RAFFIA FOOD COVER,0.1471,2011-11-26,2011-12-09,reorder_now,8,6.9889,11.4889,14,Inventory-position-based recommendation from Day 13.
21470,FLOWER VINE RAFFIA FOOD COVER,0.5301,2011-11-26,2011-12-09,reorder_now,12,4.4862,7.0576,3,Inventory-position-based recommendation from Day 13.
21471,STRAWBERRY RAFFIA FOOD COVER,0.6285,2011-11-26,2011-12-09,reorder_now,12,4.2431,7.7788,3,Inventory-position-based recommendation from Day 13.
21472,UNKNOWN,0.0875,2011-11-26,2011-12-09,no_order_required,0,0.0000,0.0000,5,Inventory-position-based recommendation from Day 13.
21473,SWEETHEART CREAM STEEL TABLE RECT,0.1034,2011-11-26,2011-12-09,no_order_required,0,0.9653,1.3224,10,Inventory-position-based recommendation from Day 13.
21474,SWEETHEART CREAM STEEL FOLDIN BENCH,0.0875,2011-11-26,2011-12-09,no_order_required,0,0.0000,0.0000,5,Inventory-position-based recommendation from Day 13.
21476,STEEL SWEETHEART ROUND TABLE CREAM,0.0875,2011-11-26,2011-12-09,no_order_required,0,0.0000,0.0000,5,Inventory-position-based recommendation from Day 13.
21478,UNKNOWN,0.0875,2011-11-26,2011-12-09,no_order_required,0,0.0000,0.0000,10,Inventory-position-based recommendation from Day 13.
21479,WHITE SKULL HOT WATER BOTTLE,12.3785,2011-11-26,2011-12-09,reorder_now,471,246.3463,507.3463,7,Inventory-position-based recommendation from Day 13.
21481,FAWN BLUE HOT WATER BOTTLE,10.0362,2011-11-26,2011-12-09,reorder_now,317,100.8530,297.2816,10,Inventory-position-based recommendation from Day 13.
21482,MUSHROOM BLUE HOT WATER BOTTLE,0.0875,2011-11-26,2011-12-09,no_order_required,0,0.0000,0.0000,5,Inventory-position-based recommendation from Day 13.
21484,CHICK GREY HOT WATER BOTTLE,9.1100,2011-11-26,2011-12-09,reorder_now,155,58.7797,158.0297,7,Inventory-position-based recommendation from Day 13.
21485,RETROSPOT HEART HOT WATER BOTTLE,11.7541,2011-11-26,2011-12-09,no_order_required,0,143.9228,456.4228,14,Inventory-position-based recommendation from Day 13.
21486,PINK HEART DOTS HOT WATER BOTTLE,0.0875,2011-11-26,2011-12-09,no_order_required,0,0.0000,0.0000,5,Inventory-position-based recommendation from Day 13.
21488,RED WHITE SCARF HOT WATER BOTTLE,0.0875,2011-11-26,2011-12-09,no_order_required,0,0.0000,0.0000,5,Inventory-position-based recommendation from Day 13.
21491,UNKNOWN,0.0875,2011-11-26,2011-12-09,no_order_required,0,0.0000,0.0000,3,Inventory-position-based recommendation from Day 13.
21494,ROTATING LEAVES T-LIGHT HOLDER,8.4289,2011-11-26,2011-12-09,reorder_now,147,61.7463,208.8892,10,Inventory-position-based recommendation from Day 13.
21495,SKULLS AND CROSSBONES WRAP,5.4548,2011-11-26,2011-12-09,reorder_now,481,233.4920,414.7420,7,Inventory-position-based recommendation from Day 13.
21497,FANCY FONTS BIRTHDAY WRAP,7.3148,2011-11-26,2011-12-09,reorder_now,276,113.3884,191.0670,3,Inventory-position-based recommendation from Day 13.
21498,RED RETROSPOT WRAP,9.5297,2011-11-26,2011-12-09,reorder_now,461,126.5742,249.7885,3,Inventory-position-based recommendation from Day 13.
21499,BLUE POLKADOT WRAP,4.9474,2011-11-26,2011-12-09,reorder_now,414,189.9011,297.0439,5,Inventory-position-based recommendation from Day 13.
21500,PINK POLKADOT WRAP,4.5052,2011-11-26,2011-12-09,reorder_now,333,140.5278,278.0278,7,Inventory-position-based recommendation from Day 13.
21503,TOYBOX WRAP,0.2538,2011-11-26,2011-12-09,reorder_now,20,13.2176,15.8961,3,Inventory-position-based recommendation from Day 13.
21504,SKULLS GREETING CARD,1.1072,2011-11-26,2011-12-09,reorder_now,123,54.4092,107.2663,10,Inventory-position-based recommendation from Day 13.
21506,"FANCY FONT BIRTHDAY CARD,",7.1948,2011-11-26,2011-12-09,reorder_now,409,189.4386,343.1886,7,Inventory-position-based recommendation from Day 13.
21507,ELEPHANT BIRTHDAY CARD,4.6904,2011-11-26,2011-12-09,reorder_now,142,55.6961,114.6247,5,Inventory-position-based recommendation from Day 13.
21508,VINTAGE KID DOLLY CARD,1.2322,2011-11-26,2011-12-09,reorder_now,61,24.7036,37.4536,3,Inventory-position-based recommendation from Day 13.
21509,COWBOYS AND INDIANS BIRTHDAY CARD,2.6927,2011-11-26,2011-12-09,reorder_now,70,32.3843,66.3129,5,Inventory-position-based recommendation from Day 13.
21518,BANK ACCOUNT GREETING CARD,0.0875,2011-11-26,2011-12-09,no_order_required,0,0.0000,0.0000,7,Inventory-position-based recommendation from Day 13.
21519,GIN & TONIC DIET GREETING CARD,2.3636,2011-11-26,2011-12-09,reorder_now,102,45.3855,69.1712,3,Inventory-position-based recommendation from Day 13.
21520,BOOZE & WOMEN GREETING CARD,0.1583,2011-11-26,2011-12-09,no_order_required,0,0.8812,1.2026,3,Inventory-position-based recommendation from Day 13.
21523,DOORMAT FANCY FONT HOME SWEET HOME,3.9340,2011-11-26,2011-12-09,reorder_now,94,40.1057,78.8557,5,Inventory-position-based recommendation from Day 13.
21524,DOORMAT SPOTTY HOME SWEET HOME,2.2963,2011-11-26,2011-12-09,reorder_now,98,52.8065,92.0565,7,Inventory-position-based recommendation from Day 13.
21527,RED RETROSPOT TRADITIONAL TEAPOT,0.0875,2011-11-26,2011-12-09,no_order_required,0,0.0000,0.0000,14,Inventory-position-based recommendation from Day 13.
21528,DAIRY MAID TRADITIONAL TEAPOT,0.2324,2011-11-26,2011-12-09,reorder_now,3,1.4954,2.3525,3,Inventory-position-based recommendation from Day 13.
21529,UNKNOWN,0.0875,2011-11-26,2011-12-09,no_order_required,0,0.0000,0.0000,10,Inventory-position-based recommendation from Day 13.
21530,DAIRY MAID TOASTRACK,0.7042,2011-11-26,2011-12-09,reorder_now,36,18.3731,27.3017,5,Inventory-position-based recommendation from Day 13.
21531,RED RETROSPOT SUGAR JAM BOWL,2.3084,2011-11-26,2011-12-09,no_order_required,0,15.5130,33.9058,5,Inventory-position-based recommendation from Day 13.
21532,UNKNOWN,0.0875,2011-11-26,2011-12-09,no_order_required,0,0.0000,0.0000,14,Inventory-position-based recommendation from Day 13.
21533,RETROSPOT LARGE MILK JUG,1.3489,2011-11-26,2011-12-09,reorder_now,65,19.3963,58.8963,14,Inventory-position-based recommendation from Day 13.
21534,DAIRY MAID LARGE MILK JUG,0.4297,2011-11-26,2011-12-09,reorder_now,17,8.4233,16.9947,10,Inventory-position-based recommendation from Day 13.
21535,RED RETROSPOT SMALL MILK JUG,2.9145,2011-11-26,2011-12-09,no_order_required,0,17.8697,47.1197,7,Inventory-position-based recommendation from Day 13.
21536,DAIRY MAID SMALL MILK JUG,0.0875,2011-11-26,2011-12-09,no_order_required,0,0.0000,0.0000,3,Inventory-position-based recommendation from Day 13.
21537,RED RETROSPOT PUDDING BOWL,0.6917,2011-11-26,2011-12-09,reorder_now,27,14.7284,27.2284,7,Inventory-position-based recommendation from Day 13.
21538,DAIRY MAID PUDDING BOWL,0.0875,2011-11-26,2011-12-09,no_order_required,0,0.0000,0.0000,10,Inventory-position-based recommendation from Day 13.
21539,check,0.0905,2011-11-26,2011-12-09,no_order_required,0,0.0000,0.0000,7,Inventory-position-based recommendation from Day 13.
21540,DAIRY MAID BUTTER DISH,0.0875,2011-11-26,2011-12-09,no_order_required,0,0.0000,0.0000,3,Inventory-position-based recommendation from Day 13.
21541,DINOSAURS WATER TRANSFER TATTOOS,0.0875,2011-11-26,2011-12-09,no_order_required,0,0.0000,0.0000,5,Inventory-position-based recommendation from Day 13.
21542,UNKNOWN,0.0875,2011-11-26,2011-12-09,no_order_required,0,0.0000,0.0000,14,Inventory-position-based recommendation from Day 13.
21544,SKULLS WATER TRANSFER TATTOOS,2.4231,2011-11-26,2011-12-09,reorder_now,151,69.9918,133.7418,7,Inventory-position-based recommendation from Day 13.
21545,UNKNOWN,0.0875,2011-11-26,2011-12-09,no_order_required,0,0.0000,0.0000,3,Inventory-position-based recommendation from Day 13.
21547,CERAMIC BIRDHOUSE CRESTED TIT SMALL,0.0875,2011-11-26,2011-12-09,no_order_required,0,0.0000,0.0000,7,Inventory-position-based recommendation from Day 13.
21548,CERAMIC BIRDHOUSE FINCH BLUE ROOF,0.0875,2011-11-26,2011-12-09,no_order_required,0,0.0000,0.0000,14,Inventory-position-based recommendation from Day 13.
21549,CERAMIC BIRDHOUSE RED ROOF SMALL,0.0875,2011-11-26,2011-12-09,no_order_required,0,0.0000,0.0000,3,Inventory-position-based recommendation from Day 13.
21550,CERAMIC BIRDHOUSE CRESTED TIT LARGE,0.0875,2011-11-26,2011-12-09,no_order_required,0,0.0000,0.0000,14,Inventory-position-based recommendation from Day 13.
21555,CERAMIC STRAWBERRY TRINKET TRAY,0.3695,2011-11-26,2011-12-09,reorder_now,5,4.1705,10.1705,14,Inventory-position-based recommendation from Day 13.
21556,CERAMIC STRAWBERRY MONEY BOX,0.1457,2011-11-26,2011-12-09,no_order_required,0,2.1262,3.1976,10,Inventory-position-based recommendation from Day 13.
21557,SET OF 6 FUNKY BEAKERS,0.6257,2011-11-26,2011-12-09,reorder_now,21,9.0999,18.5999,7,Inventory-position-based recommendation from Day 13.
21558,SKULL LUNCH BOX WITH CUTLERY,3.0069,2011-11-26,2011-12-09,reorder_now,41,21.1197,35.4768,3,Inventory-position-based recommendation from Day 13.
21559,STRAWBERRY LUNCH BOX WITH CUTLERY,4.2642,2011-11-26,2011-12-09,reorder_now,79,24.3756,47.5185,3,Inventory-position-based recommendation from Day 13.
21561,DINOSAUR LUNCH BOX WITH CUTLERY,0.9761,2011-11-26,2011-12-09,reorder_now,17,6.2615,11.5115,3,Inventory-position-based recommendation from Day 13.
21562,HAWAIIAN GRASS SKIRT,0.1955,2011-11-26,2011-12-09,reorder_now,11,8.1906,10.3335,5,Inventory-position-based recommendation from Day 13.
21563,RED HEART SHAPE LOVE BUCKET,1.4170,2011-11-26,2011-12-09,reorder_now,708,356.8131,590.3845,10,Inventory-position-based recommendation from Day 13.
21564,PINK HEART SHAPE LOVE BUCKET,0.7690,2011-11-26,2011-12-09,reorder_now,606,302.6931,457.1931,7,Inventory-position-based recommendation from Day 13.
21576,LETS GO SHOPPING COTTON TOTE BAG,0.3416,2011-11-26,2011-12-09,reorder_now,10,5.0538,7.5180,3,Inventory-position-based recommendation from Day 13.
21577,SAVE THE PLANET COTTON TOTE BAG,0.7665,2011-11-26,2011-12-09,reorder_now,33,12.2568,25.0068,7,Inventory-position-based recommendation from Day 13.
21578,WOODLAND DESIGN COTTON TOTE BAG,0.1049,2011-11-26,2011-12-09,no_order_required,0,0.8076,1.0576,7,Inventory-position-based recommendation from Day 13.
21579,LOLITA DESIGN COTTON TOTE BAG,0.2630,2011-11-26,2011-12-09,reorder_now,13,6.9726,9.1154,3,Inventory-position-based recommendation from Day 13.
21580,RABBIT DESIGN COTTON TOTE BAG,0.2891,2011-11-26,2011-12-09,reorder_now,13,8.3533,11.5676,5,Inventory-position-based recommendation from Day 13.
21581,SKULLS DESIGN COTTON TOTE BAG,0.3566,2011-11-26,2011-12-09,reorder_now,8,4.8882,6.8168,3,Inventory-position-based recommendation from Day 13.
21584,RETROSPOT SMALL TUBE MATCHES,2.9444,2011-11-26,2011-12-09,reorder_now,109,46.1832,124.6832,14,Inventory-position-based recommendation from Day 13.
21586,KINGS CHOICE GIANT TUBE MATCHES,0.1328,2011-11-26,2011-12-09,no_order_required,0,0.0000,0.0000,14,Inventory-position-based recommendation from Day 13.
21587,COSY HOUR GIANT TUBE MATCHES,0.0875,2011-11-26,2011-12-09,no_order_required,0,0.0000,0.0000,10,Inventory-position-based recommendation from Day 13.
21588,RETROSPOT GIANT TUBE MATCHES,3.3867,2011-11-26,2011-12-09,reorder_now,261,151.2879,240.7879,7,Inventory-position-based recommendation from Day 13.
21589,SWALLOW GIANT TUBE MATCHES,0.0875,2011-11-26,2011-12-09,no_order_required,0,0.0000,0.0000,5,Inventory-position-based recommendation from Day 13.
21590,UNKNOWN,0.0875,2011-11-26,2011-12-09,no_order_required,0,0.0000,0.0000,10,Inventory-position-based recommendation from Day 13.
21591,COSY HOUR CIGAR BOX MATCHES,3.6458,2011-11-26,2011-12-09,reorder_now,216,97.0040,136.1111,3,Inventory-position-based recommendation from Day 13.
21592,RETROSPOT CIGAR BOX MATCHES,5.8195,2011-11-26,2011-12-09,reorder_now,493,191.6030,293.2816,3,Inventory-position-based recommendation from Day 13.
21593,SWALLOW CIGAR BOX MATCHES,0.0875,2011-11-26,2011-12-09,no_order_required,0,0.0000,0.0000,10,Inventory-position-based recommendation from Day 13.
21609,SET 12 LAVENDER BOTANICAL T-LIGHTS,0.0875,2011-11-26,2011-12-09,no_order_required,0,0.0000,0.0000,7,Inventory-position-based recommendation from Day 13.
21610,SET 12 PEAR BOTANICAL T-LIGHTS,0.0875,2011-11-26,2011-12-09,no_order_required,0,0.0000,0.0000,3,Inventory-position-based recommendation from Day 13.
21611,SET OF 12 LILY BOTANICAL T-LIGHTS,0.0875,2011-11-26,2011-12-09,no_order_required,0,0.0000,0.0000,14,Inventory-position-based recommendation from Day 13.
21612,SET 12 WILDFLOWER BOTANICAL T-LIGHT,0.0875,2011-11-26,2011-12-09,no_order_required,0,0.0000,0.0000,14,Inventory-position-based recommendation from Day 13.
21613,S/12 VANILLA BOTANICAL T-LIGHTS,0.0875,2011-11-26,2011-12-09,no_order_required,0,0.0000,0.0000,3,Inventory-position-based recommendation from Day 13.
21614,UNKNOWN,0.0875,2011-11-26,2011-12-09,no_order_required,0,0.0000,0.0000,3,Inventory-position-based recommendation from Day 13.
21615,4 LAVENDER BOTANICAL DINNER CANDLES,6.2412,2011-11-26,2011-12-09,reorder_now,168,91.0338,158.3553,5,Inventory-position-based recommendation from Day 13.
21616,4 PEAR BOTANICAL DINNER CANDLES,7.6940,2011-11-26,2011-12-09,reorder_now,125,113.8383,305.8383,14,Inventory-position-based recommendation from Day 13.
21617,4 LILY BOTANICAL DINNER CANDLES,1.0659,2011-11-26,2011-12-09,reorder_now,99,50.2256,91.2970,10,Inventory-position-based recommendation from Day 13.
21618,4 WILDFLOWER BOTANICAL CANDLES,0.3902,2011-11-26,2011-12-09,no_order_required,0,5.3583,8.2155,10,Inventory-position-based recommendation from Day 13.
21619,4 VANILLA BOTANICAL CANDLES,8.3936,2011-11-26,2011-12-09,reorder_now,148,101.7574,204.0074,7,Inventory-position-based recommendation from Day 13.
21620,SET OF 4 ROSE BOTANICAL CANDLES,6.2413,2011-11-26,2011-12-09,reorder_now,173,88.4413,288.9413,14,Inventory-position-based recommendation from Day 13.
21621,VINTAGE UNION JACK BUNTING,2.9208,2011-11-26,2011-12-09,reorder_now,30,13.3649,31.9363,5,Inventory-position-based recommendation from Day 13.
21622,VINTAGE UNION JACK CUSHION COVER,0.1600,2011-11-26,2011-12-09,no_order_required,0,2.6146,3.8646,7,Inventory-position-based recommendation from Day 13.
21623,VINTAGE UNION JACK MEMOBOARD,0.9795,2011-11-26,2011-12-09,reorder_now,65,37.8352,53.0138,5,Inventory-position-based recommendation from Day 13.
21624,VINTAGE UNION JACK DOORSTOP,0.4881,2011-11-26,2011-12-09,reorder_now,8,7.8705,14.6562,10,Inventory-position-based recommendation from Day 13.
21625,VINTAGE UNION JACK APRON,0.5947,2011-11-26,2011-12-09,reorder_now,13,5.3840,8.3840,3,Inventory-position-based recommendation from Day 13.
21626,VINTAGE UNION JACK PENNANT,0.1669,2011-11-26,2011-12-09,reorder_now,15,11.5833,15.8690,10,Inventory-position-based recommendation from Day 13.
21627,ELEPHANT CARNIVAL POUFFE,0.0875,2011-11-26,2011-12-09,no_order_required,0,0.0000,0.0000,14,Inventory-position-based recommendation from Day 13.
21628,TRIANGULAR POUFFE VINTAGE,0.1107,2011-11-26,2011-12-09,reorder_now,1,1.3460,2.0960,7,Inventory-position-based recommendation from Day 13.
21629,SQUARE FLOOR CUSHION VINTAGE RED,0.3719,2011-11-26,2011-12-09,no_order_required,0,5.3254,11.8254,14,Inventory-position-based recommendation from Day 13.
21630,FLOOR CUSHION ELEPHANT CARNIVAL,0.1841,2011-11-26,2011-12-09,reorder_now,4,2.1311,3.6311,7,Inventory-position-based recommendation from Day 13.
21631,HIPPY CHIC DECORATIVE PARASOL,0.0980,2011-11-26,2011-12-09,reorder_now,1,0.9653,1.3224,10,Inventory-position-based recommendation from Day 13.
21632,UNKNOWN,0.0875,2011-11-26,2011-12-09,no_order_required,0,0.0000,0.0000,7,Inventory-position-based recommendation from Day 13.
21633,SUNFLOWER DECORATIVE PARASOL,0.1521,2011-11-26,2011-12-09,reorder_now,4,3.3623,4.8623,7,Inventory-position-based recommendation from Day 13.
21634,ASSORTED MINI MADRAS NOTEBOOK,0.0875,2011-11-26,2011-12-09,no_order_required,0,0.0000,0.0000,10,Inventory-position-based recommendation from Day 13.
21635,UNKNOWN,0.0875,2011-11-26,2011-12-09,no_order_required,0,0.0000,0.0000,7,Inventory-position-based recommendation from Day 13.
21636,MADRAS NOTEBOOK MEDIUM,1.4677,2011-11-26,2011-12-09,reorder_now,58,30.6519,53.6876,5,Inventory-position-based recommendation from Day 13.
21637,ASSORTED SANSKRIT MINI NOTEBOOK,0.0875,2011-11-26,2011-12-09,no_order_required,0,0.0000,0.0000,14,Inventory-position-based recommendation from Day 13.
21638,ASSORTED TUTTI FRUTTI NOTEBOOK,0.8310,2011-11-26,2011-12-09,reorder_now,22,11.3609,16.6109,3,Inventory-position-based recommendation from Day 13.
21640,ASSORTED TUTTI FRUTTI FOB NOTEBOOK,1.4501,2011-11-26,2011-12-09,reorder_now,53,27.8426,51.0926,7,Inventory-position-based recommendation from Day 13.
21641,ASSORTED TUTTI FRUTTI KEYRING BALL,0.0875,2011-11-26,2011-12-09,no_order_required,0,0.0000,0.0000,3,Inventory-position-based recommendation from Day 13.
21642,ASSORTED TUTTI FRUTTI PEN,5.0332,2011-11-26,2011-12-09,reorder_now,245,114.4856,288.9856,14,Inventory-position-based recommendation from Day 13.
21643,ASSORTED TUTTI FRUTTI MIRROR,0.2423,2011-11-26,2011-12-09,reorder_now,107,61.6044,86.6044,7,Inventory-position-based recommendation from Day 13.
21644,ASSORTED TUTTI FRUTTI HEART BOX,0.2253,2011-11-26,2011-12-09,reorder_now,6,4.0534,5.2320,3,Inventory-position-based recommendation from Day 13.
21645,ASSORTED TUTTI FRUTTI ROUND BOX,0.0875,2011-11-26,2011-12-09,no_order_required,0,0.0000,0.0000,10,Inventory-position-based recommendation from Day 13.
21647,ASSORTED TUTTI FRUTTI LARGE PURSE,0.1497,2011-11-26,2011-12-09,reorder_now,9,6.9054,10.4054,14,Inventory-position-based recommendation from Day 13.
21648,ASSORTED TUTTI FRUTTI SMALL PURSE,0.5103,2011-11-26,2011-12-09,reorder_now,100,52.2805,83.3520,10,Inventory-position-based recommendation from Day 13.
21650,ASSORTED TUTTI FRUTTI BRACELET,4.8340,2011-11-26,2011-12-09,no_order_required,0,45.7261,117.4761,7,Inventory-position-based recommendation from Day 13.
21651,HANGING GLASS ETCHED TEALIGHT,0.0875,2011-11-26,2011-12-09,no_order_required,0,0.0000,0.0000,10,Inventory-position-based recommendation from Day 13.
21652,GLASS ETCHED T-LIGHT HOLDER MEDIUM,0.0875,2011-11-26,2011-12-09,no_order_required,0,0.0000,0.0000,10,Inventory-position-based recommendation from Day 13.
21653,GLASS ETCHED T-LIGHT HOLDER LARGE,0.0875,2011-11-26,2011-12-09,no_order_required,0,0.0000,0.0000,3,Inventory-position-based recommendation from Day 13.
21654,RIDGED GLASS FINGER BOWL,0.0875,2011-11-26,2011-12-09,no_order_required,0,0.0000,0.0000,3,Inventory-position-based recommendation from Day 13.
21655,UNKNOWN,0.0875,2011-11-26,2011-12-09,no_order_required,0,0.0000,0.0000,3,Inventory-position-based recommendation from Day 13.
21656,RIDGED GLASS POSY VASE,0.0875,2011-11-26,2011-12-09,no_order_required,0,0.0000,0.0000,7,Inventory-position-based recommendation from Day 13.
21657,MILK BOTTLE WITH GLASS STOPPER,0.0875,2011-11-26,2011-12-09,no_order_required,0,0.0000,0.0000,14,Inventory-position-based recommendation from Day 13.
21658,UNKNOWN,0.0875,2011-11-26,2011-12-09,no_order_required,0,0.0000,0.0000,3,Inventory-position-based recommendation from Day 13.
21659,UNKNOWN,0.0875,2011-11-26,2011-12-09,no_order_required,0,0.0000,0.0000,3,Inventory-position-based recommendation from Day 13.
21661,VINTAGE GLASS TEA CADDY,0.0875,2011-11-26,2011-12-09,no_order_required,0,0.0000,0.0000,3,Inventory-position-based recommendation from Day 13.
21662,UNKNOWN,0.0875,2011-11-26,2011-12-09,no_order_required,0,0.0000,0.0000,3,Inventory-position-based recommendation from Day 13.
21664,RIDGED GLASS STORAGE JAR CREAM LID,0.0875,2011-11-26,2011-12-09,no_order_required,0,0.0000,0.0000,10,Inventory-position-based recommendation from Day 13.
21665,TRIANGULAR RIDGED GLASS POSY HOLDER,0.0875,2011-11-26,2011-12-09,no_order_required,0,0.0000,0.0000,5,Inventory-position-based recommendation from Day 13.
21666,RIDGED GLASS T-LIGHT HOLDER,0.8753,2011-11-26,2011-12-09,reorder_now,76,30.6465,60.6465,10,Inventory-position-based recommendation from Day 13.
21667,UNKNOWN,0.0875,2011-11-26,2011-12-09,no_order_required,0,0.0000,0.0000,10,Inventory-position-based recommendation from Day 13.
21668,RED STRIPE CERAMIC DRAWER KNOB,4.2555,2011-11-26,2011-12-09,no_order_required,0,21.1155,38.5798,3,Inventory-position-based recommendation from Day 13.
21669,BLUE STRIPE CERAMIC DRAWER KNOB,5.1687,2011-11-26,2011-12-09,no_order_required,0,45.4357,99.1857,7,Inventory-position-based recommendation from Day 13.
21670,BLUE SPOT CERAMIC DRAWER KNOB,3.5549,2011-11-26,2011-12-09,reorder_now,66,51.1092,128.6092,14,Inventory-position-based recommendation from Day 13.
21671,RED SPOT CERAMIC DRAWER KNOB,4.4148,2011-11-26,2011-12-09,reorder_now,282,122.4848,215.9848,7,Inventory-position-based recommendation from Day 13.
21672,WHITE SPOT RED CERAMIC DRAWER KNOB,2.2702,2011-11-26,2011-12-09,reorder_now,61,35.7110,71.7110,7,Inventory-position-based recommendation from Day 13.
21673,WHITE SPOT BLUE CERAMIC DRAWER KNOB,3.1933,2011-11-26,2011-12-09,reorder_now,98,51.9753,135.4753,14,Inventory-position-based recommendation from Day 13.
21675,BUTTERFLIES STICKERS,1.0912,2011-11-26,2011-12-09,reorder_now,30,24.8504,42.3504,7,Inventory-position-based recommendation from Day 13.
21676,FLOWERS STICKERS,0.4649,2011-11-26,2011-12-09,reorder_now,16,13.0355,22.3212,10,Inventory-position-based recommendation from Day 13.
21677,HEARTS STICKERS,1.2476,2011-11-26,2011-12-09,reorder_now,74,31.3964,67.8964,14,Inventory-position-based recommendation from Day 13.
21678,PAISLEY PATTERN STICKERS,0.2894,2011-11-26,2011-12-09,reorder_now,7,5.7737,8.2737,5,Inventory-position-based recommendation from Day 13.
21679,SKULLS STICKERS,1.3072,2011-11-26,2011-12-09,reorder_now,56,20.7648,32.3362,3,Inventory-position-based recommendation from Day 13.
21680,WOODLAND STICKERS,1.4898,2011-11-26,2011-12-09,reorder_now,91,34.9262,78.4977,10,Inventory-position-based recommendation from Day 13.
21681,GIANT MEDINA STAMPED METAL BOWL,0.0875,2011-11-26,2011-12-09,no_order_required,0,0.0000,0.0000,10,Inventory-position-based recommendation from Day 13.
21682,LARGE MEDINA STAMPED METAL BOWL,0.3598,2011-11-26,2011-12-09,reorder_now,15,7.0440,15.5440,14,Inventory-position-based recommendation from Day 13.
21683,MEDIUM MEDINA STAMPED METAL BOWL,0.1989,2011-11-26,2011-12-09,reorder_now,9,8.6229,15.1229,14,Inventory-position-based recommendation from Day 13.
21684,SMALL MEDINA STAMPED METAL BOWL,0.6443,2011-11-26,2011-12-09,reorder_now,33,19.9213,37.7785,10,Inventory-position-based recommendation from Day 13.
21686,MEDINA STAMPED METAL STOOL,0.0875,2011-11-26,2011-12-09,no_order_required,0,0.0000,0.0000,10,Inventory-position-based recommendation from Day 13.
21687,UNKNOWN,0.0875,2011-11-26,2011-12-09,no_order_required,0,0.0000,0.0000,3,Inventory-position-based recommendation from Day 13.
21688,SILVER PLATE CANDLE BOWL SMALL,0.2548,2011-11-26,2011-12-09,reorder_now,10,6.7247,9.7247,7,Inventory-position-based recommendation from Day 13.
21689,SILVER VANILLA FLOWER CANDLE POT,0.2221,2011-11-26,2011-12-09,reorder_now,5,3.5515,5.1587,5,Inventory-position-based recommendation from Day 13.
21690,UNKNOWN,0.0875,2011-11-26,2011-12-09,no_order_required,0,0.0000,0.0000,5,Inventory-position-based recommendation from Day 13.
21691,SILVER VANILLA FLOWER CANDLE POT,0.0875,2011-11-26,2011-12-09,no_order_required,0,0.0000,0.0000,5,Inventory-position-based recommendation from Day 13.
21692,SILVER LATTICE VANILLA CANDLE POT,0.0875,2011-11-26,2011-12-09,no_order_required,0,0.0000,0.0000,5,Inventory-position-based recommendation from Day 13.
21693,SMALL HAMMERED SILVER CANDLEPOT,0.7210,2011-11-26,2011-12-09,reorder_now,40,21.0460,47.0460,14,Inventory-position-based recommendation from Day 13.
21694,SMALL REGAL SILVER CANDLEPOT,0.2288,2011-11-26,2011-12-09,reorder_now,12,6.3183,8.4611,3,Inventory-position-based recommendation from Day 13.
21695,SMALL SILVER FLOWER CANDLE POT,0.3157,2011-11-26,2011-12-09,reorder_now,17,11.3789,21.3789,14,Inventory-position-based recommendation from Day 13.
21696,SMALL SILVER TRELLIS CANDLEPOT,0.1787,2011-11-26,2011-12-09,reorder_now,11,7.7222,10.5793,10,Inventory-position-based recommendation from Day 13.
21698,MOCK LOBSTER FRIDGE MAGNET,0.4852,2011-11-26,2011-12-09,reorder_now,45,25.6036,42.0321,10,Inventory-position-based recommendation from Day 13.
21700,BIG DOUGHNUT FRIDGE MAGNETS,0.1825,2011-11-26,2011-12-09,reorder_now,12,7.7088,10.2088,5,Inventory-position-based recommendation from Day 13.
21703,BAG 125g SWIRLY MARBLES,9.2363,2011-11-26,2011-12-09,reorder_now,640,299.2790,599.6362,10,Inventory-position-based recommendation from Day 13.
21704,BAG 250g SWIRLY MARBLES,9.0868,2011-11-26,2011-12-09,reorder_now,295,159.5189,350.5904,10,Inventory-position-based recommendation from Day 13.
21705,BAG 500g SWIRLY MARBLES,3.1781,2011-11-26,2011-12-09,reorder_now,584,222.8400,388.3757,5,Inventory-position-based recommendation from Day 13.
21706,FOLDING UMBRELLA RED/WHITE POLKADOT,0.3933,2011-11-26,2011-12-09,reorder_now,18,11.4361,23.9361,14,Inventory-position-based recommendation from Day 13.
21707,FOLDING UMBRELLA BLACKBLUE POLKADOT,0.5010,2011-11-26,2011-12-09,reorder_now,14,8.6004,21.1004,14,Inventory-position-based recommendation from Day 13.
21708,FOLDING UMBRELLA CREAM POLKADOT,0.2361,2011-11-26,2011-12-09,reorder_now,4,3.6516,5.6516,7,Inventory-position-based recommendation from Day 13.
21709,FOLDING UMBRELLA CHOCOLATE POLKADOT,0.1943,2011-11-26,2011-12-09,reorder_now,2,2.7989,4.5846,10,Inventory-position-based recommendation from Day 13.
21710,FOLDING UMBRELLA PINKWHITE POLKADOT,0.2261,2011-11-26,2011-12-09,reorder_now,7,4.0380,6.2880,7,Inventory-position-based recommendation from Day 13.
21711,FOLDING UMBRELLA WHITE/RED POLKADOT,0.1905,2011-11-26,2011-12-09,reorder_now,6,4.0188,6.1616,10,Inventory-position-based recommendation from Day 13.
21713,CITRONELLA CANDLE FLOWERPOT,0.4802,2011-11-26,2011-12-09,reorder_now,10,7.5299,16.4585,10,Inventory-position-based recommendation from Day 13.
21714,CITRONELLA CANDLE GARDEN POT,1.0754,2011-11-26,2011-12-09,reorder_now,34,14.9193,24.1336,3,Inventory-position-based recommendation from Day 13.
21715,GIRLS VINTAGE TIN SEASIDE BUCKET,0.3972,2011-11-26,2011-12-09,reorder_now,4,2.5801,4.1872,3,Inventory-position-based recommendation from Day 13.
21716,BOYS VINTAGE TIN SEASIDE BUCKET,0.7066,2011-11-26,2011-12-09,reorder_now,13,7.7960,15.2960,7,Inventory-position-based recommendation from Day 13.
21717,UNKNOWN,0.0875,2011-11-26,2011-12-09,no_order_required,0,0.0000,0.0000,3,Inventory-position-based recommendation from Day 13.
21718,RED METAL BEACH SPADE,0.7827,2011-11-26,2011-12-09,reorder_now,29,12.2367,26.8795,10,Inventory-position-based recommendation from Day 13.
21719,LOVELY BONBON STICKER SHEET,0.2624,2011-11-26,2011-12-09,reorder_now,21,11.8134,18.2420,10,Inventory-position-based recommendation from Day 13.
21720,CAKE SHOP STICKER SHEET,0.0875,2011-11-26,2011-12-09,no_order_required,0,0.0000,0.0000,3,Inventory-position-based recommendation from Day 13.
21721,CANDY SHOP STICKER SHEET,0.1102,2011-11-26,2011-12-09,no_order_required,0,0.5287,0.6358,3,Inventory-position-based recommendation from Day 13.
21722,SWEET PUDDING STICKER SHEET,0.2048,2011-11-26,2011-12-09,reorder_now,2,2.6468,5.1468,10,Inventory-position-based recommendation from Day 13.
21723,ALPHABET HEARTS STICKER SHEET,0.2670,2011-11-26,2011-12-09,reorder_now,4,2.1664,3.5950,5,Inventory-position-based recommendation from Day 13.
21724,PANDA AND BUNNIES STICKER SHEET,0.4375,2011-11-26,2011-12-09,reorder_now,30,13.9251,24.9965,10,Inventory-position-based recommendation from Day 13.
21725,SWEETIES STICKERS,0.1083,2011-11-26,2011-12-09,no_order_required,0,0.5287,0.6358,3,Inventory-position-based recommendation from Day 13.
21726,MULTI HEARTS STICKERS,0.1569,2011-11-26,2011-12-09,reorder_now,12,8.1938,10.5152,5,Inventory-position-based recommendation from Day 13.
21728,UNKNOWN,0.0875,2011-11-26,2011-12-09,no_order_required,0,0.0000,0.0000,7,Inventory-position-based recommendation from Day 13.
21730,GLASS STAR FROSTED T-LIGHT HOLDER,1.3080,2011-11-26,2011-12-09,reorder_now,44,16.8318,34.8318,7,Inventory-position-based recommendation from Day 13.
21731,RED TOADSTOOL LED NIGHT LIGHT,15.5135,2011-11-26,2011-12-09,reorder_now,801,172.3338,367.6553,3,Inventory-position-based recommendation from Day 13.
21732,RED HANGING METAL STAR TLIGHT HLDR,0.0875,2011-11-26,2011-12-09,no_order_required,0,0.0000,0.0000,10,Inventory-position-based recommendation from Day 13.
21733,RED HANGING HEART T-LIGHT HOLDER,13.5663,2011-11-26,2011-12-09,reorder_now,615,212.0717,725.5717,14,Inventory-position-based recommendation from Day 13.
21735,TWO DOOR CURIO CABINET,0.0875,2011-11-26,2011-12-09,no_order_required,0,0.0000,0.0000,7,Inventory-position-based recommendation from Day 13.
21737,SET 3 WICKER LOG BASKETS,0.0875,2011-11-26,2011-12-09,no_order_required,0,0.0000,0.0000,7,Inventory-position-based recommendation from Day 13.
21738,COSY SLIPPER SHOES SMALL RED,0.0875,2011-11-26,2011-12-09,no_order_required,0,0.0000,0.0000,5,Inventory-position-based recommendation from Day 13.
21739,COSY SLIPPER SHOES SMALL GREEN,1.5148,2011-11-26,2011-12-09,reorder_now,21,16.7108,49.7108,14,Inventory-position-based recommendation from Day 13.
21741,COSY SLIPPER SHOES LARGE GREEN,0.1350,2011-11-26,2011-12-09,reorder_now,2,2.2903,3.7189,10,Inventory-position-based recommendation from Day 13.
21742,LARGE ROUND WICKER PLATTER,1.2058,2011-11-26,2011-12-09,reorder_now,35,15.5068,29.0783,5,Inventory-position-based recommendation from Day 13.
21743,STAR PORTABLE TABLE LIGHT,0.0875,2011-11-26,2011-12-09,no_order_required,0,0.0000,0.0000,5,Inventory-position-based recommendation from Day 13.
21744,SNOWFLAKE PORTABLE TABLE LIGHT,3.1402,2011-11-26,2011-12-09,reorder_now,45,25.9579,48.9937,5,Inventory-position-based recommendation from Day 13.
21745,GAOLERS KEYS DECORATIVE GARDEN,1.2800,2011-11-26,2011-12-09,reorder_now,104,47.5684,105.0684,14,Inventory-position-based recommendation from Day 13.
21746,SMALL RED RETROSPOT WINDMILL,0.4177,2011-11-26,2011-12-09,reorder_now,40,25.4522,39.0236,10,Inventory-position-based recommendation from Day 13.
21747,SMALL SKULL WINDMILL,0.2377,2011-11-26,2011-12-09,reorder_now,14,8.8742,11.3742,5,Inventory-position-based recommendation from Day 13.
21749,LARGE RED RETROSPOT WINDMILL,0.2172,2011-11-26,2011-12-09,reorder_now,16,10.3354,17.8354,14,Inventory-position-based recommendation from Day 13.
21750,LARGE SKULL WINDMILL,0.0903,2011-11-26,2011-12-09,no_order_required,0,0.0000,0.0000,5,Inventory-position-based recommendation from Day 13.
21752,GLASS CAKE STAND MIRRORED BASE,0.0875,2011-11-26,2011-12-09,no_order_required,0,0.0000,0.0000,10,Inventory-position-based recommendation from Day 13.
21754,HOME BUILDING BLOCK WORD,5.8362,2011-11-26,2011-12-09,no_order_required,0,26.6173,64.8316,5,Inventory-position-based recommendation from Day 13.
21755,LOVE BUILDING BLOCK WORD,2.8218,2011-11-26,2011-12-09,no_order_required,0,18.4327,39.6827,5,Inventory-position-based recommendation from Day 13.
21756,BATH BUILDING BLOCK WORD,0.9076,2011-11-26,2011-12-09,reorder_now,35,21.0678,44.5678,14,Inventory-position-based recommendation from Day 13.
21757,LIGHTHOUSE PRINTED METAL SIGN,0.0875,2011-11-26,2011-12-09,no_order_required,0,0.0000,0.0000,3,Inventory-position-based recommendation from Day 13.
21758,VINTAGE SHELLS PRINT,0.1959,2011-11-26,2011-12-09,reorder_now,13,9.2081,14.7081,14,Inventory-position-based recommendation from Day 13.
21765,HANGING METAL BIRD BATH,0.0875,2011-11-26,2011-12-09,no_order_required,0,0.0000,0.0000,7,Inventory-position-based recommendation from Day 13.
21768,UNKNOWN,0.0875,2011-11-26,2011-12-09,no_order_required,0,0.0000,0.0000,3,Inventory-position-based recommendation from Day 13.
21769,VINTAGE POST OFFICE CABINET,0.0875,2011-11-26,2011-12-09,no_order_required,0,0.0000,0.0000,5,Inventory-position-based recommendation from Day 13.
21770,OPEN CLOSED METAL SIGN,2.7444,2011-11-26,2011-12-09,reorder_now,153,73.0146,140.5146,10,Inventory-position-based recommendation from Day 13.
21773,DECORATIVE ROSE BATHROOM BOTTLE,0.6076,2011-11-26,2011-12-09,reorder_now,6,4.2908,7.6836,5,Inventory-position-based recommendation from Day 13.
21774,DECORATIVE CATS BATHROOM BOTTLE,0.8861,2011-11-26,2011-12-09,reorder_now,22,10.1409,23.7123,10,Inventory-position-based recommendation from Day 13.
21775,DECORATIVE FLORE BATHROOM BOTTLE,0.5626,2011-11-26,2011-12-09,reorder_now,29,15.5222,32.0222,14,Inventory-position-based recommendation from Day 13.
21777,UNKNOWN,0.0875,2011-11-26,2011-12-09,no_order_required,0,0.0000,0.0000,7,Inventory-position-based recommendation from Day 13.
21781,MA CAMPAGNE CUTLERY BOX,0.0875,2011-11-26,2011-12-09,no_order_required,0,0.0000,0.0000,5,Inventory-position-based recommendation from Day 13.
21784,UNKNOWN,0.0875,2011-11-26,2011-12-09,no_order_required,0,0.0000,0.0000,10,Inventory-position-based recommendation from Day 13.
21785,RAIN PONCHO,0.0875,2011-11-26,2011-12-09,no_order_required,0,0.0000,0.0000,3,Inventory-position-based recommendation from Day 13.
21786,POLKADOT RAIN HAT,3.2574,2011-11-26,2011-12-09,reorder_now,55,25.0763,46.8263,3,Inventory-position-based recommendation from Day 13.
21787,RAIN PONCHO RETROSPOT,5.6794,2011-11-26,2011-12-09,reorder_now,1936,950.3647,1391.6147,5,Inventory-position-based recommendation from Day 13.
21788,KIDS RAIN MAC BLUE,0.5747,2011-11-26,2011-12-09,reorder_now,77,39.9166,70.2738,10,Inventory-position-based recommendation from Day 13.
21789,KIDS RAIN MAC PINK,0.5796,2011-11-26,2011-12-09,reorder_now,34,17.8302,24.4730,3,Inventory-position-based recommendation from Day 13.
21790,VINTAGE SNAP CARDS,16.7218,2011-11-26,2011-12-09,reorder_now,1115,344.1797,753.1083,5,Inventory-position-based recommendation from Day 13.
21791,VINTAGE HEADS AND TAILS CARD GAME,14.1273,2011-11-26,2011-12-09,reorder_now,867,271.4804,600.9804,7,Inventory-position-based recommendation from Day 13.
21792,CLASSIC FRENCH STYLE BASKET GREEN,0.0875,2011-11-26,2011-12-09,no_order_required,0,0.0000,0.0000,14,Inventory-position-based recommendation from Day 13.
21793,CLASSIC FRENCH STYLE BASKET BROWN,0.5382,2011-11-26,2011-12-09,reorder_now,15,8.9139,12.4496,3,Inventory-position-based recommendation from Day 13.
21794,adjustment,0.0875,2011-11-26,2011-12-09,no_order_required,0,0.0000,0.0000,10,Inventory-position-based recommendation from Day 13.
21795,UNKNOWN,0.0875,2011-11-26,2011-12-09,no_order_required,0,0.0000,0.0000,7,Inventory-position-based recommendation from Day 13.
21796,UNKNOWN,0.0875,2011-11-26,2011-12-09,no_order_required,0,0.0000,0.0000,14,Inventory-position-based recommendation from Day 13.
21801,CHRISTMAS TREE DECORATION WITH BELL,0.0881,2011-11-26,2011-12-09,no_order_required,0,0.0000,0.0000,7,Inventory-position-based recommendation from Day 13.
21802,CHRISTMAS TREE HEART DECORATION,0.1821,2011-11-26,2011-12-09,no_order_required,0,0.6826,0.8611,5,Inventory-position-based recommendation from Day 13.
21803,CHRISTMAS TREE STAR DECORATION,4.2623,2011-11-26,2011-12-09,reorder_now,116,52.6942,83.3370,3,Inventory-position-based recommendation from Day 13.
21804,dotcom,2.9451,2011-11-26,2011-12-09,reorder_now,69,28.6607,45.8036,3,Inventory-position-based recommendation from Day 13.
21805,WHITE CHRISTMAS TREE DECORATION,0.0875,2011-11-26,2011-12-09,no_order_required,0,0.0000,0.0000,5,Inventory-position-based recommendation from Day 13.
21806,WHITE CHRISTMAS HEART DECORATION,0.0875,2011-11-26,2011-12-09,no_order_required,0,0.0000,0.0000,3,Inventory-position-based recommendation from Day 13.
21807,WHITE CHRISTMAS STAR DECORATION,0.1824,2011-11-26,2011-12-09,reorder_now,12,9.6913,12.6913,7,Inventory-position-based recommendation from Day 13.
21808,"CHRISTMAS GARLAND STARS,TREES",0.6833,2011-11-26,2011-12-09,reorder_now,24,10.7167,19.2881,5,Inventory-position-based recommendation from Day 13.
21809,CHRISTMAS HANGING TREE WITH BELL,1.1622,2011-11-26,2011-12-09,reorder_now,87,44.0960,67.1317,5,Inventory-position-based recommendation from Day 13.
21810,CHRISTMAS HANGING STAR WITH BELL,16.2156,2011-11-26,2011-12-09,reorder_now,1977,726.1404,1956.1404,14,Inventory-position-based recommendation from Day 13.
21811,UNKNOWN,5.3698,2011-11-26,2011-12-09,reorder_now,295,136.6052,201.2124,3,Inventory-position-based recommendation from Day 13.
21812,GARLAND WITH HEARTS AND BELLS,1.2860,2011-11-26,2011-12-09,reorder_now,30,16.0035,29.3964,5,Inventory-position-based recommendation from Day 13.
21813,GARLAND WITH STARS AND BELLS,4.1879,2011-11-26,2011-12-09,reorder_now,79,20.9178,41.4892,3,Inventory-position-based recommendation from Day 13.
21814,HEART T-LIGHT HOLDER,0.3652,2011-11-26,2011-12-09,reorder_now,24,13.4319,19.1462,5,Inventory-position-based recommendation from Day 13.
21815,STAR T-LIGHT HOLDER,0.2907,2011-11-26,2011-12-09,reorder_now,16,9.8923,14.1423,7,Inventory-position-based recommendation from Day 13.
21816,CHRISTMAS TREE T-LIGHT HOLDER,0.1953,2011-11-26,2011-12-09,reorder_now,4,1.9198,2.5627,3,Inventory-position-based recommendation from Day 13.
21817,GLITTER CHRISTMAS TREE,0.2648,2011-11-26,2011-12-09,no_order_required,0,0.0000,0.0000,10,Inventory-position-based recommendation from Day 13.
21818,GLITTER HEART DECORATION,11.0220,2011-11-26,2011-12-09,reorder_now,600,229.5503,544.9074,10,Inventory-position-based recommendation from Day 13.
21819,GLITTER CHRISTMAS STAR,11.1537,2011-11-26,2011-12-09,reorder_now,556,187.7234,325.7234,3,Inventory-position-based recommendation from Day 13.
21820,GLITTER HEART GARLAND WITH BELLS,1.9064,2011-11-26,2011-12-09,reorder_now,44,25.2426,38.2068,3,Inventory-position-based recommendation from Day 13.
21821,GLITTER STAR GARLAND WITH BELLS,1.5027,2011-11-26,2011-12-09,reorder_now,35,16.2841,29.1412,5,Inventory-position-based recommendation from Day 13.
21822,GLITTER CHRISTMAS TREE WITH BELLS,8.5200,2011-11-26,2011-12-09,no_order_required,0,111.5046,328.0046,14,Inventory-position-based recommendation from Day 13.
21823,amazon adjust,0.1445,2011-11-26,2011-12-09,reorder_now,8,5.2939,6.4725,3,Inventory-position-based recommendation from Day 13.
21824,PAINTED METAL STAR WITH HOLLY BELLS,0.4626,2011-11-26,2011-12-09,no_order_required,0,1.1421,1.6421,14,Inventory-position-based recommendation from Day 13.
21825,PAINTED METAL TREE WITH HOLLY BELLS,0.0875,2011-11-26,2011-12-09,no_order_required,0,0.0000,0.0000,5,Inventory-position-based recommendation from Day 13.
21826,UNKNOWN,0.0875,2011-11-26,2011-12-09,no_order_required,0,0.0000,0.0000,14,Inventory-position-based recommendation from Day 13.
21827,EIGHT PIECE CREEPY CRAWLIE SET,0.0875,2011-11-26,2011-12-09,no_order_required,0,0.0000,0.0000,5,Inventory-position-based recommendation from Day 13.
21828,EIGHT PIECE SNAKE SET,1.0558,2011-11-26,2011-12-09,reorder_now,37,16.3913,29.7841,5,Inventory-position-based recommendation from Day 13.
21829,adjustment,0.0875,2011-11-26,2011-12-09,no_order_required,0,0.0000,0.0000,5,Inventory-position-based recommendation from Day 13.
21830,ASSORTED CREEPY CRAWLIES,0.1121,2011-11-26,2011-12-09,no_order_required,0,0.8076,1.0576,7,Inventory-position-based recommendation from Day 13.
21832,CHOCOLATE CALCULATOR,2.9413,2011-11-26,2011-12-09,no_order_required,0,47.9125,117.4125,14,Inventory-position-based recommendation from Day 13.
21833,CAMOUFLAGE LED TORCH,6.3617,2011-11-26,2011-12-09,reorder_now,134,48.6316,91.8102,3,Inventory-position-based recommendation from Day 13.
21836,GINGHAM OVEN GLOVE RED HEART,0.0875,2011-11-26,2011-12-09,no_order_required,0,0.0000,0.0000,7,Inventory-position-based recommendation from Day 13.
21837,UNKNOWN,0.0875,2011-11-26,2011-12-09,no_order_required,0,0.0000,0.0000,10,Inventory-position-based recommendation from Day 13.
21839,MUMMY MOUSE RED GINGHAM RIBBON,0.0875,2011-11-26,2011-12-09,no_order_required,0,0.0000,0.0000,3,Inventory-position-based recommendation from Day 13.
21841,BABY MOUSE RED GINGHAM DRESS,0.2271,2011-11-26,2011-12-09,reorder_now,6,5.2638,8.5138,7,Inventory-position-based recommendation from Day 13.
21843,RED RETROSPOT CAKE STAND,4.8313,2011-11-26,2011-12-09,reorder_now,265,154.0045,262.0045,7,Inventory-position-based recommendation from Day 13.
21844,RED RETROSPOT MUG,1.3864,2011-11-26,2011-12-09,no_order_required,0,13.4305,26.6805,7,Inventory-position-based recommendation from Day 13.
21845,DAIRY MAID STRIPE MUG,0.3650,2011-11-26,2011-12-09,reorder_now,86,48.2251,73.9394,10,Inventory-position-based recommendation from Day 13.
21846,PINK DIAMANTE PEN IN GIFT BOX,0.5391,2011-11-26,2011-12-09,reorder_now,12,8.6217,13.9788,5,Inventory-position-based recommendation from Day 13.
21847,GREEN DIAMANTE PEN IN GIFT BOX,0.0975,2011-11-26,2011-12-09,no_order_required,0,0.6826,0.8611,5,Inventory-position-based recommendation from Day 13.
21849,SILVER DIAMANTE PEN IN GIFT BOX,0.3090,2011-11-26,2011-12-09,reorder_now,5,2.1988,3.3774,3,Inventory-position-based recommendation from Day 13.
21850,BLUE DIAMANTE PEN IN GIFT BOX,0.3009,2011-11-26,2011-12-09,reorder_now,4,2.8994,5.3994,7,Inventory-position-based recommendation from Day 13.
21851,LILAC DIAMANTE PEN IN GIFT BOX,0.1642,2011-11-26,2011-12-09,reorder_now,5,1.9921,3.7778,10,Inventory-position-based recommendation from Day 13.
21864,UNION JACK FLAG PASSPORT COVER,0.8270,2011-11-26,2011-12-09,reorder_now,43,25.0581,33.5224,3,Inventory-position-based recommendation from Day 13.
21865,PINK UNION JACK PASSPORT COVER,0.5141,2011-11-26,2011-12-09,reorder_now,17,6.5731,14.4303,10,Inventory-position-based recommendation from Day 13.
21866,UNION JACK FLAG LUGGAGE TAG,1.1445,2011-11-26,2011-12-09,reorder_now,73,33.7582,70.7582,14,Inventory-position-based recommendation from Day 13.
21867,PINK UNION JACK LUGGAGE TAG,0.5808,2011-11-26,2011-12-09,no_order_required,0,6.6747,14.8890,10,Inventory-position-based recommendation from Day 13.
21868,POTTING SHED TEA MUG,2.3788,2011-11-26,2011-12-09,reorder_now,372,183.5536,324.5536,14,Inventory-position-based recommendation from Day 13.
21869,UNKNOWN,0.0875,2011-11-26,2011-12-09,no_order_required,0,0.0000,0.0000,3,Inventory-position-based recommendation from Day 13.
21870,I CAN ONLY PLEASE ONE PERSON MUG,0.0875,2011-11-26,2011-12-09,no_order_required,0,0.0000,0.0000,7,Inventory-position-based recommendation from Day 13.
21871,SAVE THE PLANET MUG,5.8149,2011-11-26,2011-12-09,reorder_now,135,61.1221,126.6578,5,Inventory-position-based recommendation from Day 13.
21872,GLAMOROUS MUG,1.6280,2011-11-26,2011-12-09,reorder_now,53,20.7445,39.6730,5,Inventory-position-based recommendation from Day 13.
21873,IF YOU CAN'T STAND THE HEAT MUG,0.6685,2011-11-26,2011-12-09,reorder_now,22,12.2571,19.5786,5,Inventory-position-based recommendation from Day 13.
21874,GIN AND TONIC MUG,4.0361,2011-11-26,2011-12-09,reorder_now,123,45.8533,86.2104,5,Inventory-position-based recommendation from Day 13.
21875,KINGS CHOICE MUG,1.5817,2011-11-26,2011-12-09,reorder_now,128,63.0861,147.0861,14,Inventory-position-based recommendation from Day 13.
21876,POTTERING MUG,4.3311,2011-11-26,2011-12-09,reorder_now,89,40.2071,89.3143,5,Inventory-position-based recommendation from Day 13.
21877,HOME SWEET HOME MUG,3.3127,2011-11-26,2011-12-09,reorder_now,247,105.4071,220.9071,14,Inventory-position-based recommendation from Day 13.
21878,PACK OF 6 SANDCASTLE FLAGS ASSORTED,0.4733,2011-11-26,2011-12-09,reorder_now,7,4.0784,7.2927,5,Inventory-position-based recommendation from Day 13.
21879,HEARTS GIFT TAPE,0.2267,2011-11-26,2011-12-09,reorder_now,23,13.8039,21.8039,14,Inventory-position-based recommendation from Day 13.
21880,RED RETROSPOT TAPE,1.7315,2011-11-26,2011-12-09,reorder_now,39,13.0095,22.2238,3,Inventory-position-based recommendation from Day 13.
21881,CUTE CATS TAPE,0.3226,2011-11-26,2011-12-09,reorder_now,14,11.6353,18.4210,10,Inventory-position-based recommendation from Day 13.
21882,SKULLS TAPE,0.3721,2011-11-26,2011-12-09,reorder_now,26,16.0525,24.9811,10,Inventory-position-based recommendation from Day 13.
21883,STARS GIFT TAPE,0.7741,2011-11-26,2011-12-09,reorder_now,30,19.3576,33.3576,7,Inventory-position-based recommendation from Day 13.
21884,CAKES AND BOWS GIFT TAPE,0.3074,2011-11-26,2011-12-09,reorder_now,10,8.1906,11.0478,5,Inventory-position-based recommendation from Day 13.
21888,BINGO SET,5.4445,2011-11-26,2011-12-09,no_order_required,0,41.1448,123.1448,14,Inventory-position-based recommendation from Day 13.
21889,WOODEN BOX OF DOMINOES,14.8301,2011-11-26,2011-12-09,reorder_now,457,128.3273,259.8987,3,Inventory-position-based recommendation from Day 13.
21890,S/6 WOODEN SKITTLES IN COTTON BAG,2.2252,2011-11-26,2011-12-09,reorder_now,31,22.5975,50.8475,7,Inventory-position-based recommendation from Day 13.
21891,TRADITIONAL WOODEN SKIPPING ROPE,11.5904,2011-11-26,2011-12-09,reorder_now,689,320.7817,702.2103,10,Inventory-position-based recommendation from Day 13.
21892,TRADITIONAL WOODEN CATCH CUP GAME,9.6382,2011-11-26,2011-12-09,reorder_now,556,224.8354,551.8354,14,Inventory-position-based recommendation from Day 13.
21894,POTTING SHED SEED ENVELOPES,0.9211,2011-11-26,2011-12-09,reorder_now,28,15.3697,27.6197,7,Inventory-position-based recommendation from Day 13.
21895,POTTING SHED SOW 'N' GROW SET,0.0875,2011-11-26,2011-12-09,no_order_required,0,0.0000,0.0000,3,Inventory-position-based recommendation from Day 13.
21896,POTTING SHED TWINE,0.2395,2011-11-26,2011-12-09,reorder_now,7,5.0507,11.0507,14,Inventory-position-based recommendation from Day 13.
21897,UNKNOWN,0.0875,2011-11-26,2011-12-09,no_order_required,0,0.0000,0.0000,3,Inventory-position-based recommendation from Day 13.
21898,UNKNOWN,0.0875,2011-11-26,2011-12-09,no_order_required,0,0.0000,0.0000,14,Inventory-position-based recommendation from Day 13.
21899,GARAGE KEY FOB,2.5991,2011-11-26,2011-12-09,reorder_now,78,33.3272,60.6487,5,Inventory-position-based recommendation from Day 13.
21900,"KEY FOB , SHED",4.0898,2011-11-26,2011-12-09,reorder_now,86,37.9626,86.2126,7,Inventory-position-based recommendation from Day 13.
21901,"KEY FOB , BACK DOOR",2.8945,2011-11-26,2011-12-09,reorder_now,99,32.6713,81.5999,10,Inventory-position-based recommendation from Day 13.
21902,"KEY FOB , FRONT DOOR",2.0287,2011-11-26,2011-12-09,reorder_now,96,38.5860,82.8717,10,Inventory-position-based recommendation from Day 13.
21903,MAN FLU METAL SIGN,1.1488,2011-11-26,2011-12-09,reorder_now,79,37.3591,59.5019,5,Inventory-position-based recommendation from Day 13.
21904,UNKNOWN,0.0875,2011-11-26,2011-12-09,no_order_required,0,0.0000,0.0000,5,Inventory-position-based recommendation from Day 13.
21905,MORE BUTTER METAL SIGN,1.2670,2011-11-26,2011-12-09,reorder_now,79,40.1127,56.9341,3,Inventory-position-based recommendation from Day 13.
21906,PHARMACIE FIRST AID TIN,0.4105,2011-11-26,2011-12-09,reorder_now,11,6.3488,13.4916,10,Inventory-position-based recommendation from Day 13.
21907,I'M ON HOLIDAY METAL SIGN,1.8755,2011-11-26,2011-12-09,reorder_now,55,21.5890,36.3747,3,Inventory-position-based recommendation from Day 13.
21908,CHOCOLATE THIS WAY METAL SIGN,5.2266,2011-11-26,2011-12-09,reorder_now,168,74.1572,117.5501,3,Inventory-position-based recommendation from Day 13.
21910,WAY OUT METAL SIGN,0.0875,2011-11-26,2011-12-09,no_order_required,0,0.0000,0.0000,5,Inventory-position-based recommendation from Day 13.
21911,UNKNOWN,0.0875,2011-11-26,2011-12-09,no_order_required,0,0.0000,0.0000,14,Inventory-position-based recommendation from Day 13.
21912,VINTAGE SNAKES & LADDERS,4.8712,2011-11-26,2011-12-09,reorder_now,267,125.5252,225.2752,7,Inventory-position-based recommendation from Day 13.
21913,VINTAGE SEASIDE JIGSAW PUZZLES,0.4663,2011-11-26,2011-12-09,reorder_now,7,3.1262,5.2691,3,Inventory-position-based recommendation from Day 13.
21914,BLUE HARMONICA IN BOX,15.6445,2011-11-26,2011-12-09,reorder_now,905,287.6827,935.5398,10,Inventory-position-based recommendation from Day 13.
21915,RED HARMONICA IN BOX,4.5304,2011-11-26,2011-12-09,reorder_now,1438,785.5203,1088.1989,5,Inventory-position-based recommendation from Day 13.
21916,SET 12 RETRO WHITE CHALK STICKS,4.9825,2011-11-26,2011-12-09,reorder_now,201,71.2120,208.2120,14,Inventory-position-based recommendation from Day 13.
21917,SET 12 KIDS WHITE CHALK STICKS,2.9366,2011-11-26,2011-12-09,reorder_now,172,69.8185,183.8185,14,Inventory-position-based recommendation from Day 13.
21918,SET 12 KIDS COLOUR CHALK STICKS,7.9306,2011-11-26,2011-12-09,reorder_now,102,57.8000,147.0500,7,Inventory-position-based recommendation from Day 13.
21922,UNION STRIPE WITH FRINGE HAMMOCK,0.2647,2011-11-26,2011-12-09,reorder_now,6,3.9843,7.5557,10,Inventory-position-based recommendation from Day 13.
21923,UNKNOWN,0.0875,2011-11-26,2011-12-09,no_order_required,0,0.0000,0.0000,14,Inventory-position-based recommendation from Day 13.
21924,UNKNOWN,0.0875,2011-11-26,2011-12-09,no_order_required,0,0.0000,0.0000,10,Inventory-position-based recommendation from Day 13.
21925,UNION STRIPE CUSHION COVER,0.1207,2011-11-26,2011-12-09,reorder_now,4,3.2304,4.2304,7,Inventory-position-based recommendation from Day 13.
21926,RED/CREAM STRIPE CUSHION COVER,0.2404,2011-11-26,2011-12-09,reorder_now,18,9.4287,12.7501,3,Inventory-position-based recommendation from Day 13.
21927,BLUE/CREAM STRIPE CUSHION COVER,0.6643,2011-11-26,2011-12-09,reorder_now,30,16.8834,29.8834,7,Inventory-position-based recommendation from Day 13.
21928,JUMBO BAG SCANDINAVIAN BLUE PAISLEY,9.6574,2011-11-26,2011-12-09,reorder_now,245,83.0169,145.3740,3,Inventory-position-based recommendation from Day 13.
21929,JUMBO BAG PINK VINTAGE PAISLEY,8.6683,2011-11-26,2011-12-09,reorder_now,361,135.4271,363.4271,14,Inventory-position-based recommendation from Day 13.
21930,JUMBO STORAGE BAG SKULLS,9.6718,2011-11-26,2011-12-09,reorder_now,284,118.0462,258.0462,7,Inventory-position-based recommendation from Day 13.
21931,JUMBO STORAGE BAG SUKI,13.2706,2011-11-26,2011-12-09,reorder_now,358,208.7497,639.7497,14,Inventory-position-based recommendation from Day 13.
21932,SCANDINAVIAN PAISLEY PICNIC BAG,2.8066,2011-11-26,2011-12-09,no_order_required,0,23.5810,53.8310,7,Inventory-position-based recommendation from Day 13.
21933,PINK VINTAGE PAISLEY PICNIC BAG,2.4754,2011-11-26,2011-12-09,reorder_now,62,28.4679,76.3250,10,Inventory-position-based recommendation from Day 13.
21934,SKULL SHOULDER BAG,8.2393,2011-11-26,2011-12-09,reorder_now,216,73.5916,267.5916,14,Inventory-position-based recommendation from Day 13.
21935,SUKI SHOULDER BAG,10.0626,2011-11-26,2011-12-09,reorder_now,196,64.0909,168.1981,5,Inventory-position-based recommendation from Day 13.
21936,RED RETROSPOT PICNIC BAG,0.9992,2011-11-26,2011-12-09,no_order_required,0,18.0077,50.0077,14,Inventory-position-based recommendation from Day 13.
21937,STRAWBERRY PICNIC BAG,0.3572,2011-11-26,2011-12-09,reorder_now,45,26.9254,32.8183,3,Inventory-position-based recommendation from Day 13.
21942,SKULLS DESIGN FLANNEL,1.0230,2011-11-26,2011-12-09,reorder_now,51,24.2994,41.5494,7,Inventory-position-based recommendation from Day 13.
21943,CAKES AND RABBITS DESIGN FLANNEL,0.2057,2011-11-26,2011-12-09,reorder_now,3,1.1690,1.8119,3,Inventory-position-based recommendation from Day 13.
21944,KITTENS DESIGN FLANNEL,0.8609,2011-11-26,2011-12-09,reorder_now,40,17.5611,26.7753,3,Inventory-position-based recommendation from Day 13.
21945,STRAWBERRIES DESIGN FLANNEL,0.9228,2011-11-26,2011-12-09,reorder_now,35,17.0522,27.4093,5,Inventory-position-based recommendation from Day 13.
21946,PARTY TIME DESIGN FLANNEL,0.1954,2011-11-26,2011-12-09,reorder_now,5,3.5247,4.9533,5,Inventory-position-based recommendation from Day 13.
21947,SET OF 6 HEART CHOPSTICKS,0.9070,2011-11-26,2011-12-09,reorder_now,14,5.0996,8.9568,3,Inventory-position-based recommendation from Day 13.
21948,SET OF 6 CAKE CHOPSTICKS,0.6278,2011-11-26,2011-12-09,reorder_now,46,24.0972,48.5972,14,Inventory-position-based recommendation from Day 13.
21949,SET OF 6 STRAWBERRY CHOPSTICKS,0.8469,2011-11-26,2011-12-09,reorder_now,21,10.5969,18.8112,5,Inventory-position-based recommendation from Day 13.
21955,DOORMAT UNION JACK GUNS AND ROSES,0.4150,2011-11-26,2011-12-09,reorder_now,28,16.9150,28.7007,10,Inventory-position-based recommendation from Day 13.
21967,PACK OF 12 SKULL TISSUES,2.6645,2011-11-26,2011-12-09,reorder_now,138,72.1204,169.6204,14,Inventory-position-based recommendation from Day 13.
21972,SET OF 36 DINOSAUR PAPER DOILIES,0.3922,2011-11-26,2011-12-09,reorder_now,26,16.6632,22.7347,5,Inventory-position-based recommendation from Day 13.
21973,SET OF 36 MUSHROOM PAPER DOILIES,0.1267,2011-11-26,2011-12-09,no_order_required,0,1.1421,1.6421,14,Inventory-position-based recommendation from Day 13.
21974,SET OF 36 PAISLEY FLOWER DOILIES,3.8215,2011-11-26,2011-12-09,reorder_now,83,36.6303,77.8803,5,Inventory-position-based recommendation from Day 13.
21975,PACK OF 60 DINOSAUR CAKE CASES,8.3632,2011-11-26,2011-12-09,reorder_now,290,91.8366,156.0151,3,Inventory-position-based recommendation from Day 13.
21976,PACK OF 60 MUSHROOM CAKE CASES,3.6946,2011-11-26,2011-12-09,reorder_now,71,24.0358,41.9287,3,Inventory-position-based recommendation from Day 13.
21977,PACK OF 60 PINK PAISLEY CAKE CASES,12.9580,2011-11-26,2011-12-09,reorder_now,766,315.2402,784.5259,10,Inventory-position-based recommendation from Day 13.
21980,PACK OF 12 RED RETROSPOT TISSUES,4.4612,2011-11-26,2011-12-09,reorder_now,120,32.6845,61.9345,3,Inventory-position-based recommendation from Day 13.
21981,PACK OF 12 WOODLAND TISSUES,3.6136,2011-11-26,2011-12-09,reorder_now,93,64.5038,144.5038,10,Inventory-position-based recommendation from Day 13.
21982,PACK OF 12 SUKI TISSUES,7.5650,2011-11-26,2011-12-09,reorder_now,120,49.7804,93.6018,3,Inventory-position-based recommendation from Day 13.
21983,PACK OF 12 BLUE PAISLEY TISSUES,2.0107,2011-11-26,2011-12-09,reorder_now,119,58.0769,119.1483,10,Inventory-position-based recommendation from Day 13.
21984,PACK OF 12 PINK PAISLEY TISSUES,1.7823,2011-11-26,2011-12-09,reorder_now,56,35.1630,63.1630,7,Inventory-position-based recommendation from Day 13.
21985,PACK OF 12 HEARTS DESIGN TISSUES,6.5518,2011-11-26,2011-12-09,reorder_now,246,74.1208,183.6208,7,Inventory-position-based recommendation from Day 13.
21986,PACK OF 12 PINK POLKADOT TISSUES,1.7426,2011-11-26,2011-12-09,reorder_now,70,33.8308,58.6522,5,Inventory-position-based recommendation from Day 13.
21987,PACK OF 6 SKULL PAPER CUPS,1.7261,2011-11-26,2011-12-09,reorder_now,75,45.2964,104.2964,14,Inventory-position-based recommendation from Day 13.
21988,PACK OF 6 SKULL PAPER PLATES,1.5120,2011-11-26,2011-12-09,reorder_now,53,20.5069,31.8640,3,Inventory-position-based recommendation from Day 13.
21989,PACK OF 20 SKULL PAPER NAPKINS,2.7812,2011-11-26,2011-12-09,reorder_now,85,39.6499,94.6499,10,Inventory-position-based recommendation from Day 13.
21990,MODERN FLORAL STATIONERY SET,7.8054,2011-11-26,2011-12-09,reorder_now,119,31.4165,66.1308,3,Inventory-position-based recommendation from Day 13.
21991,BOHEMIAN COLLAGE STATIONERY SET,2.7105,2011-11-26,2011-12-09,no_order_required,0,23.1848,56.6848,7,Inventory-position-based recommendation from Day 13.
21992,check,0.8875,2011-11-26,2011-12-09,reorder_now,11,8.6307,11.7378,3,Inventory-position-based recommendation from Day 13.
21993,FLORAL FOLK STATIONERY SET,9.4242,2011-11-26,2011-12-09,reorder_now,121,54.4481,162.9481,7,Inventory-position-based recommendation from Day 13.
22021,BLUE FELT EASTER EGG BASKET,0.0875,2011-11-26,2011-12-09,no_order_required,0,0.0000,0.0000,14,Inventory-position-based recommendation from Day 13.
22023,EMPIRE BIRTHDAY CARD,0.9092,2011-11-26,2011-12-09,reorder_now,25,15.8175,26.1747,5,Inventory-position-based recommendation from Day 13.
22024,RAINY LADIES BIRTHDAY CARD,1.9897,2011-11-26,2011-12-09,reorder_now,128,78.3206,124.0706,7,Inventory-position-based recommendation from Day 13.
22025,RING OF ROSES BIRTHDAY CARD,0.7232,2011-11-26,2011-12-09,reorder_now,32,20.6820,39.6106,10,Inventory-position-based recommendation from Day 13.
22026,BANQUET BIRTHDAY CARD,1.1162,2011-11-26,2011-12-09,reorder_now,64,29.2957,54.2957,7,Inventory-position-based recommendation from Day 13.
22027,TEA PARTY BIRTHDAY CARD,4.5745,2011-11-26,2011-12-09,reorder_now,123,46.0080,82.5437,3,Inventory-position-based recommendation from Day 13.
22028,PENNY FARTHING BIRTHDAY CARD,4.5574,2011-11-26,2011-12-09,reorder_now,94,44.0053,103.7553,7,Inventory-position-based recommendation from Day 13.
22029,SPACEBOY BIRTHDAY CARD,9.5425,2011-11-26,2011-12-09,reorder_now,535,222.7562,481.6848,10,Inventory-position-based recommendation from Day 13.
22030,SWALLOWS GREETING CARD,5.6573,2011-11-26,2011-12-09,reorder_now,661,346.0852,457.4067,3,Inventory-position-based recommendation from Day 13.
22031,BOTANICAL LAVENDER BIRTHDAY CARD,0.5186,2011-11-26,2011-12-09,reorder_now,56,22.0117,43.4402,10,Inventory-position-based recommendation from Day 13.
22032,BOTANICAL LILY GREETING CARD,0.4899,2011-11-26,2011-12-09,reorder_now,28,14.0128,20.7985,5,Inventory-position-based recommendation from Day 13.
22033,BOTANICAL ROSE GREETING CARD,0.1084,2011-11-26,2011-12-09,no_order_required,0,0.8076,1.0576,7,Inventory-position-based recommendation from Day 13.
22034,ROBIN CHRISTMAS CARD,0.1411,2011-11-26,2011-12-09,no_order_required,0,0.7337,0.9480,3,Inventory-position-based recommendation from Day 13.
22035,VINTAGE CARAVAN GREETING CARD,0.0880,2011-11-26,2011-12-09,no_order_required,0,0.0000,0.0000,14,Inventory-position-based recommendation from Day 13.
22036,DINOSAUR BIRTHDAY CARD,0.0875,2011-11-26,2011-12-09,no_order_required,0,0.0000,0.0000,3,Inventory-position-based recommendation from Day 13.
22037,ROBOT BIRTHDAY CARD,5.7471,2011-11-26,2011-12-09,reorder_now,452,195.8692,471.3692,14,Inventory-position-based recommendation from Day 13.
22038,BOTANICAL LAVENDER GIFT WRAP,0.2689,2011-11-26,2011-12-09,reorder_now,59,28.4397,41.8325,5,Inventory-position-based recommendation from Day 13.
22040,BOTANICAL ROSE GIFT WRAP,0.1997,2011-11-26,2011-12-09,reorder_now,44,23.6808,32.6093,5,Inventory-position-based recommendation from Day 13.
22041,"RECORD FRAME 7"" SINGLE SIZE",4.8367,2011-11-26,2011-12-09,reorder_now,229,109.6840,157.6840,3,Inventory-position-based recommendation from Day 13.
22042,CHRISTMAS CARD SINGING ANGEL,1.0462,2011-11-26,2011-12-09,reorder_now,71,31.3028,58.5528,7,Inventory-position-based recommendation from Day 13.
22043,CHRISTMAS CARD SCREEN PRINT,4.1377,2011-11-26,2011-12-09,reorder_now,218,98.2440,212.5297,10,Inventory-position-based recommendation from Day 13.
22044,CHRISTMAS CARD STACK OF PRESENTS,0.1087,2011-11-26,2011-12-09,no_order_required,0,0.0000,0.0000,14,Inventory-position-based recommendation from Day 13.
22045,SPACEBOY GIFT WRAP,6.2511,2011-11-26,2011-12-09,reorder_now,640,269.4266,644.4266,14,Inventory-position-based recommendation from Day 13.
22046,TEA PARTY WRAPPING PAPER,1.0803,2011-11-26,2011-12-09,reorder_now,341,161.0802,277.1516,10,Inventory-position-based recommendation from Day 13.
22047,EMPIRE GIFT WRAP,2.1525,2011-11-26,2011-12-09,reorder_now,172,92.4414,204.9414,14,Inventory-position-based recommendation from Day 13.
22048,BIRTHDAY BANQUET GIFT WRAP,0.2174,2011-11-26,2011-12-09,reorder_now,34,24.1319,33.0604,10,Inventory-position-based recommendation from Day 13.
22049,WRAP CHRISTMAS SCREEN PRINT,0.0875,2011-11-26,2011-12-09,no_order_required,0,0.0000,0.0000,10,Inventory-position-based recommendation from Day 13.
22050,PINK PAISLEY ROSE GIFT WRAP,0.2088,2011-11-26,2011-12-09,reorder_now,39,28.5532,41.0532,14,Inventory-position-based recommendation from Day 13.
22051,BLUE SCANDINAVIAN PAISLEY WRAP,0.3505,2011-11-26,2011-12-09,reorder_now,52,29.1142,37.1500,3,Inventory-position-based recommendation from Day 13.
22052,VINTAGE CARAVAN GIFT WRAP,0.0875,2011-11-26,2011-12-09,no_order_required,0,0.0000,0.0000,14,Inventory-position-based recommendation from Day 13.
22053,EMPIRE DESIGN ROSETTE,0.1037,2011-11-26,2011-12-09,no_order_required,0,0.0000,0.0000,3,Inventory-position-based recommendation from Day 13.
22054,MINI CAKE STAND HANGING HEARTS,0.0875,2011-11-26,2011-12-09,no_order_required,0,0.0000,0.0000,5,Inventory-position-based recommendation from Day 13.
22055,MINI CAKE STAND HANGING STRAWBERY,1.2123,2011-11-26,2011-12-09,reorder_now,156,60.9056,92.7271,3,Inventory-position-based recommendation from Day 13.
22056,CERAMIC PLATE LOVE HEART DESIGN,0.0875,2011-11-26,2011-12-09,no_order_required,0,0.0000,0.0000,5,Inventory-position-based recommendation from Day 13.
22057,CERAMIC PLATE STRAWBERRY DESIGN,0.8758,2011-11-26,2011-12-09,reorder_now,227,94.6317,193.6317,14,Inventory-position-based recommendation from Day 13.
22058,CERAMIC LOVE HEARTS DESIGN MUG,0.0875,2011-11-26,2011-12-09,no_order_required,0,0.0000,0.0000,7,Inventory-position-based recommendation from Day 13.
22059,CERAMIC STRAWBERRY DESIGN MUG,1.4737,2011-11-26,2011-12-09,reorder_now,544,214.8784,417.0212,10,Inventory-position-based recommendation from Day 13.
22060,LARGE CAKE STAND HANGING HEARTS,0.0875,2011-11-26,2011-12-09,no_order_required,0,0.0000,0.0000,3,Inventory-position-based recommendation from Day 13.
22061,LARGE CAKE STAND HANGING STRAWBERY,1.1616,2011-11-26,2011-12-09,reorder_now,146,58.1239,101.1597,5,Inventory-position-based recommendation from Day 13.
22062,UNKNOWN,0.0875,2011-11-26,2011-12-09,no_order_required,0,0.0000,0.0000,3,Inventory-position-based recommendation from Day 13.
22063,CERAMIC BOWL WITH STRAWBERRY DESIGN,0.7076,2011-11-26,2011-12-09,reorder_now,211,98.2834,173.9976,10,Inventory-position-based recommendation from Day 13.
22064,PINK DOUGHNUT TRINKET POT,3.9618,2011-11-26,2011-12-09,reorder_now,330,148.1298,250.8083,5,Inventory-position-based recommendation from Day 13.
22065,CHRISTMAS PUDDING TRINKET POT,15.0824,2011-11-26,2011-12-09,reorder_now,714,196.0250,366.1678,3,Inventory-position-based recommendation from Day 13.
22066,LOVE HEART TRINKET POT,3.0461,2011-11-26,2011-12-09,reorder_now,222,100.0709,183.0709,7,Inventory-position-based recommendation from Day 13.
22067,CHOC TRUFFLE GOLD TRINKET POT,0.5765,2011-11-26,2011-12-09,reorder_now,59,28.1935,44.4435,5,Inventory-position-based recommendation from Day 13.
22068,BLACK PIRATE TREASURE CHEST,0.8677,2011-11-26,2011-12-09,reorder_now,133,58.0633,92.1705,5,Inventory-position-based recommendation from Day 13.
22069,BROWN PIRATE TREASURE CHEST,1.4880,2011-11-26,2011-12-09,reorder_now,108,44.8702,76.1202,5,Inventory-position-based recommendation from Day 13.
22070,SMALL RED RETROSPOT MUG IN BOX,2.6536,2011-11-26,2011-12-09,reorder_now,300,164.6218,232.3004,5,Inventory-position-based recommendation from Day 13.
22071,SMALL WHITE RETROSPOT MUG IN BOX,1.7894,2011-11-26,2011-12-09,reorder_now,374,203.4683,292.9683,7,Inventory-position-based recommendation from Day 13.
22072,RED RETROSPOT TEA CUP AND SAUCER,1.1214,2011-11-26,2011-12-09,reorder_now,214,73.3875,181.8875,14,Inventory-position-based recommendation from Day 13.
22073,RED RETROSPOT STORAGE JAR,0.0875,2011-11-26,2011-12-09,no_order_required,0,0.0000,0.0000,7,Inventory-position-based recommendation from Day 13.
22074,6 RIBBONS SHIMMERING PINKS,2.4230,2011-11-26,2011-12-09,reorder_now,148,65.1247,125.6247,7,Inventory-position-based recommendation from Day 13.
22075,6 RIBBONS ELEGANT CHRISTMAS,8.5232,2011-11-26,2011-12-09,reorder_now,327,142.2925,220.9353,3,Inventory-position-based recommendation from Day 13.
22076,6 RIBBONS EMPIRE,4.4227,2011-11-26,2011-12-09,reorder_now,247,102.3842,185.0627,5,Inventory-position-based recommendation from Day 13.
22077,6 RIBBONS RUSTIC CHARM,11.9936,2011-11-26,2011-12-09,reorder_now,478,173.9975,467.2118,10,Inventory-position-based recommendation from Day 13.
22078,RIBBON REEL LACE DESIGN,2.0304,2011-11-26,2011-12-09,reorder_now,39,12.7552,24.0052,3,Inventory-position-based recommendation from Day 13.
22079,RIBBON REEL HEARTS DESIGN,3.8546,2011-11-26,2011-12-09,reorder_now,59,31.4967,76.2467,7,Inventory-position-based recommendation from Day 13.
22080,RIBBON REEL POLKADOTS,3.7476,2011-11-26,2011-12-09,reorder_now,95,31.0179,75.5179,7,Inventory-position-based recommendation from Day 13.
22081,RIBBON REEL FLORA + FAUNA,0.8017,2011-11-26,2011-12-09,reorder_now,63,24.9620,50.6763,10,Inventory-position-based recommendation from Day 13.
22082,RIBBON REEL STRIPES DESIGN,7.8687,2011-11-26,2011-12-09,reorder_now,119,71.2766,194.1337,10,Inventory-position-based recommendation from Day 13.
22083,PAPER CHAIN KIT RETROSPOT,10.0062,2011-11-26,2011-12-09,reorder_now,211,62.9038,127.9395,3,Inventory-position-based recommendation from Day 13.
22084,PAPER CHAIN KIT EMPIRE,0.1465,2011-11-26,2011-12-09,reorder_now,8,5.2329,7.1972,5,Inventory-position-based recommendation from Day 13.
22085,PAPER CHAIN KIT SKULLS,0.4452,2011-11-26,2011-12-09,reorder_now,24,13.2651,25.0509,10,Inventory-position-based recommendation from Day 13.
22086,PAPER CHAIN KIT 50'S CHRISTMAS,20.2834,2011-11-26,2011-12-09,reorder_now,3550,693.9088,1953.0160,5,Inventory-position-based recommendation from Day 13.
22087,PAPER BUNTING WHITE LACE,2.9029,2011-11-26,2011-12-09,reorder_now,320,126.2610,192.5824,3,Inventory-position-based recommendation from Day 13.
22088,UNKNOWN,0.0875,2011-11-26,2011-12-09,no_order_required,0,0.0000,0.0000,7,Inventory-position-based recommendation from Day 13.
22089,PAPER BUNTING VINTAGE PAISLEY,1.4292,2011-11-26,2011-12-09,reorder_now,19,9.4094,15.8380,3,Inventory-position-based recommendation from Day 13.
22090,PAPER BUNTING RETROSPOT,5.2516,2011-11-26,2011-12-09,reorder_now,104,54.7913,122.2913,7,Inventory-position-based recommendation from Day 13.
22091,EMPIRE TISSUE BOX,2.9550,2011-11-26,2011-12-09,reorder_now,140,90.5806,142.0806,7,Inventory-position-based recommendation from Day 13.
22092,BLUE PAISLEY TISSUE BOX,1.1924,2011-11-26,2011-12-09,reorder_now,71,34.8783,59.5211,10,Inventory-position-based recommendation from Day 13.
22093,MOTORING TISSUE BOX,2.7157,2011-11-26,2011-12-09,reorder_now,109,53.0620,97.8120,7,Inventory-position-based recommendation from Day 13.
22094,RED RETROSPOT TISSUE BOX,4.1092,2011-11-26,2011-12-09,reorder_now,172,70.0503,126.1217,5,Inventory-position-based recommendation from Day 13.
22095,LADS ONLY TISSUE BOX,3.6146,2011-11-26,2011-12-09,reorder_now,357,176.1928,266.9071,5,Inventory-position-based recommendation from Day 13.
22096,PINK PAISLEY SQUARE TISSUE BOX,1.5137,2011-11-26,2011-12-09,reorder_now,476,249.7320,412.7320,14,Inventory-position-based recommendation from Day 13.
22097,SWALLOW SQUARE TISSUE BOX,2.1353,2011-11-26,2011-12-09,reorder_now,274,175.0836,252.8336,7,Inventory-position-based recommendation from Day 13.
22098,BOUDOIR SQUARE TISSUE BOX,2.2365,2011-11-26,2011-12-09,reorder_now,116,47.8608,72.3966,3,Inventory-position-based recommendation from Day 13.
22099,CARAVAN SQUARE TISSUE BOX,1.2903,2011-11-26,2011-12-09,reorder_now,77,34.6559,65.0131,10,Inventory-position-based recommendation from Day 13.
22100,SKULLS SQUARE TISSUE BOX,0.6227,2011-11-26,2011-12-09,reorder_now,154,90.6270,128.6270,7,Inventory-position-based recommendation from Day 13.
22101,MIRROR MOSAIC VOTIVE HOLDER,0.5948,2011-11-26,2011-12-09,reorder_now,20,10.1230,16.7302,5,Inventory-position-based recommendation from Day 13.
22102,MIRROR MOSAIC T-LIGHT HOLDER,0.2106,2011-11-26,2011-12-09,reorder_now,4,3.1722,3.8151,3,Inventory-position-based recommendation from Day 13.
22103,MIRROR MOSAIC T-LIGHT HOLDER ROUND,0.0875,2011-11-26,2011-12-09,no_order_required,0,0.0000,0.0000,7,Inventory-position-based recommendation from Day 13.
22104,MIRROR MOSAIC CANDLE PLATE,0.3486,2011-11-26,2011-12-09,reorder_now,13,6.5731,10.8588,5,Inventory-position-based recommendation from Day 13.
22105,MIRROR MOSAIC GOBLET CANDLE HOLDER,0.1810,2011-11-26,2011-12-09,reorder_now,4,3.6084,5.3584,7,Inventory-position-based recommendation from Day 13.
22106,MIRROR MOSAIC HURRICANE LAMP,0.3889,2011-11-26,2011-12-09,reorder_now,8,4.7197,8.1126,5,Inventory-position-based recommendation from Day 13.
22107,PIZZA PLATE IN BOX,4.5425,2011-11-26,2011-12-09,reorder_now,66,57.5867,181.5867,14,Inventory-position-based recommendation from Day 13.
22108,PING! MICROWAVE PLATE,0.8418,2011-11-26,2011-12-09,reorder_now,44,17.5803,38.2946,10,Inventory-position-based recommendation from Day 13.
22109,FULL ENGLISH BREAKFAST PLATE,6.0241,2011-11-26,2011-12-09,reorder_now,194,66.5669,185.8526,10,Inventory-position-based recommendation from Day 13.
22110,BIRD HOUSE HOT WATER BOTTLE,6.6872,2011-11-26,2011-12-09,reorder_now,79,46.5224,123.0224,7,Inventory-position-based recommendation from Day 13.
22111,SCOTTIE DOG HOT WATER BOTTLE,13.4670,2011-11-26,2011-12-09,reorder_now,369,102.8957,211.1100,3,Inventory-position-based recommendation from Day 13.
22112,CHOCOLATE HOT WATER BOTTLE,16.0750,2011-11-26,2011-12-09,reorder_now,581,145.8009,429.1937,5,Inventory-position-based recommendation from Day 13.
22113,GREY HEART HOT WATER BOTTLE,11.2789,2011-11-26,2011-12-09,reorder_now,173,75.6290,257.0575,10,Inventory-position-based recommendation from Day 13.
22114,HOT WATER BOTTLE TEA AND SYMPATHY,16.1449,2011-11-26,2011-12-09,reorder_now,997,240.6655,703.6655,7,Inventory-position-based recommendation from Day 13.
22115,METAL SIGN EMPIRE TEA,4.3241,2011-11-26,2011-12-09,reorder_now,72,45.8721,123.0150,10,Inventory-position-based recommendation from Day 13.
22116,METAL SIGN HIS DINNER IS SERVED,1.1598,2011-11-26,2011-12-09,reorder_now,50,22.0521,39.8021,7,Inventory-position-based recommendation from Day 13.
22117,METAL SIGN HER DINNER IS SERVED,0.2941,2011-11-26,2011-12-09,reorder_now,4,2.7896,4.3967,5,Inventory-position-based recommendation from Day 13.
22118,JOY WOODEN BLOCK LETTERS,0.7720,2011-11-26,2011-12-09,reorder_now,56,25.4939,36.9582,3,Inventory-position-based recommendation from Day 13.
22119,PEACE WOODEN BLOCK LETTERS,0.7891,2011-11-26,2011-12-09,reorder_now,117,55.3345,93.3345,7,Inventory-position-based recommendation from Day 13.
22120,WELCOME WOODEN BLOCK LETTERS,0.9538,2011-11-26,2011-12-09,reorder_now,19,9.7460,19.2460,7,Inventory-position-based recommendation from Day 13.
22121,NOEL WOODEN BLOCK LETTERS,1.5613,2011-11-26,2011-12-09,reorder_now,49,21.2417,46.5989,10,Inventory-position-based recommendation from Day 13.
22122,SET OF 2 FANCY FONT TEA TOWELS,0.0875,2011-11-26,2011-12-09,no_order_required,0,0.0000,0.0000,5,Inventory-position-based recommendation from Day 13.
22123,PING MICROWAVE APRON,1.0638,2011-11-26,2011-12-09,reorder_now,88,32.5342,59.6771,5,Inventory-position-based recommendation from Day 13.
22124,SET OF 2 TEA TOWELS PING MICROWAVE,0.6850,2011-11-26,2011-12-09,reorder_now,56,25.9510,50.5938,10,Inventory-position-based recommendation from Day 13.
22125,UNKNOWN,0.1886,2011-11-26,2011-12-09,no_order_required,0,3.9451,5.7308,10,Inventory-position-based recommendation from Day 13.
22127,PARTY CONES CARNIVAL ASSORTED,0.0875,2011-11-26,2011-12-09,no_order_required,0,0.0000,0.0000,10,Inventory-position-based recommendation from Day 13.
22128,PARTY CONES CANDY ASSORTED,0.2034,2011-11-26,2011-12-09,reorder_now,8,6.3469,7.7397,3,Inventory-position-based recommendation from Day 13.
22129,PARTY CONES CANDY DECORATION,0.9896,2011-11-26,2011-12-09,reorder_now,38,18.4677,38.1106,10,Inventory-position-based recommendation from Day 13.
22130,PARTY CONE CHRISTMAS DECORATION,4.8954,2011-11-26,2011-12-09,reorder_now,781,441.7826,617.4968,5,Inventory-position-based recommendation from Day 13.
22131,FOOD CONTAINER SET 3 LOVE HEART,1.7138,2011-11-26,2011-12-09,reorder_now,238,115.4103,224.9103,14,Inventory-position-based recommendation from Day 13.
22132,RED LOVE HEART SHAPE CUP,0.9143,2011-11-26,2011-12-09,reorder_now,133,78.6137,113.8637,7,Inventory-position-based recommendation from Day 13.
22133,PINK LOVE HEART SHAPE CUP,0.3966,2011-11-26,2011-12-09,reorder_now,24,18.3414,30.8414,14,Inventory-position-based recommendation from Day 13.
22134,MINI LADLE LOVE HEART RED,1.0858,2011-11-26,2011-12-09,reorder_now,380,232.4572,316.9572,7,Inventory-position-based recommendation from Day 13.
22135,MINI LADLE LOVE HEART PINK,1.2193,2011-11-26,2011-12-09,reorder_now,66,22.8468,63.8468,14,Inventory-position-based recommendation from Day 13.
22136,LOVE HEART SOCK HANGER,0.0966,2011-11-26,2011-12-09,reorder_now,3,1.9306,2.6448,10,Inventory-position-based recommendation from Day 13.
22137,BATHROOM SET LOVE HEART DESIGN,0.0875,2011-11-26,2011-12-09,no_order_required,0,0.0000,0.0000,7,Inventory-position-based recommendation from Day 13.
22138,BAKING SET 9 PIECE RETROSPOT,13.8180,2011-11-26,2011-12-09,reorder_now,318,74.5091,176.0806,3,Inventory-position-based recommendation from Day 13.
22139,RETROSPOT TEA SET CERAMIC 11 PC,13.2548,2011-11-26,2011-12-09,no_order_required,0,56.1200,137.7629,3,Inventory-position-based recommendation from Day 13.
22141,CHRISTMAS CRAFT TREE TOP ANGEL,12.5090,2011-11-26,2011-12-09,reorder_now,256,163.1476,527.1476,14,Inventory-position-based recommendation from Day 13.
22142,CHRISTMAS CRAFT WHITE FAIRY,12.3493,2011-11-26,2011-12-09,reorder_now,272,141.7885,402.5028,10,Inventory-position-based recommendation from Day 13.
22143,CHRISTMAS CRAFT HEART DECORATIONS,0.0875,2011-11-26,2011-12-09,no_order_required,0,0.0000,0.0000,10,Inventory-position-based recommendation from Day 13.
22144,CHRISTMAS CRAFT LITTLE FRIENDS,14.8231,2011-11-26,2011-12-09,reorder_now,423,224.7760,804.2760,14,Inventory-position-based recommendation from Day 13.
22145,UNKNOWN,0.0875,2011-11-26,2011-12-09,no_order_required,0,0.0000,0.0000,14,Inventory-position-based recommendation from Day 13.
22146,EASTER CRAFT IVY WREATH WITH CHICK,0.0875,2011-11-26,2011-12-09,no_order_required,0,0.0000,0.0000,7,Inventory-position-based recommendation from Day 13.
22147,FELTCRAFT BUTTERFLY HEARTS,0.3303,2011-11-26,2011-12-09,reorder_now,75,40.3039,51.4467,3,Inventory-position-based recommendation from Day 13.
22148,EASTER CRAFT 4 CHICKS,0.3614,2011-11-26,2011-12-09,reorder_now,24,14.0042,23.6470,10,Inventory-position-based recommendation from Day 13.
22149,check,0.2088,2011-11-26,2011-12-09,reorder_now,62,38.8324,55.8324,14,Inventory-position-based recommendation from Day 13.
22150,3 STRIPEY MICE FELTCRAFT,8.6610,2011-11-26,2011-12-09,reorder_now,153,65.4928,154.5999,5,Inventory-position-based recommendation from Day 13.
22151,PLACE SETTING WHITE HEART,8.7169,2011-11-26,2011-12-09,reorder_now,375,97.5973,186.8473,3,Inventory-position-based recommendation from Day 13.
22152,PLACE SETTING WHITE STAR,3.3726,2011-11-26,2011-12-09,reorder_now,1065,541.6951,927.6951,14,Inventory-position-based recommendation from Day 13.
22153,ANGEL DECORATION STARS ON DRESS,6.7657,2011-11-26,2011-12-09,reorder_now,876,422.4319,774.5747,10,Inventory-position-based recommendation from Day 13.
22154,ANGEL DECORATION 3 BUTTONS,8.9833,2011-11-26,2011-12-09,reorder_now,497,184.9419,373.6919,5,Inventory-position-based recommendation from Day 13.
22155,STAR DECORATION RUSTIC,6.5683,2011-11-26,2011-12-09,reorder_now,414,202.5076,339.1147,5,Inventory-position-based recommendation from Day 13.
22156,HEART DECORATION WITH PEARLS,3.1482,2011-11-26,2011-12-09,reorder_now,210,96.3980,191.3980,10,Inventory-position-based recommendation from Day 13.
22157,ANGEL DECORATION WITH LACE PADDED,0.0875,2011-11-26,2011-12-09,no_order_required,0,0.0000,0.0000,7,Inventory-position-based recommendation from Day 13.
22158,3 HEARTS HANGING DECORATION RUSTIC,11.2128,2011-11-26,2011-12-09,reorder_now,848,422.5745,811.1459,10,Inventory-position-based recommendation from Day 13.
22161,HEART DECORATION RUSTIC HANGING,2.9600,2011-11-26,2011-12-09,reorder_now,247,115.9218,180.9218,5,Inventory-position-based recommendation from Day 13.
22162,HEART GARLAND RUSTIC PADDED,0.3967,2011-11-26,2011-12-09,reorder_now,9,10.3844,20.3844,14,Inventory-position-based recommendation from Day 13.
22163,HEART STRING MEMO HOLDER HANGING,4.3321,2011-11-26,2011-12-09,reorder_now,90,40.3125,69.3482,3,Inventory-position-based recommendation from Day 13.
22164,STRING OF STARS CARD HOLDER,0.2648,2011-11-26,2011-12-09,reorder_now,19,12.6889,15.2603,3,Inventory-position-based recommendation from Day 13.
22165,"DIAMANTE HEART SHAPED WALL MIRROR,",0.8745,2011-11-26,2011-12-09,reorder_now,224,120.4907,174.2407,7,Inventory-position-based recommendation from Day 13.
22166,WALL MIRROR RECTANGLE DIAMANTE PINK,0.4052,2011-11-26,2011-12-09,reorder_now,122,77.2473,103.9973,7,Inventory-position-based recommendation from Day 13.
22167,OVAL WALL MIRROR DIAMANTE,0.5236,2011-11-26,2011-12-09,no_order_required,0,6.3819,17.8819,14,Inventory-position-based recommendation from Day 13.
22168,ORGANISER WOOD ANTIQUE WHITE,0.0875,2011-11-26,2011-12-09,no_order_required,0,0.0000,0.0000,5,Inventory-position-based recommendation from Day 13.
22169,FAMILY ALBUM WHITE PICTURE FRAME,2.0428,2011-11-26,2011-12-09,reorder_now,74,37.4801,75.4801,7,Inventory-position-based recommendation from Day 13.
22170,PICTURE FRAME WOOD TRIPLE PORTRAIT,2.0795,2011-11-26,2011-12-09,reorder_now,43,24.2003,51.7003,7,Inventory-position-based recommendation from Day 13.
22171,3 HOOK PHOTO SHELF ANTIQUE WHITE,2.0069,2011-11-26,2011-12-09,reorder_now,37,16.2200,40.9700,7,Inventory-position-based recommendation from Day 13.
22172,METAL SHELF WITH RAIL,0.0875,2011-11-26,2011-12-09,no_order_required,0,0.0000,0.0000,3,Inventory-position-based recommendation from Day 13.
22173,METAL 4 HOOK HANGER FRENCH CHATEAU,3.7762,2011-11-26,2011-12-09,reorder_now,132,59.2513,86.1442,3,Inventory-position-based recommendation from Day 13.
22174,PHOTO CUBE,6.1618,2011-11-26,2011-12-09,reorder_now,141,88.1741,206.3884,10,Inventory-position-based recommendation from Day 13.
22175,PINK OWL SOFT TOY,2.8912,2011-11-26,2011-12-09,reorder_now,94,53.8594,117.0737,10,Inventory-position-based recommendation from Day 13.
22176,amazon,0.1163,2011-11-26,2011-12-09,no_order_required,0,0.9653,1.3224,10,Inventory-position-based recommendation from Day 13.
22177,5 HOOK BLACKBOARD ORGANISER,0.0875,2011-11-26,2011-12-09,no_order_required,0,0.0000,0.0000,10,Inventory-position-based recommendation from Day 13.
22178,VICTORIAN GLASS HANGING T-LIGHT,15.1139,2011-11-26,2011-12-09,reorder_now,1417,465.9506,1263.0934,10,Inventory-position-based recommendation from Day 13.
22179,SET 10 NIGHT OWL LIGHTS,3.3449,2011-11-26,2011-12-09,reorder_now,53,31.6012,76.1012,7,Inventory-position-based recommendation from Day 13.
22180,RETROSPOT LAMP,0.0911,2011-11-26,2011-12-09,no_order_required,0,0.0000,0.0000,10,Inventory-position-based recommendation from Day 13.
22181,SNOWSTORM PHOTO FRAME FRIDGE MAGNET,0.5328,2011-11-26,2011-12-09,reorder_now,25,19.7115,31.4972,10,Inventory-position-based recommendation from Day 13.
22182,CAKE STAND VICTORIAN FILIGREE SMALL,0.3822,2011-11-26,2011-12-09,reorder_now,67,33.9693,54.9693,7,Inventory-position-based recommendation from Day 13.
22183,CAKE STAND VICTORIAN FILIGREE MED,0.0935,2011-11-26,2011-12-09,no_order_required,0,0.6826,0.8611,5,Inventory-position-based recommendation from Day 13.
22184,CAKE STAND VICTORIAN FILIGREE LARGE,0.0875,2011-11-26,2011-12-09,no_order_required,0,0.0000,0.0000,7,Inventory-position-based recommendation from Day 13.
22185,SLATE TILE NATURAL HANGING,2.4808,2011-11-26,2011-12-09,reorder_now,429,220.6006,444.6006,14,Inventory-position-based recommendation from Day 13.
22186,RED STAR CARD HOLDER,5.0737,2011-11-26,2011-12-09,no_order_required,0,43.3929,122.3214,10,Inventory-position-based recommendation from Day 13.
22187,GREEN CHRISTMAS TREE CARD HOLDER,8.2242,2011-11-26,2011-12-09,reorder_now,140,73.9812,172.4812,7,Inventory-position-based recommendation from Day 13.
22188,BLACK HEART CARD HOLDER,0.7382,2011-11-26,2011-12-09,reorder_now,445,271.4081,362.9081,7,Inventory-position-based recommendation from Day 13.
22189,CREAM HEART CARD HOLDER,5.2920,2011-11-26,2011-12-09,reorder_now,561,384.8448,629.8448,14,Inventory-position-based recommendation from Day 13.
22190,LOCAL CAFE MUG,1.0503,2011-11-26,2011-12-09,reorder_now,163,75.1463,133.3605,10,Inventory-position-based recommendation from Day 13.
22191,IVORY DINER WALL CLOCK,2.0047,2011-11-26,2011-12-09,reorder_now,38,14.3708,25.2993,3,Inventory-position-based recommendation from Day 13.
22192,BLUE DINER WALL CLOCK,1.6922,2011-11-26,2011-12-09,reorder_now,29,13.4100,40.1957,10,Inventory-position-based recommendation from Day 13.
22193,RED DINER WALL CLOCK,2.4483,2011-11-26,2011-12-09,reorder_now,59,23.3388,47.6245,5,Inventory-position-based recommendation from Day 13.
22194,UNKNOWN,0.0875,2011-11-26,2011-12-09,no_order_required,0,0.0000,0.0000,14,Inventory-position-based recommendation from Day 13.
22195,LARGE HEART MEASURING SPOONS,4.6257,2011-11-26,2011-12-09,reorder_now,115,102.5987,240.5987,14,Inventory-position-based recommendation from Day 13.
22196,SMALL HEART MEASURING SPOONS,7.5199,2011-11-26,2011-12-09,reorder_now,510,200.4162,454.9162,14,Inventory-position-based recommendation from Day 13.
22197,POPCORN HOLDER,20.8220,2011-11-26,2011-12-09,reorder_now,9410,2826.8008,6311.3008,7,Inventory-position-based recommendation from Day 13.
22198,LARGE POPCORN HOLDER,0.0875,2011-11-26,2011-12-09,no_order_required,0,0.0000,0.0000,10,Inventory-position-based recommendation from Day 13.
22199,FRYING PAN RED RETROSPOT,0.9234,2011-11-26,2011-12-09,reorder_now,115,47.4367,105.4367,14,Inventory-position-based recommendation from Day 13.
22200,FRYING PAN PINK POLKADOT,0.7077,2011-11-26,2011-12-09,reorder_now,36,17.1221,32.1221,7,Inventory-position-based recommendation from Day 13.
22201,FRYING PAN BLUE POLKADOT,0.4060,2011-11-26,2011-12-09,reorder_now,20,11.7672,20.2672,7,Inventory-position-based recommendation from Day 13.
22202,UNKNOWN,0.0875,2011-11-26,2011-12-09,no_order_required,0,0.0000,0.0000,5,Inventory-position-based recommendation from Day 13.
22203,MILK PAN RED RETROSPOT,0.8092,2011-11-26,2011-12-09,reorder_now,86,43.6185,90.6185,14,Inventory-position-based recommendation from Day 13.
22204,MILK PAN BLUE POLKADOT,0.2288,2011-11-26,2011-12-09,reorder_now,15,7.5122,10.1908,3,Inventory-position-based recommendation from Day 13.
22207,FRYING PAN UNION FLAG,1.7821,2011-11-26,2011-12-09,reorder_now,176,79.4179,154.4179,14,Inventory-position-based recommendation from Day 13.
22208,WOOD STAMP SET THANK YOU,6.5098,2011-11-26,2011-12-09,reorder_now,111,97.4041,267.4041,14,Inventory-position-based recommendation from Day 13.
22209,WOOD STAMP SET HAPPY BIRTHDAY,1.3815,2011-11-26,2011-12-09,reorder_now,150,73.3084,144.8084,14,Inventory-position-based recommendation from Day 13.
22210,WOOD STAMP SET BEST WISHES,2.5847,2011-11-26,2011-12-09,reorder_now,102,46.5850,81.2279,5,Inventory-position-based recommendation from Day 13.
22211,WOOD STAMP SET FLOWERS,3.1144,2011-11-26,2011-12-09,reorder_now,95,34.3821,103.3821,14,Inventory-position-based recommendation from Day 13.
22212,FOUR HOOK WHITE LOVEBIRDS,3.2237,2011-11-26,2011-12-09,reorder_now,90,27.2296,61.6939,5,Inventory-position-based recommendation from Day 13.
22214,CANDLE PLATE LACE WHITE,0.1983,2011-11-26,2011-12-09,reorder_now,31,20.1614,26.9114,7,Inventory-position-based recommendation from Day 13.
22215,CAKE STAND WHITE TWO TIER LACE,0.5472,2011-11-26,2011-12-09,reorder_now,52,21.8635,32.3635,3,Inventory-position-based recommendation from Day 13.
22216,T-LIGHT HOLDER WHITE LACE,0.5126,2011-11-26,2011-12-09,reorder_now,171,81.7312,130.7312,7,Inventory-position-based recommendation from Day 13.
22217,T-LIGHT HOLDER HANGING LACE,1.2247,2011-11-26,2011-12-09,reorder_now,209,82.4189,124.8475,3,Inventory-position-based recommendation from Day 13.
22218,CAKE STAND LACE WHITE,0.0875,2011-11-26,2011-12-09,no_order_required,0,0.0000,0.0000,5,Inventory-position-based recommendation from Day 13.
22219,LOVEBIRD HANGING DECORATION WHITE,7.2819,2011-11-26,2011-12-09,reorder_now,90,43.2283,92.8712,5,Inventory-position-based recommendation from Day 13.
22220,CAKE STAND LOVEBIRD 2 TIER WHITE,0.6057,2011-11-26,2011-12-09,reorder_now,73,30.4548,53.2048,7,Inventory-position-based recommendation from Day 13.
22221,CAKE STAND LOVEBIRD 2 TIER PINK,0.3495,2011-11-26,2011-12-09,reorder_now,41,22.6418,43.1418,14,Inventory-position-based recommendation from Day 13.
22222,CAKE PLATE LOVEBIRD WHITE,0.6661,2011-11-26,2011-12-09,no_order_required,0,9.0092,23.0092,14,Inventory-position-based recommendation from Day 13.
22223,CAKE PLATE LOVEBIRD PINK,0.2681,2011-11-26,2011-12-09,reorder_now,5,3.8499,5.8142,5,Inventory-position-based recommendation from Day 13.
22224,WHITE LOVEBIRD LANTERN,1.1135,2011-11-26,2011-12-09,reorder_now,42,18.5526,31.7668,5,Inventory-position-based recommendation from Day 13.
22227,HANGING HEART MIRROR DECORATION,2.8888,2011-11-26,2011-12-09,reorder_now,95,28.1422,50.1065,3,Inventory-position-based recommendation from Day 13.
22228,BUNNY WOODEN PAINTED WITH BIRD,0.6242,2011-11-26,2011-12-09,reorder_now,42,21.4615,42.5330,10,Inventory-position-based recommendation from Day 13.
22229,BUNNY WOODEN PAINTED WITH FLOWER,0.2656,2011-11-26,2011-12-09,reorder_now,4,3.3335,5.8335,7,Inventory-position-based recommendation from Day 13.
22230,JIGSAW TREE WITH WATERING CAN,0.6658,2011-11-26,2011-12-09,no_order_required,0,7.3466,16.6323,10,Inventory-position-based recommendation from Day 13.
22231,JIGSAW TREE WITH BIRDHOUSE,0.6836,2011-11-26,2011-12-09,reorder_now,24,9.7525,14.7882,3,Inventory-position-based recommendation from Day 13.
22232,JIGSAW TOADSTOOLS 3 PIECE,0.6221,2011-11-26,2011-12-09,reorder_now,43,20.1874,28.9731,3,Inventory-position-based recommendation from Day 13.
22233,JIGSAW RABBIT AND BIRDHOUSE,0.7186,2011-11-26,2011-12-09,reorder_now,36,26.5036,46.1465,10,Inventory-position-based recommendation from Day 13.
22236,CAKE STAND 3 TIER MAGIC GARDEN,0.2687,2011-11-26,2011-12-09,reorder_now,4,3.4158,5.1658,7,Inventory-position-based recommendation from Day 13.
22241,GARLAND WOODEN HAPPY EASTER,0.2326,2011-11-26,2011-12-09,reorder_now,17,11.5878,16.9449,10,Inventory-position-based recommendation from Day 13.
22242,5 HOOK HANGER MAGIC TOADSTOOL,0.0875,2011-11-26,2011-12-09,no_order_required,0,0.0000,0.0000,10,Inventory-position-based recommendation from Day 13.
22243,5 HOOK HANGER RED MAGIC TOADSTOOL,0.1376,2011-11-26,2011-12-09,reorder_now,3,2.1262,3.1976,10,Inventory-position-based recommendation from Day 13.
22244,3 HOOK HANGER MAGIC GARDEN,0.0875,2011-11-26,2011-12-09,no_order_required,0,0.0000,0.0000,10,Inventory-position-based recommendation from Day 13.
22245,"HOOK, 1 HANGER ,MAGIC GARDEN",0.0875,2011-11-26,2011-12-09,no_order_required,0,0.0000,0.0000,5,Inventory-position-based recommendation from Day 13.
22246,MAGIC GARDEN FELT GARLAND,0.3426,2011-11-26,2011-12-09,reorder_now,22,13.4637,20.4637,7,Inventory-position-based recommendation from Day 13.
22247,BUNNY DECORATION MAGIC GARDEN,0.1654,2011-11-26,2011-12-09,reorder_now,1,1.5035,2.0392,5,Inventory-position-based recommendation from Day 13.
22248,DECORATION PINK CHICK MAGIC GARDEN,0.1531,2011-11-26,2011-12-09,reorder_now,14,8.4562,10.2776,3,Inventory-position-based recommendation from Day 13.
22249,DECORATION WHITE CHICK MAGIC GARDEN,0.1622,2011-11-26,2011-12-09,no_order_required,0,3.5714,5.5714,14,Inventory-position-based recommendation from Day 13.
22250,DECORATION BUTTERFLY MAGIC GARDEN,0.1395,2011-11-26,2011-12-09,reorder_now,6,3.2390,4.6675,5,Inventory-position-based recommendation from Day 13.
22251,BIRDHOUSE DECORATION MAGIC GARDEN,0.3378,2011-11-26,2011-12-09,reorder_now,9,8.3904,14.1047,10,Inventory-position-based recommendation from Day 13.
22252,BIRDCAGE DECORATION TEALIGHT HOLDER,0.5275,2011-11-26,2011-12-09,reorder_now,31,20.1863,37.3292,10,Inventory-position-based recommendation from Day 13.
22253,6 CROCHET STRAWBERRIES,0.0875,2011-11-26,2011-12-09,no_order_required,0,0.0000,0.0000,5,Inventory-position-based recommendation from Day 13.
22254,FELT TOADSTOOL LARGE,0.3092,2011-11-26,2011-12-09,reorder_now,46,22.9117,35.6617,7,Inventory-position-based recommendation from Day 13.
22255,FELT TOADSTOOL SMALL,0.5751,2011-11-26,2011-12-09,reorder_now,62,35.2199,69.7199,14,Inventory-position-based recommendation from Day 13.
22256,FELT FARM ANIMAL CHICKEN,0.0875,2011-11-26,2011-12-09,no_order_required,0,0.0000,0.0000,5,Inventory-position-based recommendation from Day 13.
22257,FELT FARM ANIMAL SHEEP,0.0885,2011-11-26,2011-12-09,no_order_required,0,0.0000,0.0000,10,Inventory-position-based recommendation from Day 13.
22258,FELT FARM ANIMAL RABBIT,0.1409,2011-11-26,2011-12-09,no_order_required,0,0.6826,0.8611,5,Inventory-position-based recommendation from Day 13.
22259,FELT FARM ANIMAL HEN,0.0875,2011-11-26,2011-12-09,no_order_required,0,0.0000,0.0000,5,Inventory-position-based recommendation from Day 13.
22260,FELT EGG COSY BLUE RABBIT,0.6675,2011-11-26,2011-12-09,reorder_now,40,15.8807,34.8807,14,Inventory-position-based recommendation from Day 13.
22261,FELT EGG COSY WHITE RABBIT,0.6361,2011-11-26,2011-12-09,reorder_now,15,5.6758,11.2115,5,Inventory-position-based recommendation from Day 13.
22262,FELT EGG COSY CHICKEN,0.7045,2011-11-26,2011-12-09,reorder_now,12,9.2138,15.6423,5,Inventory-position-based recommendation from Day 13.
22263,FELT EGG COSY LADYBIRD,0.3443,2011-11-26,2011-12-09,no_order_required,0,5.6190,9.8690,7,Inventory-position-based recommendation from Day 13.
22264,FELT FARM ANIMAL WHITE BUNNY,0.0875,2011-11-26,2011-12-09,no_order_required,0,0.6826,0.8611,5,Inventory-position-based recommendation from Day 13.
22265,EASTER DECORATION NATURAL CHICK,0.2174,2011-11-26,2011-12-09,reorder_now,3,3.0069,4.0783,5,Inventory-position-based recommendation from Day 13.
22266,EASTER DECORATION HANGING BUNNY,0.9395,2011-11-26,2011-12-09,reorder_now,157,77.1159,128.3659,7,Inventory-position-based recommendation from Day 13.
22267,EASTER DECORATION EGG BUNNY,0.4652,2011-11-26,2011-12-09,reorder_now,62,29.7933,39.7576,3,Inventory-position-based recommendation from Day 13.
22268,DECORATION SITTING BUNNY,0.1242,2011-11-26,2011-12-09,no_order_required,0,0.0000,0.0000,5,Inventory-position-based recommendation from Day 13.
22269,EGG CUP NATURAL CHICKEN,0.7432,2011-11-26,2011-12-09,reorder_now,97,55.2204,108.7204,14,Inventory-position-based recommendation from Day 13.
22270,HAPPY EASTER HANGING DECORATION,0.1558,2011-11-26,2011-12-09,reorder_now,2,4.6679,7.1679,14,Inventory-position-based recommendation from Day 13.
22271,FELTCRAFT DOLL ROSIE,3.3807,2011-11-26,2011-12-09,reorder_now,46,24.4966,41.5323,3,Inventory-position-based recommendation from Day 13.
22272,FELTCRAFT DOLL MARIA,0.0875,2011-11-26,2011-12-09,no_order_required,0,0.0000,0.0000,5,Inventory-position-based recommendation from Day 13.
22273,FELTCRAFT DOLL MOLLY,5.7844,2011-11-26,2011-12-09,no_order_required,0,28.1525,57.6168,3,Inventory-position-based recommendation from Day 13.
22274,FELTCRAFT DOLL EMILY,4.8855,2011-11-26,2011-12-09,reorder_now,72,42.7426,124.8855,10,Inventory-position-based recommendation from Day 13.
22275,WEEKEND BAG VINTAGE ROSE PAISLEY,0.0875,2011-11-26,2011-12-09,no_order_required,0,0.0000,0.0000,10,Inventory-position-based recommendation from Day 13.
22276,WASH BAG VINTAGE ROSE PAISLEY,0.1204,2011-11-26,2011-12-09,reorder_now,4,2.6766,3.3195,3,Inventory-position-based recommendation from Day 13.
22277,COSMETIC BAG VINTAGE ROSE PAISLEY,0.4108,2011-11-26,2011-12-09,reorder_now,22,9.5792,19.2220,10,Inventory-position-based recommendation from Day 13.
22278,OVERNIGHT BAG VINTAGE ROSE PAISLEY,1.3074,2011-11-26,2011-12-09,reorder_now,27,15.2119,30.0334,5,Inventory-position-based recommendation from Day 13.
22279,POCKET BAG BLUE PAISLEY RED SPOT,1.7481,2011-11-26,2011-12-09,reorder_now,69,38.8955,71.1455,7,Inventory-position-based recommendation from Day 13.
22280,POCKET BAG PINK PAISELY BROWN SPOT,0.5870,2011-11-26,2011-12-09,reorder_now,13,7.0633,10.5990,3,Inventory-position-based recommendation from Day 13.
22281,EASTER TREE YELLOW BIRDS,0.0978,2011-11-26,2011-12-09,no_order_required,0,0.8076,1.0576,7,Inventory-position-based recommendation from Day 13.
22282,12 EGG HOUSE PAINTED WOOD,0.3579,2011-11-26,2011-12-09,reorder_now,14,8.5936,15.0222,10,Inventory-position-based recommendation from Day 13.
22283,6 EGG HOUSE PAINTED WOOD,0.4452,2011-11-26,2011-12-09,reorder_now,8,4.7753,9.7753,7,Inventory-position-based recommendation from Day 13.
22284,HEN HOUSE DECORATION,0.5484,2011-11-26,2011-12-09,reorder_now,43,18.4268,32.4268,7,Inventory-position-based recommendation from Day 13.
22285,HANGING HEN ON NEST DECORATION,0.3754,2011-11-26,2011-12-09,reorder_now,18,9.2921,12.5064,3,Inventory-position-based recommendation from Day 13.
22286,DECORATION WOBBLY RABBIT METAL,0.4449,2011-11-26,2011-12-09,reorder_now,29,14.9858,20.3429,3,Inventory-position-based recommendation from Day 13.
22287,DECORATION WOBBLY CHICKEN,0.4799,2011-11-26,2011-12-09,reorder_now,70,37.8131,65.3131,14,Inventory-position-based recommendation from Day 13.
22288,HANGING METAL RABBIT DECORATION,0.1467,2011-11-26,2011-12-09,reorder_now,3,1.4674,1.8960,3,Inventory-position-based recommendation from Day 13.
22289,HANGING METAL CHICKEN DECORATION,0.1084,2011-11-26,2011-12-09,no_order_required,0,0.6826,0.8611,5,Inventory-position-based recommendation from Day 13.
22290,UNKNOWN,0.0875,2011-11-26,2011-12-09,no_order_required,0,0.0000,0.0000,5,Inventory-position-based recommendation from Day 13.
22291,HANGING CHICK CREAM DECORATION,0.1411,2011-11-26,2011-12-09,reorder_now,1,0.9472,1.3044,5,Inventory-position-based recommendation from Day 13.
22292,HANGING CHICK YELLOW DECORATION,0.1864,2011-11-26,2011-12-09,reorder_now,2,1.7117,2.2474,3,Inventory-position-based recommendation from Day 13.
22293,HANGING CHICK GREEN DECORATION,0.1573,2011-11-26,2011-12-09,no_order_required,0,2.7099,4.7099,14,Inventory-position-based recommendation from Day 13.
22294,HEART FILIGREE DOVE SMALL,5.0697,2011-11-26,2011-12-09,reorder_now,292,109.5139,249.5139,10,Inventory-position-based recommendation from Day 13.
22295,HEART FILIGREE DOVE LARGE,1.5207,2011-11-26,2011-12-09,reorder_now,420,242.0321,365.9607,10,Inventory-position-based recommendation from Day 13.
22296,HEART IVORY TRELLIS LARGE,2.9516,2011-11-26,2011-12-09,reorder_now,148,61.6602,133.8030,10,Inventory-position-based recommendation from Day 13.
22297,HEART IVORY TRELLIS SMALL,4.6844,2011-11-26,2011-12-09,reorder_now,100,32.4463,57.3034,3,Inventory-position-based recommendation from Day 13.
22299,PIG KEYRING WITH LIGHT & SOUND,2.3689,2011-11-26,2011-12-09,reorder_now,431,158.1677,281.0249,5,Inventory-position-based recommendation from Day 13.
22300,COFFEE MUG DOG + BALL DESIGN,1.6586,2011-11-26,2011-12-09,reorder_now,39,31.2460,83.2460,14,Inventory-position-based recommendation from Day 13.
22301,COFFEE MUG CAT + BIRD DESIGN,1.9840,2011-11-26,2011-12-09,reorder_now,42,28.7087,69.0659,10,Inventory-position-based recommendation from Day 13.
22302,COFFEE MUG PEARS DESIGN,2.6801,2011-11-26,2011-12-09,reorder_now,95,47.7678,116.3393,10,Inventory-position-based recommendation from Day 13.
22303,COFFEE MUG APPLES DESIGN,3.6445,2011-11-26,2011-12-09,reorder_now,81,29.7720,52.9148,3,Inventory-position-based recommendation from Day 13.
22304,COFFEE MUG BLUE PAISLEY DESIGN,0.3693,2011-11-26,2011-12-09,reorder_now,82,42.1076,71.6076,14,Inventory-position-based recommendation from Day 13.
22305,COFFEE MUG PINK PAISLEY DESIGN,0.2022,2011-11-26,2011-12-09,reorder_now,12,8.3078,11.1649,5,Inventory-position-based recommendation from Day 13.
22306,SILVER MUG BONE CHINA TREE OF LIFE,6.9707,2011-11-26,2011-12-09,reorder_now,99,45.6903,100.5117,5,Inventory-position-based recommendation from Day 13.
22307,GOLD MUG BONE CHINA TREE OF LIFE,3.6524,2011-11-26,2011-12-09,reorder_now,110,59.4441,134.0869,10,Inventory-position-based recommendation from Day 13.
22308,TEA COSY BLUE STRIPE,0.6929,2011-11-26,2011-12-09,reorder_now,16,8.2661,20.4090,10,Inventory-position-based recommendation from Day 13.
22309,TEA COSY RED STRIPE,0.7687,2011-11-26,2011-12-09,reorder_now,24,11.2370,27.3084,10,Inventory-position-based recommendation from Day 13.
22310,IVORY KNITTED MUG COSY,1.5212,2011-11-26,2011-12-09,reorder_now,284,170.0534,268.5534,14,Inventory-position-based recommendation from Day 13.
22311,OFFICE MUG WARMER BLACK+SILVER,1.9282,2011-11-26,2011-12-09,reorder_now,172,97.3771,136.8413,5,Inventory-position-based recommendation from Day 13.
22312,OFFICE MUG WARMER POLKADOT,2.3434,2011-11-26,2011-12-09,reorder_now,87,54.9780,116.7637,10,Inventory-position-based recommendation from Day 13.
22313,OFFICE MUG WARMER PINK,0.6545,2011-11-26,2011-12-09,reorder_now,22,12.7213,22.5428,5,Inventory-position-based recommendation from Day 13.
22314,OFFICE MUG WARMER CHOC+BLUE,0.9187,2011-11-26,2011-12-09,reorder_now,77,28.0355,50.8926,5,Inventory-position-based recommendation from Day 13.
22315,200 RED + WHITE BENDY STRAWS,0.5621,2011-11-26,2011-12-09,reorder_now,11,7.0611,10.0611,3,Inventory-position-based recommendation from Day 13.
22316,200 BENDY SKULL STRAWS,0.2453,2011-11-26,2011-12-09,no_order_required,0,2.9896,5.4896,10,Inventory-position-based recommendation from Day 13.
22317,FIVE CATS HANGING DECORATION,0.2487,2011-11-26,2011-12-09,reorder_now,7,4.5409,6.5051,5,Inventory-position-based recommendation from Day 13.
22318,FIVE HEART HANGING DECORATION,0.2857,2011-11-26,2011-12-09,reorder_now,11,7.2502,13.2502,14,Inventory-position-based recommendation from Day 13.
22319,HAIRCLIPS FORTIES FABRIC ASSORTED,0.8541,2011-11-26,2011-12-09,reorder_now,465,191.2966,311.2966,5,Inventory-position-based recommendation from Day 13.
22320,BIRDS MOBILE VINTAGE DESIGN,0.4053,2011-11-26,2011-12-09,reorder_now,7,5.0769,9.8269,7,Inventory-position-based recommendation from Day 13.
22321,BIRD DECORATION RED RETROSPOT,0.8649,2011-11-26,2011-12-09,reorder_now,69,30.6578,58.5149,10,Inventory-position-based recommendation from Day 13.
22322,BIRD DECORATION GREEN POLKADOT,0.1025,2011-11-26,2011-12-09,no_order_required,0,0.0000,0.0000,3,Inventory-position-based recommendation from Day 13.
22323,UNKNOWN,0.0875,2011-11-26,2011-12-09,no_order_required,0,0.0000,0.0000,3,Inventory-position-based recommendation from Day 13.
22324,BLUE POLKADOT KIDS BAG,0.3510,2011-11-26,2011-12-09,no_order_required,0,4.2807,9.6379,10,Inventory-position-based recommendation from Day 13.
22325,MOBILE VINTAGE HEARTS,0.3806,2011-11-26,2011-12-09,reorder_now,14,7.7467,14.5325,10,Inventory-position-based recommendation from Day 13.
22326,ROUND SNACK BOXES SET OF4 WOODLAND,11.3663,2011-11-26,2011-12-09,reorder_now,736,197.0626,538.4911,10,Inventory-position-based recommendation from Day 13.
22327,ROUND SNACK BOXES SET OF 4 SKULLS,2.9904,2011-11-26,2011-12-09,reorder_now,87,48.2434,109.3148,10,Inventory-position-based recommendation from Day 13.
22328,ROUND SNACK BOXES SET OF 4 FRUITS,6.8135,2011-11-26,2011-12-09,reorder_now,498,228.1490,480.1490,14,Inventory-position-based recommendation from Day 13.
22329,ROUND CONTAINER SET OF 5 RETROSPOT,1.4182,2011-11-26,2011-12-09,reorder_now,60,20.6404,42.1404,7,Inventory-position-based recommendation from Day 13.
22331,WOODLAND PARTY BAG + STICKER SET,1.3368,2011-11-26,2011-12-09,reorder_now,105,50.5533,94.8390,10,Inventory-position-based recommendation from Day 13.
22332,SKULLS PARTY BAG + STICKER SET,0.8413,2011-11-26,2011-12-09,reorder_now,25,11.0584,17.2727,3,Inventory-position-based recommendation from Day 13.
22333,RETROSPOT PARTY BAG + STICKER SET,4.0577,2011-11-26,2011-12-09,reorder_now,115,52.6233,82.7304,3,Inventory-position-based recommendation from Day 13.
22334,DINOSAUR PARTY BAG + STICKER SET,0.4385,2011-11-26,2011-12-09,reorder_now,26,12.9312,19.5383,5,Inventory-position-based recommendation from Day 13.
22335,HEART DECORATION PAINTED ZINC,3.0751,2011-11-26,2011-12-09,reorder_now,71,19.5866,37.1580,3,Inventory-position-based recommendation from Day 13.
22336,DOVE DECORATION PAINTED ZINC,0.0875,2011-11-26,2011-12-09,no_order_required,0,0.0000,0.0000,7,Inventory-position-based recommendation from Day 13.
22337,ANGEL DECORATION PAINTED ZINC,3.2634,2011-11-26,2011-12-09,reorder_now,75,41.5926,73.5569,5,Inventory-position-based recommendation from Day 13.
22338,STAR DECORATION PAINTED ZINC,14.6459,2011-11-26,2011-12-09,reorder_now,962,221.9552,548.5624,5,Inventory-position-based recommendation from Day 13.
22339,CHRISTMAS TREE PAINTED ZINC,1.9667,2011-11-26,2011-12-09,reorder_now,120,57.7255,80.9755,3,Inventory-position-based recommendation from Day 13.
22340,NOEL GARLAND PAINTED ZINC,11.7176,2011-11-26,2011-12-09,reorder_now,180,71.1680,180.4537,5,Inventory-position-based recommendation from Day 13.
22341,LOVE GARLAND PAINTED ZINC,0.2104,2011-11-26,2011-12-09,reorder_now,10,6.5915,11.2343,10,Inventory-position-based recommendation from Day 13.
22342,HOME GARLAND PAINTED ZINC,0.3914,2011-11-26,2011-12-09,reorder_now,34,20.6772,29.9272,7,Inventory-position-based recommendation from Day 13.
22343,PARTY PIZZA DISH RED RETROSPOT,0.8532,2011-11-26,2011-12-09,reorder_now,270,123.6336,169.4908,3,Inventory-position-based recommendation from Day 13.
22344,PARTY PIZZA DISH PINK POLKADOT,0.7079,2011-11-26,2011-12-09,reorder_now,215,115.2147,158.7861,5,Inventory-position-based recommendation from Day 13.
22345,PARTY PIZZA DISH BLUE POLKADOT,0.5871,2011-11-26,2011-12-09,reorder_now,219,121.3027,165.4098,5,Inventory-position-based recommendation from Day 13.
22346,PARTY PIZZA DISH GREEN POLKADOT,0.7732,2011-11-26,2011-12-09,reorder_now,254,136.1607,199.1607,7,Inventory-position-based recommendation from Day 13.
22347,UNKNOWN,0.0875,2011-11-26,2011-12-09,no_order_required,0,0.0000,0.0000,10,Inventory-position-based recommendation from Day 13.
22348,TEA BAG PLATE RED RETROSPOT,7.6487,2011-11-26,2011-12-09,reorder_now,134,41.6842,82.7199,3,Inventory-position-based recommendation from Day 13.
22349,DOG BOWL CHASING BALL DESIGN,0.6357,2011-11-26,2011-12-09,reorder_now,42,17.7483,37.7483,14,Inventory-position-based recommendation from Day 13.
22350,ILLUSTRATED CAT BOWL,0.6228,2011-11-26,2011-12-09,reorder_now,22,11.0800,20.1872,5,Inventory-position-based recommendation from Day 13.
22352,LUNCH BOX WITH CUTLERY RETROSPOT,2.8525,2011-11-26,2011-12-09,no_order_required,0,11.4936,24.3507,3,Inventory-position-based recommendation from Day 13.
22353,LUNCH BOX WITH CUTLERY FAIRY CAKES,0.0875,2011-11-26,2011-12-09,no_order_required,0,0.0000,0.0000,10,Inventory-position-based recommendation from Day 13.
22354,RETROSPOT PADDED SEAT CUSHION,0.1699,2011-11-26,2011-12-09,reorder_now,5,4.3128,6.8128,10,Inventory-position-based recommendation from Day 13.
22355,CHARLOTTE BAG SUKI DESIGN,14.8922,2011-11-26,2011-12-09,reorder_now,2101,589.5036,1879.0036,14,Inventory-position-based recommendation from Day 13.
22356,CHARLOTTE BAG PINK POLKADOT,13.4274,2011-11-26,2011-12-09,reorder_now,557,273.0974,839.0974,14,Inventory-position-based recommendation from Day 13.
22357,KINGS CHOICE BISCUIT TIN,1.6031,2011-11-26,2011-12-09,reorder_now,34,14.8079,30.1650,5,Inventory-position-based recommendation from Day 13.
22358,KINGS CHOICE TEA CADDY,1.0772,2011-11-26,2011-12-09,reorder_now,15,7.4791,13.5862,3,Inventory-position-based recommendation from Day 13.
22359,GLASS JAR KINGS CHOICE,0.3117,2011-11-26,2011-12-09,reorder_now,4,3.7560,8.7560,14,Inventory-position-based recommendation from Day 13.
22360,GLASS JAR ENGLISH CONFECTIONERY,1.1211,2011-11-26,2011-12-09,reorder_now,22,9.0368,15.8939,3,Inventory-position-based recommendation from Day 13.
22361,GLASS JAR DAISY FRESH COTTON WOOL,1.3962,2011-11-26,2011-12-09,reorder_now,23,8.6833,15.6476,3,Inventory-position-based recommendation from Day 13.
22362,GLASS JAR PEACOCK BATH SALTS,0.4790,2011-11-26,2011-12-09,reorder_now,10,4.9202,9.0273,5,Inventory-position-based recommendation from Day 13.
22363,GLASS JAR MARMALADE,0.2876,2011-11-26,2011-12-09,reorder_now,7,3.9442,7.4442,7,Inventory-position-based recommendation from Day 13.
22364,GLASS JAR DIGESTIVE BISCUITS,0.5985,2011-11-26,2011-12-09,reorder_now,27,15.2589,29.9018,10,Inventory-position-based recommendation from Day 13.
22365,DOORMAT RESPECTABLE HOUSE,1.3483,2011-11-26,2011-12-09,reorder_now,66,29.4803,42.4446,3,Inventory-position-based recommendation from Day 13.
22366,DOORMAT AIRMAIL,0.8832,2011-11-26,2011-12-09,reorder_now,25,11.6901,19.5472,5,Inventory-position-based recommendation from Day 13.
22367,CHILDRENS APRON SPACEBOY DESIGN,10.1921,2011-11-26,2011-12-09,reorder_now,197,75.6155,130.6870,3,Inventory-position-based recommendation from Day 13.
22371,AIRLINE BAG VINTAGE TOKYO 78,4.1112,2011-11-26,2011-12-09,reorder_now,72,34.1551,81.6551,7,Inventory-position-based recommendation from Day 13.
22372,AIRLINE BAG VINTAGE WORLD CHAMPION,0.9638,2011-11-26,2011-12-09,reorder_now,15,7.0809,11.6880,3,Inventory-position-based recommendation from Day 13.
22374,AIRLINE BAG VINTAGE JET SET RED,1.2302,2011-11-26,2011-12-09,reorder_now,25,19.3177,46.3177,14,Inventory-position-based recommendation from Day 13.
22375,AIRLINE BAG VINTAGE JET SET BROWN,0.9173,2011-11-26,2011-12-09,no_order_required,0,9.0467,19.5467,7,Inventory-position-based recommendation from Day 13.
22376,AIRLINE BAG VINTAGE JET SET WHITE,0.5024,2011-11-26,2011-12-09,reorder_now,14,9.2631,21.2631,14,Inventory-position-based recommendation from Day 13.
22377,BOTTLE BAG RETROSPOT,0.4528,2011-11-26,2011-12-09,reorder_now,9,6.9743,11.4386,5,Inventory-position-based recommendation from Day 13.
22378,WALL TIDY RETROSPOT,1.5218,2011-11-26,2011-12-09,reorder_now,27,12.9045,27.3688,5,Inventory-position-based recommendation from Day 13.
22379,RECYCLING BAG RETROSPOT,9.1284,2011-11-26,2011-12-09,reorder_now,129,43.0015,86.6087,3,Inventory-position-based recommendation from Day 13.
22380,TOY TIDY SPACEBOY,2.7032,2011-11-26,2011-12-09,reorder_now,112,41.6258,88.6258,7,Inventory-position-based recommendation from Day 13.
22381,TOY TIDY PINK POLKADOT,2.9286,2011-11-26,2011-12-09,reorder_now,84,60.4746,126.1889,10,Inventory-position-based recommendation from Day 13.
22382,LUNCH BAG SPACEBOY DESIGN,13.5207,2011-11-26,2011-12-09,reorder_now,662,264.0215,649.0215,10,Inventory-position-based recommendation from Day 13.
22383,LUNCH BAG SUKI DESIGN,12.7301,2011-11-26,2011-12-09,reorder_now,384,148.2795,401.8510,10,Inventory-position-based recommendation from Day 13.
22384,LUNCH BAG PINK POLKADOT,12.0665,2011-11-26,2011-12-09,reorder_now,245,83.6592,200.4450,5,Inventory-position-based recommendation from Day 13.
22385,JUMBO BAG SPACEBOY DESIGN,9.5497,2011-11-26,2011-12-09,reorder_now,334,116.7384,188.2027,3,Inventory-position-based recommendation from Day 13.
22386,JUMBO BAG PINK POLKADOT,13.9935,2011-11-26,2011-12-09,reorder_now,1004,433.2890,910.4318,10,Inventory-position-based recommendation from Day 13.
22389,PAPERWEIGHT SAVE THE PLANET,0.5263,2011-11-26,2011-12-09,reorder_now,47,18.6768,34.6768,7,Inventory-position-based recommendation from Day 13.
22390,PAPERWEIGHT CHILDHOOD MEMORIES,0.4270,2011-11-26,2011-12-09,reorder_now,56,24.3788,41.1288,7,Inventory-position-based recommendation from Day 13.
22391,PAPERWEIGHT HOME SWEET HOME,0.3409,2011-11-26,2011-12-09,reorder_now,29,14.0576,19.2004,3,Inventory-position-based recommendation from Day 13.
22393,PAPERWEIGHT VINTAGE COLLAGE,0.7474,2011-11-26,2011-12-09,reorder_now,217,109.1518,157.5446,5,Inventory-position-based recommendation from Day 13.
22394,PAPERWEIGHT KINGS CHOICE,0.3066,2011-11-26,2011-12-09,reorder_now,34,17.6185,30.1185,10,Inventory-position-based recommendation from Day 13.
22395,PAPERWEIGHT VINTAGE PAISLEY,0.4659,2011-11-26,2011-12-09,reorder_now,108,58.7412,103.7412,14,Inventory-position-based recommendation from Day 13.
22396,MAGNETS PACK OF 4 RETRO PHOTO,1.1359,2011-11-26,2011-12-09,reorder_now,81,40.1139,71.6139,7,Inventory-position-based recommendation from Day 13.
22398,MAGNETS PACK OF 4 SWALLOWS,5.2149,2011-11-26,2011-12-09,reorder_now,106,51.3121,112.7407,5,Inventory-position-based recommendation from Day 13.
22399,MAGNETS PACK OF 4 CHILDHOOD MEMORY,0.2721,2011-11-26,2011-12-09,reorder_now,29,19.3395,26.0895,7,Inventory-position-based recommendation from Day 13.
22400,MAGNETS PACK OF 4 HOME SWEET HOME,2.6972,2011-11-26,2011-12-09,reorder_now,107,41.1297,98.9869,10,Inventory-position-based recommendation from Day 13.
22402,MAGNETS PACK OF 4 VINTAGE COLLAGE,2.5075,2011-11-26,2011-12-09,reorder_now,64,25.6591,42.9091,3,Inventory-position-based recommendation from Day 13.
22403,MAGNETS PACK OF 4 VINTAGE LABELS,1.4178,2011-11-26,2011-12-09,reorder_now,46,20.1024,38.3167,5,Inventory-position-based recommendation from Day 13.
22405,MONEY BOX POCKET MONEY DESIGN,0.5725,2011-11-26,2011-12-09,reorder_now,71,31.4758,44.3329,3,Inventory-position-based recommendation from Day 13.
22406,MONEY BOX KINGS CHOICE DESIGN,1.0047,2011-11-26,2011-12-09,reorder_now,59,23.4297,36.2868,3,Inventory-position-based recommendation from Day 13.
22407,MONEY BOX FIRST AID DESIGN,0.2230,2011-11-26,2011-12-09,reorder_now,34,18.9643,31.9643,14,Inventory-position-based recommendation from Day 13.
22408,MONEY BOX CONFECTIONERY DESIGN,0.3698,2011-11-26,2011-12-09,reorder_now,41,20.4927,27.1356,3,Inventory-position-based recommendation from Day 13.
22409,MONEY BOX BISCUITS DESIGN,0.1914,2011-11-26,2011-12-09,reorder_now,6,2.9896,5.4896,10,Inventory-position-based recommendation from Day 13.
22410,MONEY BOX HOUSEKEEPING DESIGN,0.6090,2011-11-26,2011-12-09,reorder_now,58,26.9689,42.6832,5,Inventory-position-based recommendation from Day 13.
22411,JUMBO SHOPPER VINTAGE RED PAISLEY,14.1155,2011-11-26,2011-12-09,reorder_now,595,181.8271,416.2914,5,Inventory-position-based recommendation from Day 13.
22412,METAL SIGN NEIGHBOURHOOD WITCH,0.1164,2011-11-26,2011-12-09,no_order_required,0,0.0000,0.0000,10,Inventory-position-based recommendation from Day 13.
22413,METAL SIGN TAKE IT OR LEAVE IT,2.1618,2011-11-26,2011-12-09,reorder_now,2245,1352.1382,1887.1382,10,Inventory-position-based recommendation from Day 13.
22414,DOORMAT NEIGHBOURHOOD WITCH,0.4330,2011-11-26,2011-12-09,reorder_now,17,8.5129,13.5129,5,Inventory-position-based recommendation from Day 13.
22415,WHITE TISSUE REAM,0.0875,2011-11-26,2011-12-09,no_order_required,0,0.0000,0.0000,14,Inventory-position-based recommendation from Day 13.
22416,SET OF 36 SPACEBOY PAPER DOILIES,0.3169,2011-11-26,2011-12-09,reorder_now,12,7.3316,9.9030,3,Inventory-position-based recommendation from Day 13.
22417,PACK OF 60 SPACEBOY CAKE CASES,7.1595,2011-11-26,2011-12-09,reorder_now,353,193.6159,332.8659,7,Inventory-position-based recommendation from Day 13.
22418,10 COLOUR SPACEBOY PEN,8.3198,2011-11-26,2011-12-09,reorder_now,218,83.8666,147.0808,3,Inventory-position-based recommendation from Day 13.
22419,LIPSTICK PEN RED,8.9177,2011-11-26,2011-12-09,reorder_now,369,133.4270,291.9270,7,Inventory-position-based recommendation from Day 13.
22420,LIPSTICK PEN BABY PINK,4.0314,2011-11-26,2011-12-09,reorder_now,125,55.3405,83.9476,3,Inventory-position-based recommendation from Day 13.
22421,LIPSTICK PEN FUSCHIA,5.2985,2011-11-26,2011-12-09,reorder_now,247,109.9155,188.1298,5,Inventory-position-based recommendation from Day 13.
22422,TOOTHPASTE TUBE PEN,6.2189,2011-11-26,2011-12-09,reorder_now,575,248.0260,601.0260,14,Inventory-position-based recommendation from Day 13.
22423,REGENCY CAKESTAND 3 TIER,13.9657,2011-11-26,2011-12-09,reorder_now,525,144.9516,347.4516,5,Inventory-position-based recommendation from Day 13.
22424,ENAMEL BREAD BIN CREAM,1.4817,2011-11-26,2011-12-09,reorder_now,25,22.4963,61.9963,14,Inventory-position-based recommendation from Day 13.
22425,ENAMEL COLANDER CREAM,0.7133,2011-11-26,2011-12-09,reorder_now,18,12.6431,19.7860,5,Inventory-position-based recommendation from Day 13.
22426,ENAMEL WASH BOWL CREAM,0.8315,2011-11-26,2011-12-09,reorder_now,19,11.7431,16.8859,3,Inventory-position-based recommendation from Day 13.
22427,ENAMEL FLOWER JUG CREAM,0.2081,2011-11-26,2011-12-09,reorder_now,20,13.7055,19.7055,14,Inventory-position-based recommendation from Day 13.
22428,ENAMEL FIRE BUCKET CREAM,0.4494,2011-11-26,2011-12-09,reorder_now,9,4.0188,6.1616,3,Inventory-position-based recommendation from Day 13.
22429,ENAMEL MEASURING JUG CREAM,1.7758,2011-11-26,2011-12-09,reorder_now,46,15.7048,43.2048,10,Inventory-position-based recommendation from Day 13.
22430,ENAMEL WATERING CAN CREAM,0.3236,2011-11-26,2011-12-09,reorder_now,8,5.5154,7.8369,5,Inventory-position-based recommendation from Day 13.
22431,WATERING CAN BLUE ELEPHANT,0.8033,2011-11-26,2011-12-09,reorder_now,28,12.3119,24.0619,7,Inventory-position-based recommendation from Day 13.
22432,WATERING CAN PINK BUNNY,0.2934,2011-11-26,2011-12-09,reorder_now,43,25.5542,32.1970,3,Inventory-position-based recommendation from Day 13.
22433,WATERING CAN GREEN DINOSAUR,0.3439,2011-11-26,2011-12-09,reorder_now,18,11.4575,20.7432,10,Inventory-position-based recommendation from Day 13.
22434,BALLOON PUMP WITH 10 BALLOONS,0.9700,2011-11-26,2011-12-09,reorder_now,55,23.7499,58.2499,14,Inventory-position-based recommendation from Day 13.
22435,SET OF 9 HEART SHAPED BALLOONS,3.8823,2011-11-26,2011-12-09,reorder_now,231,122.1523,220.3666,10,Inventory-position-based recommendation from Day 13.
22436,12 COLOURED PARTY BALLOONS,3.1895,2011-11-26,2011-12-09,reorder_now,127,54.6629,105.7344,5,Inventory-position-based recommendation from Day 13.
22437,SET OF 9 BLACK SKULL BALLOONS,2.6176,2011-11-26,2011-12-09,reorder_now,150,58.8457,131.7029,10,Inventory-position-based recommendation from Day 13.
22438,BALLOON ART MAKE YOUR OWN FLOWERS,1.6439,2011-11-26,2011-12-09,reorder_now,367,156.1196,223.8339,3,Inventory-position-based recommendation from Day 13.
22439,6 ROCKET BALLOONS,3.8259,2011-11-26,2011-12-09,reorder_now,82,28.0286,52.9929,3,Inventory-position-based recommendation from Day 13.
22440,BALLOON WATER BOMB PACK OF 35,3.2338,2011-11-26,2011-12-09,reorder_now,299,112.5013,252.5013,14,Inventory-position-based recommendation from Day 13.
22441,GROW YOUR OWN BASIL IN ENAMEL MUG,2.7890,2011-11-26,2011-12-09,reorder_now,89,30.3251,59.6108,5,Inventory-position-based recommendation from Day 13.
22442,GROW YOUR OWN FLOWERS SET OF 3,0.5683,2011-11-26,2011-12-09,reorder_now,235,94.7093,195.7093,14,Inventory-position-based recommendation from Day 13.
22443,GROW YOUR OWN HERBS SET OF 3,0.0875,2011-11-26,2011-12-09,no_order_required,0,0.0000,0.0000,10,Inventory-position-based recommendation from Day 13.
22444,UNKNOWN,0.0875,2011-11-26,2011-12-09,no_order_required,0,0.0000,0.0000,7,Inventory-position-based recommendation from Day 13.
22445,PENCIL CASE LIFE IS BEAUTIFUL,1.2009,2011-11-26,2011-12-09,reorder_now,24,12.4360,23.3289,5,Inventory-position-based recommendation from Day 13.
22446,PIN CUSHION BABUSHKA PINK,2.2523,2011-11-26,2011-12-09,reorder_now,81,40.1906,79.9406,7,Inventory-position-based recommendation from Day 13.
22447,PIN CUSHION BABUSHKA BLUE,0.1820,2011-11-26,2011-12-09,reorder_now,16,9.3060,13.0560,5,Inventory-position-based recommendation from Day 13.
22448,PIN CUSHION BABUSHKA RED,0.4914,2011-11-26,2011-12-09,reorder_now,45,21.6576,40.2291,10,Inventory-position-based recommendation from Day 13.
22449,SILK PURSE BABUSHKA PINK,0.2847,2011-11-26,2011-12-09,reorder_now,10,4.9569,7.8140,5,Inventory-position-based recommendation from Day 13.
22450,SILK PURSE BABUSHKA BLUE,0.3574,2011-11-26,2011-12-09,reorder_now,11,5.3889,8.7817,5,Inventory-position-based recommendation from Day 13.
22451,SILK PURSE BABUSHKA RED,0.0875,2011-11-26,2011-12-09,no_order_required,0,0.0000,0.0000,5,Inventory-position-based recommendation from Day 13.
22452,MEASURING TAPE BABUSHKA PINK,0.3146,2011-11-26,2011-12-09,reorder_now,8,4.2540,6.1826,3,Inventory-position-based recommendation from Day 13.
22453,MEASURING TAPE BABUSHKA BLUE,0.6476,2011-11-26,2011-12-09,reorder_now,64,27.7222,58.2222,14,Inventory-position-based recommendation from Day 13.
22454,MEASURING TAPE BABUSHKA RED,0.1566,2011-11-26,2011-12-09,reorder_now,11,6.0181,8.3395,5,Inventory-position-based recommendation from Day 13.
22456,NATURAL SLATE CHALKBOARD LARGE,3.1528,2011-11-26,2011-12-09,reorder_now,89,36.0014,103.5014,14,Inventory-position-based recommendation from Day 13.
22457,NATURAL SLATE HEART CHALKBOARD,13.2301,2011-11-26,2011-12-09,reorder_now,1110,520.9617,870.4617,7,Inventory-position-based recommendation from Day 13.
22458,CAST IRON HOOK GARDEN FORK,0.0875,2011-11-26,2011-12-09,no_order_required,0,0.0000,0.0000,5,Inventory-position-based recommendation from Day 13.
22459,UNKNOWN,0.0875,2011-11-26,2011-12-09,no_order_required,0,0.0000,0.0000,10,Inventory-position-based recommendation from Day 13.
22460,EMBOSSED GLASS TEALIGHT HOLDER,3.8280,2011-11-26,2011-12-09,reorder_now,188,124.1931,282.1931,14,Inventory-position-based recommendation from Day 13.
22461,SAVOY ART DECO CLOCK,0.0875,2011-11-26,2011-12-09,no_order_required,0,0.0000,0.0000,7,Inventory-position-based recommendation from Day 13.
22464,HANGING METAL HEART LANTERN,6.1142,2011-11-26,2011-12-09,reorder_now,683,292.5267,669.0267,14,Inventory-position-based recommendation from Day 13.
22465,HANGING METAL STAR LANTERN,5.2503,2011-11-26,2011-12-09,reorder_now,493,191.6590,366.6590,7,Inventory-position-based recommendation from Day 13.
22466,FAIRY TALE COTTAGE NIGHT LIGHT,4.3597,2011-11-26,2011-12-09,reorder_now,399,148.3772,314.8058,10,Inventory-position-based recommendation from Day 13.
22467,GUMBALL COAT RACK,12.2776,2011-11-26,2011-12-09,reorder_now,385,117.1881,264.6881,5,Inventory-position-based recommendation from Day 13.
22468,BABUSHKA LIGHTS STRING OF 10,1.1955,2011-11-26,2011-12-09,reorder_now,57,29.4586,57.6729,10,Inventory-position-based recommendation from Day 13.
22469,HEART OF WICKER SMALL,14.7357,2011-11-26,2011-12-09,reorder_now,1002,518.1595,895.9095,7,Inventory-position-based recommendation from Day 13.
22470,HEART OF WICKER LARGE,10.9123,2011-11-26,2011-12-09,reorder_now,1340,865.9696,1466.9696,14,Inventory-position-based recommendation from Day 13.
22471,TV DINNER TRAY AIR HOSTESS,0.6829,2011-11-26,2011-12-09,reorder_now,68,37.6338,72.1338,14,Inventory-position-based recommendation from Day 13.
22472,TV DINNER TRAY DOLLY GIRL,0.7035,2011-11-26,2011-12-09,reorder_now,44,22.3681,31.3681,3,Inventory-position-based recommendation from Day 13.
22473,TV DINNER TRAY VINTAGE PAISLEY,0.9578,2011-11-26,2011-12-09,reorder_now,43,18.6240,43.2669,10,Inventory-position-based recommendation from Day 13.
22474,SPACEBOY TV DINNER TRAY,1.0483,2011-11-26,2011-12-09,reorder_now,97,48.0977,94.5977,14,Inventory-position-based recommendation from Day 13.
22475,SKULL DESIGN TV DINNER TRAY,1.6059,2011-11-26,2011-12-09,reorder_now,53,17.5445,29.3303,3,Inventory-position-based recommendation from Day 13.
22476,EMPIRE UNION JACK TV DINNER TRAY,1.1085,2011-11-26,2011-12-09,reorder_now,800,482.9152,649.6652,7,Inventory-position-based recommendation from Day 13.
22477,WATERING CAN GARDEN MARKER,0.8974,2011-11-26,2011-12-09,reorder_now,123,68.8976,117.8976,14,Inventory-position-based recommendation from Day 13.
22478,BIRDHOUSE GARDEN MARKER,1.0687,2011-11-26,2011-12-09,reorder_now,72,39.1965,91.1965,14,Inventory-position-based recommendation from Day 13.
22479,DAISY GARDEN MARKER,0.3708,2011-11-26,2011-12-09,reorder_now,15,8.8430,13.4858,5,Inventory-position-based recommendation from Day 13.
22480,RED TEA TOWEL CLASSIC DESIGN,0.0875,2011-11-26,2011-12-09,no_order_required,0,0.0000,0.0000,14,Inventory-position-based recommendation from Day 13.
22481,BLACK TEA TOWEL CLASSIC DESIGN,1.1780,2011-11-26,2011-12-09,reorder_now,118,53.0839,96.3339,7,Inventory-position-based recommendation from Day 13.
22482,BLUE TEA TOWEL CLASSIC DESIGN,0.0875,2011-11-26,2011-12-09,no_order_required,0,0.0000,0.0000,5,Inventory-position-based recommendation from Day 13.
22483,RED GINGHAM TEDDY BEAR,2.1467,2011-11-26,2011-12-09,reorder_now,92,52.1722,96.8150,10,Inventory-position-based recommendation from Day 13.
22485,SET OF 2 WOODEN MARKET CRATES,0.8226,2011-11-26,2011-12-09,reorder_now,47,20.5548,43.0548,10,Inventory-position-based recommendation from Day 13.
22486,PLASMATRONIC LAMP,0.2535,2011-11-26,2011-12-09,reorder_now,31,16.0079,28.0079,14,Inventory-position-based recommendation from Day 13.
22487,WHITE WOOD GARDEN PLANT LADDER,1.1396,2011-11-26,2011-12-09,reorder_now,29,11.1559,25.1559,7,Inventory-position-based recommendation from Day 13.
22488,NATURAL SLATE RECTANGLE CHALKBOARD,3.9576,2011-11-26,2011-12-09,reorder_now,132,60.4396,115.2611,5,Inventory-position-based recommendation from Day 13.
22489,PACK OF 12 TRADITIONAL CRAYONS,10.8029,2011-11-26,2011-12-09,reorder_now,1013,431.1289,1088.6289,14,Inventory-position-based recommendation from Day 13.
22491,PACK OF 12 COLOURED PENCILS,4.2989,2011-11-26,2011-12-09,reorder_now,318,169.8793,286.3793,7,Inventory-position-based recommendation from Day 13.
22492,MINI PAINT SET VINTAGE,13.7440,2011-11-26,2011-12-09,reorder_now,1396,504.2338,1305.2338,14,Inventory-position-based recommendation from Day 13.
22493,PAINT YOUR OWN CANVAS SET,3.1437,2011-11-26,2011-12-09,reorder_now,95,40.4819,85.4819,5,Inventory-position-based recommendation from Day 13.
22494,EMERGENCY FIRST AID TIN,1.6226,2011-11-26,2011-12-09,reorder_now,59,44.0588,92.5588,14,Inventory-position-based recommendation from Day 13.
22495,SET OF 2 ROUND TINS CAMEMBERT,0.6397,2011-11-26,2011-12-09,reorder_now,119,63.0535,118.5535,14,Inventory-position-based recommendation from Day 13.
22496,SET OF 2 ROUND TINS DUTCH CHEESE,0.6354,2011-11-26,2011-12-09,reorder_now,151,62.3198,125.8198,14,Inventory-position-based recommendation from Day 13.
22497,SET OF 2 TINS VINTAGE BATHROOM,0.1588,2011-11-26,2011-12-09,no_order_required,0,2.2903,3.7189,10,Inventory-position-based recommendation from Day 13.
22498,WOODEN REGATTA BUNTING,0.3819,2011-11-26,2011-12-09,reorder_now,6,2.4652,4.0723,3,Inventory-position-based recommendation from Day 13.
22499,WOODEN UNION JACK BUNTING,1.2100,2011-11-26,2011-12-09,no_order_required,0,16.0079,46.0079,14,Inventory-position-based recommendation from Day 13.
22500,SET OF 2 TINS JARDIN DE PROVENCE,0.5126,2011-11-26,2011-12-09,reorder_now,54,21.6771,32.1771,3,Inventory-position-based recommendation from Day 13.
22501,PICNIC BASKET WICKER LARGE,0.1000,2011-11-26,2011-12-09,no_order_required,0,0.0000,0.0000,7,Inventory-position-based recommendation from Day 13.
22502,PICNIC BASKET WICKER SMALL,0.0875,2011-11-26,2011-12-09,no_order_required,0,0.0000,0.0000,14,Inventory-position-based recommendation from Day 13.
22503,CABIN BAG VINTAGE PAISLEY,0.1582,2011-11-26,2011-12-09,reorder_now,1,1.5035,2.0392,5,Inventory-position-based recommendation from Day 13.
22504,CABIN BAG VINTAGE RETROSPOT,0.2166,2011-11-26,2011-12-09,reorder_now,5,6.4029,9.9743,10,Inventory-position-based recommendation from Day 13.
22505,MEMO BOARD COTTAGE DESIGN,1.9609,2011-11-26,2011-12-09,no_order_required,0,16.8339,38.0839,7,Inventory-position-based recommendation from Day 13.
22507,MEMO BOARD RETROSPOT DESIGN,3.9412,2011-11-26,2011-12-09,no_order_required,0,41.3340,125.8340,14,Inventory-position-based recommendation from Day 13.
22508,DOORSTOP RETROSPOT HEART,2.5807,2011-11-26,2011-12-09,no_order_required,0,34.3427,89.3427,14,Inventory-position-based recommendation from Day 13.
22509,SEWING BOX RETROSPOT DESIGN,0.6374,2011-11-26,2011-12-09,reorder_now,66,26.4132,39.0561,3,Inventory-position-based recommendation from Day 13.
22510,GINGHAM BABUSHKA DOORSTOP,0.4022,2011-11-26,2011-12-09,reorder_now,19,8.5534,14.2677,5,Inventory-position-based recommendation from Day 13.
22511,RETROSPOT BABUSHKA DOORSTOP,0.5222,2011-11-26,2011-12-09,reorder_now,26,14.4612,28.0327,10,Inventory-position-based recommendation from Day 13.
22512,DOORSTOP RACING CAR DESIGN,0.4490,2011-11-26,2011-12-09,reorder_now,17,8.1780,11.8208,3,Inventory-position-based recommendation from Day 13.
22513,DOORSTOP FOOTBALL DESIGN,0.4491,2011-11-26,2011-12-09,reorder_now,44,20.6478,32.4335,5,Inventory-position-based recommendation from Day 13.
22514,CHILDS GARDEN SPADE BLUE,0.5736,2011-11-26,2011-12-09,reorder_now,31,14.7530,27.2530,10,Inventory-position-based recommendation from Day 13.
22515,CHILDS GARDEN SPADE PINK,0.5261,2011-11-26,2011-12-09,no_order_required,0,7.5960,14.7389,10,Inventory-position-based recommendation from Day 13.
22516,CHILDS GARDEN RAKE BLUE,0.4437,2011-11-26,2011-12-09,reorder_now,20,11.5041,21.1469,10,Inventory-position-based recommendation from Day 13.
22517,CHILDS GARDEN RAKE PINK,0.4515,2011-11-26,2011-12-09,reorder_now,6,2.8833,4.7047,3,Inventory-position-based recommendation from Day 13.
22518,CHILDS GARDEN BRUSH BLUE,0.0875,2011-11-26,2011-12-09,no_order_required,0,0.0000,0.0000,3,Inventory-position-based recommendation from Day 13.
22519,CHILDS GARDEN BRUSH PINK,0.0875,2011-11-26,2011-12-09,no_order_required,0,0.0000,0.0000,10,Inventory-position-based recommendation from Day 13.
22520,CHILDS GARDEN TROWEL BLUE,0.0875,2011-11-26,2011-12-09,no_order_required,0,0.0000,0.0000,5,Inventory-position-based recommendation from Day 13.
22521,CHILDS GARDEN TROWEL PINK,0.0875,2011-11-26,2011-12-09,no_order_required,0,0.0000,0.0000,14,Inventory-position-based recommendation from Day 13.
22522,CHILDS GARDEN FORK BLUE,0.2108,2011-11-26,2011-12-09,reorder_now,4,1.8011,2.8725,5,Inventory-position-based recommendation from Day 13.
22523,CHILDS GARDEN FORK PINK,0.5201,2011-11-26,2011-12-09,reorder_now,24,12.2367,21.8795,10,Inventory-position-based recommendation from Day 13.
22524,CHILDRENS GARDEN GLOVES BLUE,0.0875,2011-11-26,2011-12-09,no_order_required,0,0.0000,0.0000,14,Inventory-position-based recommendation from Day 13.
22525,CHILDRENS GARDEN GLOVES PINK,0.0875,2011-11-26,2011-12-09,no_order_required,0,0.0000,0.0000,3,Inventory-position-based recommendation from Day 13.
22526,WHEELBARROW FOR CHILDREN,0.2029,2011-11-26,2011-12-09,no_order_required,0,2.5633,4.5633,7,Inventory-position-based recommendation from Day 13.
22528,GARDENERS KNEELING PAD,0.0875,2011-11-26,2011-12-09,no_order_required,0,0.0000,0.0000,3,Inventory-position-based recommendation from Day 13.
22529,MAGIC DRAWING SLATE GO TO THE FAIR,1.4366,2011-11-26,2011-12-09,reorder_now,114,44.4917,78.2417,5,Inventory-position-based recommendation from Day 13.
22530,MAGIC DRAWING SLATE DOLLY GIRL,5.6106,2011-11-26,2011-12-09,reorder_now,309,139.0010,204.3581,3,Inventory-position-based recommendation from Day 13.
22531,MAGIC DRAWING SLATE CIRCUS PARADE,4.2902,2011-11-26,2011-12-09,reorder_now,115,65.9224,116.1010,5,Inventory-position-based recommendation from Day 13.
22532,MAGIC DRAWING SLATE LEAP FROG,0.8139,2011-11-26,2011-12-09,reorder_now,79,40.1064,76.1778,10,Inventory-position-based recommendation from Day 13.
22533,MAGIC DRAWING SLATE BAKE A CAKE,1.2254,2011-11-26,2011-12-09,reorder_now,108,53.8405,86.8405,7,Inventory-position-based recommendation from Day 13.
22534,MAGIC DRAWING SLATE SPACEBOY,7.0882,2011-11-26,2011-12-09,reorder_now,153,55.2113,104.0685,3,Inventory-position-based recommendation from Day 13.
22535,MAGIC DRAWING SLATE BUNNIES,2.1087,2011-11-26,2011-12-09,reorder_now,82,30.3142,47.7785,3,Inventory-position-based recommendation from Day 13.
22536,MAGIC DRAWING SLATE PURDEY,1.2161,2011-11-26,2011-12-09,reorder_now,105,50.2063,84.4563,7,Inventory-position-based recommendation from Day 13.
22537,MAGIC DRAWING SLATE DINOSAUR,3.6949,2011-11-26,2011-12-09,reorder_now,188,92.4479,207.4479,10,Inventory-position-based recommendation from Day 13.
22538,MINI JIGSAW GO TO THE FAIR,0.3561,2011-11-26,2011-12-09,reorder_now,60,38.6753,53.6753,7,Inventory-position-based recommendation from Day 13.
22539,MINI JIGSAW DOLLY GIRL,1.7080,2011-11-26,2011-12-09,reorder_now,284,120.5556,194.6627,5,Inventory-position-based recommendation from Day 13.
22540,MINI JIGSAW CIRCUS PARADE,1.2610,2011-11-26,2011-12-09,reorder_now,268,137.7073,196.6359,5,Inventory-position-based recommendation from Day 13.
22541,MINI JIGSAW LEAP FROG,0.4585,2011-11-26,2011-12-09,reorder_now,19,13.4073,17.3716,3,Inventory-position-based recommendation from Day 13.
22543,MINI JIGSAW BAKE A CAKE,0.4903,2011-11-26,2011-12-09,reorder_now,117,58.5722,92.3222,7,Inventory-position-based recommendation from Day 13.
22544,MINI JIGSAW SPACEBOY,3.9364,2011-11-26,2011-12-09,reorder_now,550,230.7001,408.4501,7,Inventory-position-based recommendation from Day 13.
22545,MINI JIGSAW BUNNIES,0.7472,2011-11-26,2011-12-09,reorder_now,130,56.9717,79.5788,3,Inventory-position-based recommendation from Day 13.
22546,MINI JIGSAW PURDEY,1.6886,2011-11-26,2011-12-09,reorder_now,87,37.8790,56.7362,3,Inventory-position-based recommendation from Day 13.
22547,MINI JIGSAW DINOSAUR,1.4386,2011-11-26,2011-12-09,reorder_now,147,77.3308,101.7594,3,Inventory-position-based recommendation from Day 13.
22548,adjustment,0.2217,2011-11-26,2011-12-09,reorder_now,3,3.9451,5.7308,10,Inventory-position-based recommendation from Day 13.
22549,PICTURE DOMINOES,10.4805,2011-11-26,2011-12-09,reorder_now,249,85.1520,190.1520,5,Inventory-position-based recommendation from Day 13.
22550,HOLIDAY FUN LUDO,1.8602,2011-11-26,2011-12-09,no_order_required,0,11.5757,31.3257,7,Inventory-position-based recommendation from Day 13.
22551,PLASTERS IN TIN SPACEBOY,13.1190,2011-11-26,2011-12-09,reorder_now,748,220.4256,688.9256,14,Inventory-position-based recommendation from Day 13.
22553,PLASTERS IN TIN SKULLS,10.6482,2011-11-26,2011-12-09,no_order_required,0,127.0200,384.5200,14,Inventory-position-based recommendation from Day 13.
22554,PLASTERS IN TIN WOODLAND ANIMALS,12.1920,2011-11-26,2011-12-09,reorder_now,423,157.7055,307.1698,5,Inventory-position-based recommendation from Day 13.
22555,PLASTERS IN TIN STRONGMAN,10.7493,2011-11-26,2011-12-09,reorder_now,273,107.5696,383.5696,14,Inventory-position-based recommendation from Day 13.
22556,PLASTERS IN TIN CIRCUS PARADE,10.5322,2011-11-26,2011-12-09,reorder_now,308,99.7185,234.3613,5,Inventory-position-based recommendation from Day 13.
22557,PLASTERS IN TIN VINTAGE PAISLEY,9.6083,2011-11-26,2011-12-09,reorder_now,250,92.0314,192.2100,5,Inventory-position-based recommendation from Day 13.
22558,CLOTHES PEGS RETROSPOT PACK 24,8.7603,2011-11-26,2011-12-09,reorder_now,415,187.0985,417.0985,10,Inventory-position-based recommendation from Day 13.
22559,SEASIDE FLYING DISC,0.4235,2011-11-26,2011-12-09,reorder_now,15,8.4192,12.3477,5,Inventory-position-based recommendation from Day 13.
22560,TRADITIONAL MODELLING CLAY,10.6116,2011-11-26,2011-12-09,reorder_now,1353,698.6764,1126.6764,7,Inventory-position-based recommendation from Day 13.
22561,WOODEN SCHOOL COLOURING SET,11.3500,2011-11-26,2011-12-09,reorder_now,278,102.8747,197.4819,3,Inventory-position-based recommendation from Day 13.
22562,MONSTERS STENCIL CRAFT,3.4214,2011-11-26,2011-12-09,reorder_now,58,34.6612,71.6254,5,Inventory-position-based recommendation from Day 13.
22563,HAPPY STENCIL CRAFT,5.8038,2011-11-26,2011-12-09,reorder_now,217,100.4536,153.8107,3,Inventory-position-based recommendation from Day 13.
22564,ALPHABET STENCIL CRAFT,3.4018,2011-11-26,2011-12-09,reorder_now,715,351.1524,640.6524,14,Inventory-position-based recommendation from Day 13.
22565,FELTCRAFT HAIRBANDS PINK AND WHITE,2.4175,2011-11-26,2011-12-09,reorder_now,40,29.8544,62.8544,7,Inventory-position-based recommendation from Day 13.
22566,FELTCRAFT HAIRBAND PINK AND PURPLE,3.7292,2011-11-26,2011-12-09,reorder_now,157,72.3963,189.3963,14,Inventory-position-based recommendation from Day 13.
22567,20 DOLLY PEGS RETROSPOT,2.1419,2011-11-26,2011-12-09,reorder_now,81,41.7857,108.7857,14,Inventory-position-based recommendation from Day 13.
22568,FELTCRAFT CUSHION OWL,5.4057,2011-11-26,2011-12-09,reorder_now,104,43.1400,75.6043,3,Inventory-position-based recommendation from Day 13.
22569,FELTCRAFT CUSHION BUTTERFLY,0.0875,2011-11-26,2011-12-09,no_order_required,0,0.0000,0.0000,7,Inventory-position-based recommendation from Day 13.
22570,UNKNOWN,0.2172,2011-11-26,2011-12-09,reorder_now,122,77.1621,106.4478,10,Inventory-position-based recommendation from Day 13.
22571,ROCKING HORSE RED CHRISTMAS,11.0107,2011-11-26,2011-12-09,reorder_now,498,191.4859,446.8430,10,Inventory-position-based recommendation from Day 13.
22572,ROCKING HORSE GREEN CHRISTMAS,5.5618,2011-11-26,2011-12-09,reorder_now,188,83.4487,154.4487,7,Inventory-position-based recommendation from Day 13.
22573,STAR WOODEN CHRISTMAS DECORATION,10.6355,2011-11-26,2011-12-09,reorder_now,325,123.8949,267.4664,5,Inventory-position-based recommendation from Day 13.
22574,HEART WOODEN CHRISTMAS DECORATION,12.0592,2011-11-26,2011-12-09,reorder_now,332,107.9377,211.5448,3,Inventory-position-based recommendation from Day 13.
22575,METAL MERRY CHRISTMAS WREATH,0.5267,2011-11-26,2011-12-09,reorder_now,52,27.8762,36.2334,3,Inventory-position-based recommendation from Day 13.
22576,SWALLOW WOODEN CHRISTMAS DECORATION,8.1660,2011-11-26,2011-12-09,reorder_now,250,99.6928,198.4428,5,Inventory-position-based recommendation from Day 13.
22577,WOODEN HEART CHRISTMAS SCANDINAVIAN,18.9644,2011-11-26,2011-12-09,reorder_now,3321,724.2909,2689.2909,14,Inventory-position-based recommendation from Day 13.
22578,WOODEN STAR CHRISTMAS SCANDINAVIAN,19.0878,2011-11-26,2011-12-09,reorder_now,2705,684.9526,1818.4526,7,Inventory-position-based recommendation from Day 13.
22579,WOODEN TREE CHRISTMAS SCANDINAVIAN,9.4326,2011-11-26,2011-12-09,reorder_now,790,291.8563,541.4992,5,Inventory-position-based recommendation from Day 13.
22580,ADVENT CALENDAR GINGHAM SACK,9.7151,2011-11-26,2011-12-09,no_order_required,0,70.6663,186.4163,7,Inventory-position-based recommendation from Day 13.
22581,WOOD STOCKING CHRISTMAS SCANDISPOT,8.9150,2011-11-26,2011-12-09,reorder_now,257,94.3978,227.7907,5,Inventory-position-based recommendation from Day 13.
22582,PACK OF 6 SWEETIE GIFT BOXES,0.5538,2011-11-26,2011-12-09,reorder_now,24,11.6090,20.3590,7,Inventory-position-based recommendation from Day 13.
22583,PACK OF 6 HANDBAG GIFT BOXES,0.4073,2011-11-26,2011-12-09,reorder_now,11,8.1801,15.6801,10,Inventory-position-based recommendation from Day 13.
22584,PACK OF 6 PANETTONE GIFT BOXES,1.5957,2011-11-26,2011-12-09,reorder_now,153,77.5129,105.6914,3,Inventory-position-based recommendation from Day 13.
22585,PACK OF 6 BIRDY GIFT TAGS,7.3970,2011-11-26,2011-12-09,reorder_now,596,221.7917,477.1489,10,Inventory-position-based recommendation from Day 13.
22586,FELTCRAFT HAIRBAND PINK AND BLUE,2.3593,2011-11-26,2011-12-09,reorder_now,41,16.4871,30.6300,3,Inventory-position-based recommendation from Day 13.
22587,FELTCRAFT HAIRBAND RED AND BLUE,3.9379,2011-11-26,2011-12-09,reorder_now,135,43.7855,121.9998,10,Inventory-position-based recommendation from Day 13.
22588,CARD HOLDER GINGHAM HEART,2.2165,2011-11-26,2011-12-09,no_order_required,0,25.6137,60.2565,10,Inventory-position-based recommendation from Day 13.
22589,CARDHOLDER GINGHAM STAR,1.5827,2011-11-26,2011-12-09,reorder_now,28,23.0059,61.5059,14,Inventory-position-based recommendation from Day 13.
22591,CARDHOLDER GINGHAM CHRISTMAS TREE,2.3772,2011-11-26,2011-12-09,reorder_now,38,15.7033,27.3819,3,Inventory-position-based recommendation from Day 13.
22592,CARDHOLDER HOLLY WREATH METAL,5.5519,2011-11-26,2011-12-09,no_order_required,0,28.6070,68.9641,5,Inventory-position-based recommendation from Day 13.
22593,CHRISTMAS GINGHAM STAR,10.3466,2011-11-26,2011-12-09,reorder_now,260,99.8177,311.2463,10,Inventory-position-based recommendation from Day 13.
22594,CHRISTMAS GINGHAM TREE,9.6406,2011-11-26,2011-12-09,reorder_now,251,134.4384,285.1884,7,Inventory-position-based recommendation from Day 13.
22595,GINGHAM HEART DECORATION,10.5959,2011-11-26,2011-12-09,reorder_now,185,69.7846,134.9275,3,Inventory-position-based recommendation from Day 13.
22596,CHRISTMAS STAR WISH LIST CHALKBOARD,11.4963,2011-11-26,2011-12-09,reorder_now,523,157.0194,287.7337,3,Inventory-position-based recommendation from Day 13.
22597,MUSICAL ZINC HEART DECORATION,13.0697,2011-11-26,2011-12-09,reorder_now,577,214.8315,490.0815,7,Inventory-position-based recommendation from Day 13.
22598,CHRISTMAS MUSICAL ZINC TREE,5.4091,2011-11-26,2011-12-09,reorder_now,162,98.0988,156.1345,5,Inventory-position-based recommendation from Day 13.
22599,CHRISTMAS MUSICAL ZINC STAR,9.0896,2011-11-26,2011-12-09,reorder_now,280,108.7793,230.3865,5,Inventory-position-based recommendation from Day 13.
22600,CHRISTMAS RETROSPOT STAR WOOD,8.6826,2011-11-26,2011-12-09,reorder_now,173,82.2702,248.3416,10,Inventory-position-based recommendation from Day 13.
22601,CHRISTMAS RETROSPOT ANGEL WOOD,8.8112,2011-11-26,2011-12-09,no_order_required,0,40.2020,84.7735,3,Inventory-position-based recommendation from Day 13.
22602,RETROSPOT WOODEN HEART DECORATION,6.8736,2011-11-26,2011-12-09,reorder_now,164,42.6866,84.9008,3,Inventory-position-based recommendation from Day 13.
22603,CHRISTMAS RETROSPOT TREE WOOD,7.5771,2011-11-26,2011-12-09,reorder_now,130,40.1675,82.3818,3,Inventory-position-based recommendation from Day 13.
22604,SET OF 4 NAPKIN CHARMS CUTLERY,1.3603,2011-11-26,2011-12-09,reorder_now,72,37.2726,85.7726,14,Inventory-position-based recommendation from Day 13.
22605,WOODEN CROQUET GARDEN SET,0.9310,2011-11-26,2011-12-09,no_order_required,0,10.3498,26.0640,10,Inventory-position-based recommendation from Day 13.
22606,WOODEN SKITTLES GARDEN SET,0.2458,2011-11-26,2011-12-09,reorder_now,13,8.1653,13.1653,10,Inventory-position-based recommendation from Day 13.
22607,WOODEN ROUNDERS GARDEN SET,1.6855,2011-11-26,2011-12-09,reorder_now,30,11.8432,21.0574,3,Inventory-position-based recommendation from Day 13.
22608,PENS ASSORTED FUNKY JEWELED,6.0247,2011-11-26,2011-12-09,reorder_now,368,119.1946,245.2660,5,Inventory-position-based recommendation from Day 13.
22609,PENS ASSORTED SPACEBALL,9.2145,2011-11-26,2011-12-09,reorder_now,420,172.7162,341.6448,5,Inventory-position-based recommendation from Day 13.
22610,PENS ASSORTED FUNNY FACE,9.5890,2011-11-26,2011-12-09,reorder_now,919,275.4379,713.2951,10,Inventory-position-based recommendation from Day 13.
22611,VINTAGE UNION JACK SHOPPING BAG,0.1458,2011-11-26,2011-12-09,reorder_now,2,1.3651,1.7222,5,Inventory-position-based recommendation from Day 13.
22612,TEA COSY VINTAGE UNION JACK,0.0875,2011-11-26,2011-12-09,no_order_required,0,0.0000,0.0000,7,Inventory-position-based recommendation from Day 13.
22613,PACK OF 20 SPACEBOY NAPKINS,0.6939,2011-11-26,2011-12-09,reorder_now,27,16.0945,30.3445,7,Inventory-position-based recommendation from Day 13.
22614,PACK OF 12 SPACEBOY TISSUES,4.3185,2011-11-26,2011-12-09,reorder_now,126,45.8064,85.9850,5,Inventory-position-based recommendation from Day 13.
22615,PACK OF 12 CIRCUS PARADE TISSUES,0.7137,2011-11-26,2011-12-09,reorder_now,103,45.9235,94.9235,14,Inventory-position-based recommendation from Day 13.
22616,PACK OF 12 LONDON TISSUES,11.2651,2011-11-26,2011-12-09,reorder_now,2102,852.6985,1527.1985,7,Inventory-position-based recommendation from Day 13.
22617,BAKING SET SPACEBOY DESIGN,8.9139,2011-11-26,2011-12-09,reorder_now,294,87.7085,268.2085,14,Inventory-position-based recommendation from Day 13.
22618,COOKING SET RETROSPOT,0.0875,2011-11-26,2011-12-09,no_order_required,0,0.0000,0.0000,5,Inventory-position-based recommendation from Day 13.
22619,SET OF 6 SOLDIER SKITTLES,8.9291,2011-11-26,2011-12-09,reorder_now,247,93.7268,200.7268,7,Inventory-position-based recommendation from Day 13.
22620,4 TRADITIONAL SPINNING TOPS,11.2695,2011-11-26,2011-12-09,reorder_now,289,73.0624,217.8124,7,Inventory-position-based recommendation from Day 13.
22621,TRADITIONAL KNITTING NANCY,13.9004,2011-11-26,2011-12-09,reorder_now,555,141.0535,275.1964,3,Inventory-position-based recommendation from Day 13.
22622,BOX OF VINTAGE ALPHABET BLOCKS,2.1310,2011-11-26,2011-12-09,reorder_now,53,27.3352,53.8352,7,Inventory-position-based recommendation from Day 13.
22623,BOX OF VINTAGE JIGSAW BLOCKS,2.1641,2011-11-26,2011-12-09,reorder_now,26,11.8046,21.4475,3,Inventory-position-based recommendation from Day 13.
22624,IVORY KITCHEN SCALES,3.9288,2011-11-26,2011-12-09,reorder_now,47,28.1657,103.1657,14,Inventory-position-based recommendation from Day 13.
22625,RED KITCHEN SCALES,3.2002,2011-11-26,2011-12-09,reorder_now,75,26.2810,43.9596,3,Inventory-position-based recommendation from Day 13.
22626,BLACK KITCHEN SCALES,0.5923,2011-11-26,2011-12-09,reorder_now,27,15.1950,34.6950,14,Inventory-position-based recommendation from Day 13.
22627,MINT KITCHEN SCALES,2.1079,2011-11-26,2011-12-09,reorder_now,36,15.0706,33.4635,5,Inventory-position-based recommendation from Day 13.
22628,PICNIC BOXES SET OF 3 RETROSPOT,0.7684,2011-11-26,2011-12-09,reorder_now,43,16.4904,29.3476,5,Inventory-position-based recommendation from Day 13.
22629,SPACEBOY LUNCH BOX,12.6267,2011-11-26,2011-12-09,reorder_now,728,320.7057,741.0629,10,Inventory-position-based recommendation from Day 13.
22630,DOLLY GIRL LUNCH BOX,11.5233,2011-11-26,2011-12-09,reorder_now,325,257.9563,678.4563,14,Inventory-position-based recommendation from Day 13.
22631,CIRCUS PARADE LUNCH BOX,3.9023,2011-11-26,2011-12-09,reorder_now,241,113.0052,223.0052,10,Inventory-position-based recommendation from Day 13.
22632,HAND WARMER RED RETROSPOT,13.2979,2011-11-26,2011-12-09,reorder_now,590,324.5721,800.0721,14,Inventory-position-based recommendation from Day 13.
22633,HAND WARMER UNION JACK,14.3869,2011-11-26,2011-12-09,reorder_now,368,149.6060,368.5346,5,Inventory-position-based recommendation from Day 13.
22634,CHILDS BREAKFAST SET SPACEBOY,1.6995,2011-11-26,2011-12-09,reorder_now,34,13.6298,23.9155,3,Inventory-position-based recommendation from Day 13.
22635,CHILDS BREAKFAST SET DOLLY GIRL,1.6237,2011-11-26,2011-12-09,reorder_now,37,14.0768,31.8268,7,Inventory-position-based recommendation from Day 13.
22636,CHILDS BREAKFAST SET CIRCUS PARADE,1.9588,2011-11-26,2011-12-09,no_order_required,0,13.2976,38.2976,10,Inventory-position-based recommendation from Day 13.
22637,PIGGY BANK RETROSPOT,0.9254,2011-11-26,2011-12-09,reorder_now,78,42.5907,63.0907,7,Inventory-position-based recommendation from Day 13.
22638,SET OF 4 NAPKIN CHARMS CROWNS,0.6194,2011-11-26,2011-12-09,reorder_now,63,36.9948,68.9948,14,Inventory-position-based recommendation from Day 13.
22639,SET OF 4 NAPKIN CHARMS HEARTS,1.3997,2011-11-26,2011-12-09,reorder_now,64,28.4991,43.7134,3,Inventory-position-based recommendation from Day 13.
22640,SET OF 4 NAPKIN CHARMS 3 KEYS,0.3776,2011-11-26,2011-12-09,reorder_now,77,44.5040,70.0040,14,Inventory-position-based recommendation from Day 13.
22641,SET OF 4 NAPKIN CHARMS INSTRUMENT,0.2399,2011-11-26,2011-12-09,reorder_now,4,3.2602,5.2602,7,Inventory-position-based recommendation from Day 13.
22642,SET OF 4 NAPKIN CHARMS STARS,0.7349,2011-11-26,2011-12-09,reorder_now,56,23.7648,38.9434,5,Inventory-position-based recommendation from Day 13.
22643,SET OF 4 NAPKIN CHARMS LEAVES,0.5611,2011-11-26,2011-12-09,reorder_now,45,20.0636,27.8851,3,Inventory-position-based recommendation from Day 13.
22644,CERAMIC CHERRY CAKE MONEY BANK,4.5128,2011-11-26,2011-12-09,reorder_now,385,156.6480,234.7551,3,Inventory-position-based recommendation from Day 13.
22645,CERAMIC HEART FAIRY CAKE MONEY BANK,4.9378,2011-11-26,2011-12-09,reorder_now,257,107.0497,264.1925,10,Inventory-position-based recommendation from Day 13.
22646,CERAMIC STRAWBERRY CAKE MONEY BANK,5.8550,2011-11-26,2011-12-09,reorder_now,933,324.7075,639.2075,7,Inventory-position-based recommendation from Day 13.
22647,CERAMIC LOVE HEART MONEY BANK,0.5245,2011-11-26,2011-12-09,reorder_now,153,71.4315,142.4315,14,Inventory-position-based recommendation from Day 13.
22649,STRAWBERRY FAIRY CAKE TEAPOT,0.9321,2011-11-26,2011-12-09,reorder_now,55,25.1998,55.1998,14,Inventory-position-based recommendation from Day 13.
22650,CERAMIC PIRATE CHEST MONEY BANK,1.6515,2011-11-26,2011-12-09,reorder_now,97,45.5501,93.0501,10,Inventory-position-based recommendation from Day 13.
22651,GENTLEMAN SHIRT REPAIR KIT,2.2168,2011-11-26,2011-12-09,reorder_now,50,38.4774,89.4774,14,Inventory-position-based recommendation from Day 13.
22652,TRAVEL SEWING KIT,0.2582,2011-11-26,2011-12-09,reorder_now,5,2.9542,3.9185,3,Inventory-position-based recommendation from Day 13.
22653,BUTTON BOX,7.1526,2011-11-26,2011-12-09,reorder_now,145,76.6589,268.1589,14,Inventory-position-based recommendation from Day 13.
22654,DELUXE SEWING KIT,3.4736,2011-11-26,2011-12-09,reorder_now,87,44.3708,91.8708,7,Inventory-position-based recommendation from Day 13.
22655,VINTAGE RED KITCHEN CABINET,0.0881,2011-11-26,2011-12-09,no_order_required,0,0.0000,0.0000,5,Inventory-position-based recommendation from Day 13.
22656,VINTAGE BLUE KITCHEN CABINET,0.0875,2011-11-26,2011-12-09,no_order_required,0,0.0000,0.0000,10,Inventory-position-based recommendation from Day 13.
22659,LUNCH BOX I LOVE LONDON,7.8569,2011-11-26,2011-12-09,reorder_now,322,186.6877,328.4377,7,Inventory-position-based recommendation from Day 13.
22660,DOORMAT I LOVE LONDON,0.5546,2011-11-26,2011-12-09,reorder_now,88,48.6026,74.6740,10,Inventory-position-based recommendation from Day 13.
22661,CHARLOTTE BAG DOLLY GIRL DESIGN,7.9990,2011-11-26,2011-12-09,reorder_now,132,53.1305,143.1305,7,Inventory-position-based recommendation from Day 13.
22662,LUNCH BAG DOLLY GIRL DESIGN,9.2431,2011-11-26,2011-12-09,reorder_now,163,63.4296,118.1796,3,Inventory-position-based recommendation from Day 13.
22663,JUMBO BAG DOLLY GIRL DESIGN,4.0257,2011-11-26,2011-12-09,reorder_now,55,25.0118,57.8689,5,Inventory-position-based recommendation from Day 13.
22664,TOY TIDY DOLLY GIRL DESIGN,1.2477,2011-11-26,2011-12-09,reorder_now,153,69.1800,129.5372,10,Inventory-position-based recommendation from Day 13.
22665,RECIPE BOX BLUE SKETCHBOOK DESIGN,0.5308,2011-11-26,2011-12-09,reorder_now,17,8.7386,12.1671,3,Inventory-position-based recommendation from Day 13.
22666,RECIPE BOX PANTRY YELLOW DESIGN,12.4332,2011-11-26,2011-12-09,reorder_now,461,174.3216,343.9644,5,Inventory-position-based recommendation from Day 13.
22667,RECIPE BOX RETROSPOT,6.2893,2011-11-26,2011-12-09,reorder_now,206,102.0157,301.5157,14,Inventory-position-based recommendation from Day 13.
22668,PINK BABY BUNTING,1.5186,2011-11-26,2011-12-09,no_order_required,0,10.4187,22.3830,5,Inventory-position-based recommendation from Day 13.
22669,RED BABY BUNTING,1.4042,2011-11-26,2011-12-09,reorder_now,58,22.7934,45.0434,7,Inventory-position-based recommendation from Day 13.
22670,FRENCH WC SIGN BLUE METAL,2.4685,2011-11-26,2011-12-09,reorder_now,112,49.6251,88.3751,5,Inventory-position-based recommendation from Day 13.
22671,FRENCH LAUNDRY SIGN BLUE METAL,0.8186,2011-11-26,2011-12-09,reorder_now,15,14.2000,28.1285,10,Inventory-position-based recommendation from Day 13.
22672,FRENCH BATHROOM SIGN BLUE METAL,1.3072,2011-11-26,2011-12-09,reorder_now,52,32.1388,66.7817,10,Inventory-position-based recommendation from Day 13.
22673,FRENCH GARDEN SIGN BLUE METAL,0.4319,2011-11-26,2011-12-09,reorder_now,21,11.8011,15.8726,3,Inventory-position-based recommendation from Day 13.
22674,FRENCH TOILET SIGN BLUE METAL,1.1803,2011-11-26,2011-12-09,reorder_now,33,15.1493,23.2922,3,Inventory-position-based recommendation from Day 13.
22675,FRENCH KITCHEN SIGN BLUE METAL,0.6362,2011-11-26,2011-12-09,reorder_now,57,31.2233,45.8661,5,Inventory-position-based recommendation from Day 13.
22676,FRENCH BLUE METAL DOOR SIGN 1,0.9677,2011-11-26,2011-12-09,reorder_now,78,41.6241,54.9099,3,Inventory-position-based recommendation from Day 13.
22677,FRENCH BLUE METAL DOOR SIGN 2,0.6179,2011-11-26,2011-12-09,reorder_now,52,33.4949,50.2449,7,Inventory-position-based recommendation from Day 13.
22678,FRENCH BLUE METAL DOOR SIGN 3,0.7347,2011-11-26,2011-12-09,reorder_now,41,24.9817,38.2317,7,Inventory-position-based recommendation from Day 13.
22679,FRENCH BLUE METAL DOOR SIGN 4,0.5914,2011-11-26,2011-12-09,reorder_now,33,20.6977,40.1977,14,Inventory-position-based recommendation from Day 13.
22680,FRENCH BLUE METAL DOOR SIGN 5,0.7843,2011-11-26,2011-12-09,reorder_now,41,24.7018,37.0232,5,Inventory-position-based recommendation from Day 13.
22681,FRENCH BLUE METAL DOOR SIGN 6,0.7114,2011-11-26,2011-12-09,reorder_now,66,36.6452,66.1452,14,Inventory-position-based recommendation from Day 13.
22682,FRENCH BLUE METAL DOOR SIGN 7,0.6911,2011-11-26,2011-12-09,reorder_now,40,19.4580,27.4937,3,Inventory-position-based recommendation from Day 13.
22683,FRENCH BLUE METAL DOOR SIGN 8,0.4275,2011-11-26,2011-12-09,reorder_now,13,7.2919,9.8634,3,Inventory-position-based recommendation from Day 13.
22684,FRENCH BLUE METAL DOOR SIGN 9,0.4590,2011-11-26,2011-12-09,reorder_now,39,22.7783,38.1354,10,Inventory-position-based recommendation from Day 13.
22685,FRENCH BLUE METAL DOOR SIGN 0,0.5131,2011-11-26,2011-12-09,reorder_now,30,16.3407,24.3764,5,Inventory-position-based recommendation from Day 13.
22686,FRENCH BLUE METAL DOOR SIGN No,0.7941,2011-11-26,2011-12-09,reorder_now,156,96.6016,132.3516,7,Inventory-position-based recommendation from Day 13.
22687,DOORMAT CHRISTMAS VILLAGE,0.5815,2011-11-26,2011-12-09,reorder_now,20,14.9498,24.4498,7,Inventory-position-based recommendation from Day 13.
22688,DOORMAT PEACE ON EARTH BLUE,0.2772,2011-11-26,2011-12-09,reorder_now,16,8.9562,11.3134,3,Inventory-position-based recommendation from Day 13.
22689,UNKNOWN,1.1333,2011-11-26,2011-12-09,reorder_now,33,34.4971,66.4971,14,Inventory-position-based recommendation from Day 13.
22690,DOORMAT HOME SWEET HOME BLUE,1.0841,2011-11-26,2011-12-09,reorder_now,37,14.4964,27.1750,5,Inventory-position-based recommendation from Day 13.
22691,DOORMAT WELCOME SUNRISE,0.5293,2011-11-26,2011-12-09,reorder_now,16,8.6217,13.9788,5,Inventory-position-based recommendation from Day 13.
22692,DOORMAT WELCOME TO OUR HOME,1.3451,2011-11-26,2011-12-09,reorder_now,24,17.5808,34.8308,7,Inventory-position-based recommendation from Day 13.
22693,GROW A FLYTRAP OR SUNFLOWER IN TIN,8.6291,2011-11-26,2011-12-09,reorder_now,799,291.7502,612.4645,10,Inventory-position-based recommendation from Day 13.
22694,WICKER STAR,9.1243,2011-11-26,2011-12-09,reorder_now,118,48.9535,155.7392,10,Inventory-position-based recommendation from Day 13.
22695,WICKER WREATH SMALL,2.6092,2011-11-26,2011-12-09,reorder_now,137,50.9482,100.4125,5,Inventory-position-based recommendation from Day 13.
22696,WICKER WREATH LARGE,2.9664,2011-11-26,2011-12-09,reorder_now,47,20.1915,40.5486,5,Inventory-position-based recommendation from Day 13.
22697,GREEN REGENCY TEACUP AND SAUCER,10.6772,2011-11-26,2011-12-09,reorder_now,339,157.8260,396.7546,10,Inventory-position-based recommendation from Day 13.
22698,PINK REGENCY TEACUP AND SAUCER,9.3755,2011-11-26,2011-12-09,reorder_now,178,64.2579,122.2222,3,Inventory-position-based recommendation from Day 13.
22699,ROSES REGENCY TEACUP AND SAUCER,11.4414,2011-11-26,2011-12-09,reorder_now,247,185.4912,568.4912,14,Inventory-position-based recommendation from Day 13.
22700,BLACK AND WHITE DOG BOWL,0.0875,2011-11-26,2011-12-09,no_order_required,0,0.0000,0.0000,14,Inventory-position-based recommendation from Day 13.
22701,PINK DOG BOWL,1.4759,2011-11-26,2011-12-09,reorder_now,100,39.9534,95.9534,14,Inventory-position-based recommendation from Day 13.
22702,BLACK AND WHITE CAT BOWL,0.2569,2011-11-26,2011-12-09,no_order_required,0,1.3951,2.0380,3,Inventory-position-based recommendation from Day 13.
22703,PINK CAT BOWL,1.7820,2011-11-26,2011-12-09,reorder_now,71,22.7579,38.9365,3,Inventory-position-based recommendation from Day 13.
22704,WRAP RED APPLES,2.1708,2011-11-26,2011-12-09,reorder_now,256,82.7525,158.6454,5,Inventory-position-based recommendation from Day 13.
22705,WRAP GREEN PEARS,0.4578,2011-11-26,2011-12-09,reorder_now,63,31.3611,42.0754,3,Inventory-position-based recommendation from Day 13.
22706,WRAP COWBOYS,0.7511,2011-11-26,2011-12-09,reorder_now,84,35.2163,57.5377,5,Inventory-position-based recommendation from Day 13.
22707,WRAP MONSTER FUN,1.1495,2011-11-26,2011-12-09,reorder_now,94,58.9281,121.4281,14,Inventory-position-based recommendation from Day 13.
22708,WRAP DOLLY GIRL,2.1601,2011-11-26,2011-12-09,reorder_now,419,190.3548,390.3548,14,Inventory-position-based recommendation from Day 13.
22709,WRAP WEDDING DAY,0.1133,2011-11-26,2011-12-09,reorder_now,27,17.0638,21.5281,5,Inventory-position-based recommendation from Day 13.
22710,WRAP I LOVE LONDON,2.1202,2011-11-26,2011-12-09,reorder_now,214,79.3598,168.6455,10,Inventory-position-based recommendation from Day 13.
22711,WRAP CIRCUS PARADE,0.6487,2011-11-26,2011-12-09,reorder_now,164,74.7410,137.2410,10,Inventory-position-based recommendation from Day 13.
22712,CARD DOLLY GIRL,5.7826,2011-11-26,2011-12-09,reorder_now,436,224.9727,437.8298,10,Inventory-position-based recommendation from Day 13.
22713,CARD I LOVE LONDON,1.6511,2011-11-26,2011-12-09,reorder_now,67,21.6099,36.7170,3,Inventory-position-based recommendation from Day 13.
22714,CARD BIRTHDAY COWBOY,2.2319,2011-11-26,2011-12-09,reorder_now,54,44.3109,112.3109,14,Inventory-position-based recommendation from Day 13.
22715,CARD WEDDING DAY,0.1789,2011-11-26,2011-12-09,reorder_now,7,6.8528,9.8528,14,Inventory-position-based recommendation from Day 13.
22716,CARD CIRCUS PARADE,1.4166,2011-11-26,2011-12-09,reorder_now,86,34.7251,64.3679,5,Inventory-position-based recommendation from Day 13.
22717,CARD DOG AND BALL,0.6102,2011-11-26,2011-12-09,reorder_now,20,10.4534,14.8463,3,Inventory-position-based recommendation from Day 13.
22718,CARD CAT AND TREE,0.5858,2011-11-26,2011-12-09,reorder_now,40,20.6126,31.3269,5,Inventory-position-based recommendation from Day 13.
22719,UNKNOWN,0.0875,2011-11-26,2011-12-09,no_order_required,0,0.0000,0.0000,5,Inventory-position-based recommendation from Day 13.
22720,SET OF 3 CAKE TINS PANTRY DESIGN,9.8544,2011-11-26,2011-12-09,no_order_required,0,73.9851,198.4851,7,Inventory-position-based recommendation from Day 13.
22721,SET OF 3 CAKE TINS SKETCHBOOK,1.3806,2011-11-26,2011-12-09,reorder_now,134,51.8705,89.1919,5,Inventory-position-based recommendation from Day 13.
22722,SET OF 6 SPICE TINS PANTRY DESIGN,9.7562,2011-11-26,2011-12-09,no_order_required,0,64.4532,206.9532,10,Inventory-position-based recommendation from Day 13.
22723,SET OF 6 HERB TINS SKETCHBOOK,1.1964,2011-11-26,2011-12-09,reorder_now,103,46.9916,87.4916,7,Inventory-position-based recommendation from Day 13.
22725,ALARM CLOCK BAKELIKE CHOCOLATE,6.2380,2011-11-26,2011-12-09,reorder_now,95,43.4582,166.9582,14,Inventory-position-based recommendation from Day 13.
22726,ALARM CLOCK BAKELIKE GREEN,14.1676,2011-11-26,2011-12-09,no_order_required,0,75.2366,177.9866,3,Inventory-position-based recommendation from Day 13.
22727,ALARM CLOCK BAKELIKE RED,14.0299,2011-11-26,2011-12-09,reorder_now,1570,750.9803,1536.4803,14,Inventory-position-based recommendation from Day 13.
22728,ALARM CLOCK BAKELIKE PINK,10.4504,2011-11-26,2011-12-09,reorder_now,168,59.6804,121.1804,3,Inventory-position-based recommendation from Day 13.
22729,ALARM CLOCK BAKELIKE ORANGE,0.4513,2011-11-26,2011-12-09,reorder_now,8,3.5757,5.6114,3,Inventory-position-based recommendation from Day 13.
22730,ALARM CLOCK BAKELIKE IVORY,7.9779,2011-11-26,2011-12-09,reorder_now,243,82.8189,219.2475,10,Inventory-position-based recommendation from Day 13.
22731,3D CHRISTMAS STAMPS STICKERS,3.2549,2011-11-26,2011-12-09,reorder_now,98,40.9975,90.2475,7,Inventory-position-based recommendation from Day 13.
22732,3D VINTAGE CHRISTMAS STICKERS,6.7581,2011-11-26,2011-12-09,reorder_now,97,37.7678,71.9463,3,Inventory-position-based recommendation from Day 13.
22733,3D TRADITIONAL CHRISTMAS STICKERS,5.6581,2011-11-26,2011-12-09,reorder_now,132,79.3376,163.3376,7,Inventory-position-based recommendation from Day 13.
22734,SET OF 6 RIBBONS VINTAGE CHRISTMAS,13.2541,2011-11-26,2011-12-09,reorder_now,281,90.8719,178.1934,3,Inventory-position-based recommendation from Day 13.
22735,RIBBON REEL SOCKS AND MITTENS,2.9583,2011-11-26,2011-12-09,reorder_now,109,47.8915,89.6415,7,Inventory-position-based recommendation from Day 13.
22736,RIBBON REEL MAKING SNOWMEN,7.1055,2011-11-26,2011-12-09,reorder_now,75,36.7971,99.2971,7,Inventory-position-based recommendation from Day 13.
22737,RIBBON REEL CHRISTMAS PRESENT,8.6701,2011-11-26,2011-12-09,reorder_now,132,44.9417,120.6917,7,Inventory-position-based recommendation from Day 13.
22738,RIBBON REEL SNOWY VILLAGE,7.6209,2011-11-26,2011-12-09,reorder_now,160,59.5175,124.5175,5,Inventory-position-based recommendation from Day 13.
22739,RIBBON REEL CHRISTMAS SOCK BAUBLE,9.6174,2011-11-26,2011-12-09,reorder_now,170,71.8358,266.3358,14,Inventory-position-based recommendation from Day 13.
22740,adjustment,0.0875,2011-11-26,2011-12-09,no_order_required,0,0.0000,0.0000,14,Inventory-position-based recommendation from Day 13.
22741,FUNKY DIVA PEN,7.6956,2011-11-26,2011-12-09,reorder_now,618,172.1877,475.0449,10,Inventory-position-based recommendation from Day 13.
22742,MAKE YOUR OWN PLAYTIME CARD KIT,1.1233,2011-11-26,2011-12-09,reorder_now,186,88.4277,119.7134,3,Inventory-position-based recommendation from Day 13.
22743,MAKE YOUR OWN FLOWERPOWER CARD KIT,1.3653,2011-11-26,2011-12-09,reorder_now,242,124.6660,195.6660,7,Inventory-position-based recommendation from Day 13.
22744,MAKE YOUR OWN MONSOON CARD KIT,1.7462,2011-11-26,2011-12-09,reorder_now,204,103.4031,155.9031,5,Inventory-position-based recommendation from Day 13.
22745,POPPY'S PLAYHOUSE BEDROOM,5.1161,2011-11-26,2011-12-09,no_order_required,0,42.2968,84.9754,5,Inventory-position-based recommendation from Day 13.
22746,POPPY'S PLAYHOUSE LIVINGROOM,2.7120,2011-11-26,2011-12-09,reorder_now,39,32.7562,79.1848,10,Inventory-position-based recommendation from Day 13.
22747,POPPY'S PLAYHOUSE BATHROOM,1.6673,2011-11-26,2011-12-09,reorder_now,39,16.3728,44.9443,10,Inventory-position-based recommendation from Day 13.
22748,POPPY'S PLAYHOUSE KITCHEN,5.1787,2011-11-26,2011-12-09,reorder_now,124,76.3110,172.3824,10,Inventory-position-based recommendation from Day 13.
22749,FELTCRAFT PRINCESS CHARLOTTE DOLL,7.2488,2011-11-26,2011-12-09,reorder_now,135,53.0894,96.6966,3,Inventory-position-based recommendation from Day 13.
22750,FELTCRAFT PRINCESS LOLA DOLL,7.2144,2011-11-26,2011-12-09,no_order_required,0,34.5881,103.0881,7,Inventory-position-based recommendation from Day 13.
22751,FELTCRAFT PRINCESS OLIVIA DOLL,3.6172,2011-11-26,2011-12-09,no_order_required,0,24.7872,74.0729,10,Inventory-position-based recommendation from Day 13.
22752,SET 7 BABUSHKA NESTING BOXES,4.7689,2011-11-26,2011-12-09,reorder_now,196,92.7311,192.4811,7,Inventory-position-based recommendation from Day 13.
22753,SMALL YELLOW BABUSHKA NOTEBOOK,4.6343,2011-11-26,2011-12-09,reorder_now,213,101.4420,289.9420,14,Inventory-position-based recommendation from Day 13.
22754,SMALL RED BABUSHKA NOTEBOOK,5.4296,2011-11-26,2011-12-09,reorder_now,575,244.1013,439.6013,7,Inventory-position-based recommendation from Day 13.
22755,SMALL PURPLE BABUSHKA NOTEBOOK,3.6939,2011-11-26,2011-12-09,reorder_now,409,183.3503,324.3503,7,Inventory-position-based recommendation from Day 13.
22756,LARGE YELLOW BABUSHKA NOTEBOOK,1.4653,2011-11-26,2011-12-09,reorder_now,257,106.7443,219.2443,14,Inventory-position-based recommendation from Day 13.
22757,LARGE RED BABUSHKA NOTEBOOK,1.9279,2011-11-26,2011-12-09,reorder_now,245,104.5656,150.9584,3,Inventory-position-based recommendation from Day 13.
22758,LARGE PURPLE BABUSHKA NOTEBOOK,1.7311,2011-11-26,2011-12-09,reorder_now,702,327.0010,613.0010,14,Inventory-position-based recommendation from Day 13.
22759,check,7.7226,2011-11-26,2011-12-09,reorder_now,496,205.4720,406.5434,10,Inventory-position-based recommendation from Day 13.
22760,"TRAY, BREAKFAST IN BED",0.0875,2011-11-26,2011-12-09,no_order_required,0,0.0000,0.0000,10,Inventory-position-based recommendation from Day 13.
22761,CHEST 7 DRAWER MA CAMPAGNE,0.1619,2011-11-26,2011-12-09,reorder_now,4,2.2903,3.7189,10,Inventory-position-based recommendation from Day 13.
22762,CUPBOARD 3 DRAWER MA CAMPAGNE,0.3515,2011-11-26,2011-12-09,reorder_now,6,4.1100,6.7886,5,Inventory-position-based recommendation from Day 13.
22763,KEY CABINET MA CAMPAGNE,0.4691,2011-11-26,2011-12-09,reorder_now,21,11.3342,25.8342,14,Inventory-position-based recommendation from Day 13.
22765,NEWSPAPER STAND,0.0875,2011-11-26,2011-12-09,no_order_required,0,0.0000,0.0000,14,Inventory-position-based recommendation from Day 13.
22766,PHOTO FRAME CORNICE,4.2559,2011-11-26,2011-12-09,no_order_required,0,37.0954,98.8811,10,Inventory-position-based recommendation from Day 13.
22767,TRIPLE PHOTO FRAME CORNICE,0.8086,2011-11-26,2011-12-09,reorder_now,23,10.2728,18.4871,5,Inventory-position-based recommendation from Day 13.
22768,FAMILY PHOTO FRAME CORNICE,1.9125,2011-11-26,2011-12-09,reorder_now,49,21.7699,47.0199,7,Inventory-position-based recommendation from Day 13.
22769,CHALKBOARD KITCHEN ORGANISER,0.0875,2011-11-26,2011-12-09,no_order_required,0,0.0000,0.0000,3,Inventory-position-based recommendation from Day 13.
22770,MIRROR CORNICE,0.2219,2011-11-26,2011-12-09,reorder_now,6,3.8071,6.8071,14,Inventory-position-based recommendation from Day 13.
22771,CLEAR DRAWER KNOB ACRYLIC EDWARDIAN,6.8343,2011-11-26,2011-12-09,no_order_required,0,94.5538,249.0538,14,Inventory-position-based recommendation from Day 13.
22772,PINK DRAWER KNOB ACRYLIC EDWARDIAN,2.4118,2011-11-26,2011-12-09,reorder_now,178,83.2063,182.2063,14,Inventory-position-based recommendation from Day 13.
22773,GREEN DRAWER KNOB ACRYLIC EDWARDIAN,1.1224,2011-11-26,2011-12-09,reorder_now,67,27.0902,51.5902,7,Inventory-position-based recommendation from Day 13.
22774,RED DRAWER KNOB ACRYLIC EDWARDIAN,1.2566,2011-11-26,2011-12-09,reorder_now,96,55.0335,98.6050,10,Inventory-position-based recommendation from Day 13.
22775,PURPLE DRAWERKNOB ACRYLIC EDWARDIAN,3.9237,2011-11-26,2011-12-09,reorder_now,289,121.5259,279.0259,14,Inventory-position-based recommendation from Day 13.
22776,SWEETHEART 3 TIER CAKE STAND,1.7260,2011-11-26,2011-12-09,reorder_now,55,19.2776,58.2776,14,Inventory-position-based recommendation from Day 13.
22777,GLASS CLOCHE LARGE,0.0875,2011-11-26,2011-12-09,no_order_required,0,0.0000,0.0000,5,Inventory-position-based recommendation from Day 13.
22778,GLASS CLOCHE SMALL,0.4342,2011-11-26,2011-12-09,reorder_now,5,3.4460,4.8388,3,Inventory-position-based recommendation from Day 13.
22779,WOODEN OWLS LIGHT GARLAND,1.8051,2011-11-26,2011-12-09,reorder_now,73,23.4634,65.9634,14,Inventory-position-based recommendation from Day 13.
22780,LIGHT GARLAND BUTTERFILES PINK,1.7732,2011-11-26,2011-12-09,reorder_now,31,10.5486,19.7629,3,Inventory-position-based recommendation from Day 13.
22781,GUMBALL MAGAZINE RACK,1.5929,2011-11-26,2011-12-09,reorder_now,16,10.9003,31.2574,10,Inventory-position-based recommendation from Day 13.
22782,SET 3 WICKER STORAGE BASKETS,0.2996,2011-11-26,2011-12-09,reorder_now,4,2.4589,3.7446,3,Inventory-position-based recommendation from Day 13.
22783,UNKNOWN,0.0875,2011-11-26,2011-12-09,no_order_required,0,0.0000,0.0000,7,Inventory-position-based recommendation from Day 13.
22784,LANTERN CREAM GAZEBO,2.7443,2011-11-26,2011-12-09,reorder_now,75,27.0532,54.9104,5,Inventory-position-based recommendation from Day 13.
22785,SQUARECUSHION COVER PINK UNION JACK,0.4260,2011-11-26,2011-12-09,reorder_now,80,36.7812,50.3884,3,Inventory-position-based recommendation from Day 13.
22786,CUSHION COVER PINK UNION JACK,0.3132,2011-11-26,2011-12-09,reorder_now,16,11.7651,19.2651,10,Inventory-position-based recommendation from Day 13.
22788,BROCANTE COAT RACK,0.0875,2011-11-26,2011-12-09,no_order_required,0,0.0000,0.0000,5,Inventory-position-based recommendation from Day 13.
22789,T-LIGHT HOLDER SWEETHEART HANGING,0.4107,2011-11-26,2011-12-09,reorder_now,13,6.8445,11.6659,5,Inventory-position-based recommendation from Day 13.
22791,T-LIGHT GLASS FLUTED ANTIQUE,12.8551,2011-11-26,2011-12-09,reorder_now,648,170.6761,403.7118,5,Inventory-position-based recommendation from Day 13.
22792,FLUTED ANTIQUE CANDLE HOLDER,10.1918,2011-11-26,2011-12-09,reorder_now,706,212.2822,537.2822,10,Inventory-position-based recommendation from Day 13.
22794,SWEETHEART WIRE MAGAZINE RACK,0.3234,2011-11-26,2011-12-09,no_order_required,0,3.1815,6.4315,7,Inventory-position-based recommendation from Day 13.
22795,SWEETHEART RECIPE BOOK STAND,3.5207,2011-11-26,2011-12-09,reorder_now,102,34.3479,98.9907,10,Inventory-position-based recommendation from Day 13.
22796,PHOTO FRAME 3 CLASSIC HANGING,1.0574,2011-11-26,2011-12-09,reorder_now,22,10.8079,16.9151,3,Inventory-position-based recommendation from Day 13.
22797,CHEST OF DRAWERS GINGHAM HEART,0.3473,2011-11-26,2011-12-09,reorder_now,6,4.7844,6.3915,3,Inventory-position-based recommendation from Day 13.
22798,ANTIQUE GLASS DRESSING TABLE POT,3.7529,2011-11-26,2011-12-09,reorder_now,273,108.7124,271.7124,14,Inventory-position-based recommendation from Day 13.
22799,SWEETHEART WIRE FRUIT BOWL,0.4682,2011-11-26,2011-12-09,reorder_now,46,22.2164,42.2164,14,Inventory-position-based recommendation from Day 13.
22800,ANTIQUE TALL SWIRLGLASS TRINKET POT,1.8020,2011-11-26,2011-12-09,reorder_now,37,17.1531,41.6531,7,Inventory-position-based recommendation from Day 13.
22801,ANTIQUE GLASS PEDESTAL BOWL,2.8653,2011-11-26,2011-12-09,reorder_now,108,48.9183,126.4183,14,Inventory-position-based recommendation from Day 13.
22802,FAUX FUR CHOCOLATE THROW,0.4226,2011-11-26,2011-12-09,reorder_now,19,10.4250,16.6750,7,Inventory-position-based recommendation from Day 13.
22804,PINK HANGING HEART T-LIGHT HOLDER,4.9068,2011-11-26,2011-12-09,reorder_now,843,440.3333,724.2619,10,Inventory-position-based recommendation from Day 13.
22805,BLUE DRAWER KNOB ACRYLIC EDWARDIAN,1.2651,2011-11-26,2011-12-09,reorder_now,56,28.7345,46.2345,5,Inventory-position-based recommendation from Day 13.
22806,SET OF 6 T-LIGHTS WEDDING CAKE,0.4385,2011-11-26,2011-12-09,reorder_now,99,47.8423,89.8423,14,Inventory-position-based recommendation from Day 13.
22807,SET OF 6 T-LIGHTS TOADSTOOLS,1.5987,2011-11-26,2011-12-09,reorder_now,90,30.3350,58.3707,5,Inventory-position-based recommendation from Day 13.
22808,SET OF 6 T-LIGHTS EASTER CHICKS,0.1515,2011-11-26,2011-12-09,reorder_now,39,20.6100,34.6100,14,Inventory-position-based recommendation from Day 13.
22809,SET OF 6 T-LIGHTS SANTA,6.7511,2011-11-26,2011-12-09,reorder_now,210,86.4106,186.1606,7,Inventory-position-based recommendation from Day 13.
22810,SET OF 6 T-LIGHTS SNOWMEN,4.6742,2011-11-26,2011-12-09,reorder_now,137,66.9319,128.1819,7,Inventory-position-based recommendation from Day 13.
22811,SET OF 6 T-LIGHTS CACTI,1.6600,2011-11-26,2011-12-09,reorder_now,274,135.7346,218.2346,7,Inventory-position-based recommendation from Day 13.
22812,PACK 3 BOXES CHRISTMAS PANETTONE,2.2914,2011-11-26,2011-12-09,reorder_now,92,45.9270,70.5698,5,Inventory-position-based recommendation from Day 13.
22813,PACK 3 BOXES BIRD PANETTONE,2.8697,2011-11-26,2011-12-09,reorder_now,125,56.9205,82.6348,3,Inventory-position-based recommendation from Day 13.
22814,CARD PARTY GAMES,4.1846,2011-11-26,2011-12-09,reorder_now,180,80.7589,118.2589,3,Inventory-position-based recommendation from Day 13.
22815,CARD PSYCHEDELIC APPLES,4.4700,2011-11-26,2011-12-09,reorder_now,100,29.9550,57.3836,3,Inventory-position-based recommendation from Day 13.
22816,CARD MOTORBIKE SANTA,15.1471,2011-11-26,2011-12-09,reorder_now,359,86.0820,209.7249,3,Inventory-position-based recommendation from Day 13.
22817,CARD SUKI BIRTHDAY,4.7447,2011-11-26,2011-12-09,reorder_now,161,61.8611,126.8611,7,Inventory-position-based recommendation from Day 13.
22818,CARD CHRISTMAS VILLAGE,14.3678,2011-11-26,2011-12-09,reorder_now,473,143.9285,270.4642,3,Inventory-position-based recommendation from Day 13.
22819,"BIRTHDAY CARD, RETRO SPOT",5.1152,2011-11-26,2011-12-09,reorder_now,140,62.9533,120.2748,5,Inventory-position-based recommendation from Day 13.
22820,GIFT BAG BIRTHDAY,0.2971,2011-11-26,2011-12-09,reorder_now,13,9.7608,13.7608,7,Inventory-position-based recommendation from Day 13.
22821,GIFT BAG PSYCHEDELIC APPLES,1.7873,2011-11-26,2011-12-09,reorder_now,56,23.6950,45.3021,5,Inventory-position-based recommendation from Day 13.
22822,CREAM WALL PLANTER HEART SHAPED,0.2270,2011-11-26,2011-12-09,reorder_now,6,3.5902,5.5545,5,Inventory-position-based recommendation from Day 13.
22824,3 TIER SWEETHEART GARDEN SHELF,0.1113,2011-11-26,2011-12-09,no_order_required,0,1.1421,1.6421,14,Inventory-position-based recommendation from Day 13.
22825,DECORATIVE PLANT POT WITH FRIEZE,0.1283,2011-11-26,2011-12-09,no_order_required,0,0.9472,1.3044,5,Inventory-position-based recommendation from Day 13.
22826,LOVE SEAT ANTIQUE WHITE METAL,0.2311,2011-11-26,2011-12-09,reorder_now,6,6.8583,10.7869,10,Inventory-position-based recommendation from Day 13.
22827,RUSTIC SEVENTEEN DRAWER SIDEBOARD,0.1207,2011-11-26,2011-12-09,reorder_now,4,3.9451,5.7308,10,Inventory-position-based recommendation from Day 13.
22829,SWEETHEART WIRE WALL TIDY,0.0928,2011-11-26,2011-12-09,no_order_required,0,0.0000,0.0000,10,Inventory-position-based recommendation from Day 13.
22831,WHITE BROCANTE SOAP DISH,0.6724,2011-11-26,2011-12-09,reorder_now,29,16.5816,34.0816,14,Inventory-position-based recommendation from Day 13.
22832,BROCANTE SHELF WITH HOOKS,0.4114,2011-11-26,2011-12-09,reorder_now,11,6.9545,10.3474,5,Inventory-position-based recommendation from Day 13.
22834,HAND WARMER BABUSHKA DESIGN,3.8531,2011-11-26,2011-12-09,reorder_now,55,28.5139,61.3711,5,Inventory-position-based recommendation from Day 13.
22835,HOT WATER BOTTLE I AM SO POORLY,14.0587,2011-11-26,2011-12-09,reorder_now,397,121.2904,451.6475,10,Inventory-position-based recommendation from Day 13.
22837,UNKNOWN,0.0875,2011-11-26,2011-12-09,no_order_required,0,0.0000,0.0000,3,Inventory-position-based recommendation from Day 13.
22838,3 TIER CAKE TIN RED AND CREAM,0.8533,2011-11-26,2011-12-09,reorder_now,69,41.2864,63.5364,7,Inventory-position-based recommendation from Day 13.
22839,3 TIER CAKE TIN GREEN AND CREAM,0.8778,2011-11-26,2011-12-09,reorder_now,30,11.3303,25.6160,10,Inventory-position-based recommendation from Day 13.
22840,ROUND CAKE TIN VINTAGE RED,1.1963,2011-11-26,2011-12-09,no_order_required,0,16.0366,39.5366,14,Inventory-position-based recommendation from Day 13.
22841,ROUND CAKE TIN VINTAGE GREEN,0.5836,2011-11-26,2011-12-09,no_order_required,0,3.2176,5.3604,3,Inventory-position-based recommendation from Day 13.
22842,BISCUIT TIN VINTAGE RED,0.4314,2011-11-26,2011-12-09,reorder_now,17,10.3983,16.8983,7,Inventory-position-based recommendation from Day 13.
22843,BISCUIT TIN VINTAGE GREEN,0.2695,2011-11-26,2011-12-09,reorder_now,7,3.6977,8.1977,14,Inventory-position-based recommendation from Day 13.
22844,VINTAGE CREAM DOG FOOD CONTAINER,2.0236,2011-11-26,2011-12-09,reorder_now,48,16.5452,39.0452,7,Inventory-position-based recommendation from Day 13.
22845,VINTAGE CREAM CAT FOOD CONTAINER,1.5603,2011-11-26,2011-12-09,reorder_now,29,13.3358,27.4430,5,Inventory-position-based recommendation from Day 13.
22846,BREAD BIN DINER STYLE RED,1.2970,2011-11-26,2011-12-09,reorder_now,42,15.4926,33.4926,7,Inventory-position-based recommendation from Day 13.
22847,BREAD BIN DINER STYLE IVORY,2.3399,2011-11-26,2011-12-09,no_order_required,0,14.8688,54.8688,14,Inventory-position-based recommendation from Day 13.
22848,AMAZON,0.1196,2011-11-26,2011-12-09,no_order_required,0,0.5287,0.6358,3,Inventory-position-based recommendation from Day 13.
22849,BREAD BIN DINER STYLE MINT,0.0875,2011-11-26,2011-12-09,no_order_required,0,0.0000,0.0000,7,Inventory-position-based recommendation from Day 13.
22851,SET 20 NAPKINS FAIRY CAKES DESIGN,3.5397,2011-11-26,2011-12-09,reorder_now,73,34.2159,55.5374,3,Inventory-position-based recommendation from Day 13.
22852,DOG BOWL VINTAGE CREAM,0.6385,2011-11-26,2011-12-09,reorder_now,33,15.0777,26.8277,7,Inventory-position-based recommendation from Day 13.
22853,CAT BOWL VINTAGE CREAM,0.6905,2011-11-26,2011-12-09,reorder_now,31,16.5213,26.6999,5,Inventory-position-based recommendation from Day 13.
22854,CREAM SWEETHEART EGG HOLDER,0.0875,2011-11-26,2011-12-09,no_order_required,0,0.0000,0.0000,5,Inventory-position-based recommendation from Day 13.
22855,FINE WICKER HEART,0.0875,2011-11-26,2011-12-09,no_order_required,0,0.0000,0.0000,3,Inventory-position-based recommendation from Day 13.
22857,ASSORTED EASTER GIFT TAGS,0.0875,2011-11-26,2011-12-09,no_order_required,0,0.0000,0.0000,5,Inventory-position-based recommendation from Day 13.
22858,EASTER TIN KEEPSAKE,0.0875,2011-11-26,2011-12-09,no_order_required,0,0.0000,0.0000,3,Inventory-position-based recommendation from Day 13.
22859,EASTER TIN BUNNY BOUQUET,0.1363,2011-11-26,2011-12-09,reorder_now,15,9.6913,12.6913,7,Inventory-position-based recommendation from Day 13.
22860,EASTER TIN CHICKS PINK DAISY,0.1255,2011-11-26,2011-12-09,reorder_now,5,3.1722,3.8151,3,Inventory-position-based recommendation from Day 13.
22861,EASTER TIN CHICKS IN GARDEN,0.0875,2011-11-26,2011-12-09,no_order_required,0,0.0000,0.0000,14,Inventory-position-based recommendation from Day 13.
22862,LOVE HEART NAPKIN BOX,0.0875,2011-11-26,2011-12-09,no_order_required,0,0.0000,0.0000,7,Inventory-position-based recommendation from Day 13.
22863,SOAP DISH BROCANTE,0.4172,2011-11-26,2011-12-09,reorder_now,29,17.2065,26.2065,7,Inventory-position-based recommendation from Day 13.
22865,HAND WARMER OWL DESIGN,16.9672,2011-11-26,2011-12-09,reorder_now,960,255.3724,643.9438,5,Inventory-position-based recommendation from Day 13.
22866,HAND WARMER SCOTTY DOG DESIGN,15.8297,2011-11-26,2011-12-09,reorder_now,1006,327.1722,908.2436,10,Inventory-position-based recommendation from Day 13.
22867,HAND WARMER BIRD DESIGN,15.7455,2011-11-26,2011-12-09,reorder_now,773,257.0868,642.5868,7,Inventory-position-based recommendation from Day 13.
22869,NUMBER TILE COTTAGE GARDEN 1,0.1351,2011-11-26,2011-12-09,no_order_required,0,1.3396,2.0539,10,Inventory-position-based recommendation from Day 13.
22870,NUMBER TILE COTTAGE GARDEN 2,0.1208,2011-11-26,2011-12-09,no_order_required,0,1.1421,1.6421,14,Inventory-position-based recommendation from Day 13.
22872,NUMBER TILE COTTAGE GARDEN 4,0.1361,2011-11-26,2011-12-09,reorder_now,1,1.3460,2.0960,7,Inventory-position-based recommendation from Day 13.
22873,NUMBER TILE COTTAGE GARDEN 5,0.1189,2011-11-26,2011-12-09,no_order_required,0,0.5287,0.6358,3,Inventory-position-based recommendation from Day 13.
22878,NUMBER TILE COTTAGE GARDEN No,0.1017,2011-11-26,2011-12-09,reorder_now,1,0.9653,1.3224,10,Inventory-position-based recommendation from Day 13.
22880,NUMBER TILE VINTAGE FONT 1,0.1006,2011-11-26,2011-12-09,reorder_now,2,1.0574,1.2717,3,Inventory-position-based recommendation from Day 13.
22881,NUMBER TILE VINTAGE FONT 2,0.1006,2011-11-26,2011-12-09,reorder_now,3,1.7789,2.5289,7,Inventory-position-based recommendation from Day 13.
22882,NUMBER TILE VINTAGE FONT 3,0.1444,2011-11-26,2011-12-09,reorder_now,3,1.6195,2.3338,5,Inventory-position-based recommendation from Day 13.
22884,NUMBER TILE VINTAGE FONT 5,0.2164,2011-11-26,2011-12-09,reorder_now,2,1.5330,2.0687,3,Inventory-position-based recommendation from Day 13.
22890,NOVELTY BISCUITS CAKE STAND 3 TIER,0.7503,2011-11-26,2011-12-09,reorder_now,28,11.4466,20.4466,7,Inventory-position-based recommendation from Day 13.
22891,TEA FOR ONE POLKADOT,1.0668,2011-11-26,2011-12-09,reorder_now,35,13.4691,38.9691,14,Inventory-position-based recommendation from Day 13.
22892,SET OF SALT AND PEPPER TOADSTOOLS,0.3093,2011-11-26,2011-12-09,reorder_now,2,4.0953,5.1667,5,Inventory-position-based recommendation from Day 13.
22893,MINI CAKE STAND T-LIGHT HOLDER,0.7402,2011-11-26,2011-12-09,reorder_now,45,18.5541,32.8041,7,Inventory-position-based recommendation from Day 13.
22894,TABLECLOTH RED APPLES DESIGN,0.1930,2011-11-26,2011-12-09,reorder_now,8,6.6014,9.1014,7,Inventory-position-based recommendation from Day 13.
22895,SET OF 2 TEA TOWELS APPLE AND PEARS,3.3406,2011-11-26,2011-12-09,no_order_required,0,24.1669,67.7383,10,Inventory-position-based recommendation from Day 13.
22896,PEG BAG APPLES DESIGN,0.9562,2011-11-26,2011-12-09,reorder_now,31,11.4382,24.4382,7,Inventory-position-based recommendation from Day 13.
22897,OVEN MITT APPLES DESIGN,2.3471,2011-11-26,2011-12-09,reorder_now,60,24.4505,51.9505,7,Inventory-position-based recommendation from Day 13.
22898,CHILDRENS APRON APPLES DESIGN,7.8800,2011-11-26,2011-12-09,reorder_now,130,60.9747,178.1176,10,Inventory-position-based recommendation from Day 13.
22899,CHILDREN'S APRON DOLLY GIRL,5.1391,2011-11-26,2011-12-09,reorder_now,164,99.7298,182.9798,7,Inventory-position-based recommendation from Day 13.
22900,SET 2 TEA TOWELS I LOVE LONDON,6.5422,2011-11-26,2011-12-09,reorder_now,155,75.3858,186.8144,10,Inventory-position-based recommendation from Day 13.
22902,TOTE BAG I LOVE LONDON,0.8439,2011-11-26,2011-12-09,reorder_now,126,72.4147,112.7718,10,Inventory-position-based recommendation from Day 13.
22903,CALENDAR FAMILY FAVOURITES,0.9445,2011-11-26,2011-12-09,reorder_now,42,14.6594,36.6594,14,Inventory-position-based recommendation from Day 13.
22904,CALENDAR PAPER CUT DESIGN,0.4667,2011-11-26,2011-12-09,reorder_now,6,5.1912,6.7983,3,Inventory-position-based recommendation from Day 13.
22905,CALENDAR IN SEASON DESIGN,2.6191,2011-11-26,2011-12-09,reorder_now,126,50.6247,90.0890,5,Inventory-position-based recommendation from Day 13.
22906,12 MESSAGE CARDS WITH ENVELOPES,2.6868,2011-11-26,2011-12-09,reorder_now,165,66.1515,124.1515,7,Inventory-position-based recommendation from Day 13.
22907,PACK OF 20 NAPKINS PANTRY DESIGN,4.9569,2011-11-26,2011-12-09,reorder_now,327,124.1579,302.6579,14,Inventory-position-based recommendation from Day 13.
22908,PACK OF 20 NAPKINS RED APPLES,2.2905,2011-11-26,2011-12-09,reorder_now,132,66.5892,106.9464,5,Inventory-position-based recommendation from Day 13.
22909,SET OF 20 VINTAGE CHRISTMAS NAPKINS,16.5274,2011-11-26,2011-12-09,reorder_now,867,250.8841,482.9556,3,Inventory-position-based recommendation from Day 13.
22910,PAPER CHAIN KIT VINTAGE CHRISTMAS,18.4867,2011-11-26,2011-12-09,reorder_now,2335,510.1551,1763.7265,10,Inventory-position-based recommendation from Day 13.
22911,PAPER CHAIN KIT LONDON,0.8112,2011-11-26,2011-12-09,reorder_now,77,42.5806,54.9020,3,Inventory-position-based recommendation from Day 13.
22912,YELLOW COAT RACK PARIS FASHION,0.3145,2011-11-26,2011-12-09,reorder_now,6,3.1787,4.4645,3,Inventory-position-based recommendation from Day 13.
22913,RED COAT RACK PARIS FASHION,0.3089,2011-11-26,2011-12-09,reorder_now,5,3.3587,6.1087,7,Inventory-position-based recommendation from Day 13.
22914,BLUE COAT RACK PARIS FASHION,0.4042,2011-11-26,2011-12-09,no_order_required,0,4.2479,8.4979,7,Inventory-position-based recommendation from Day 13.
22915,ASSORTED BOTTLE TOP MAGNETS,3.8034,2011-11-26,2011-12-09,reorder_now,452,191.7416,362.7416,7,Inventory-position-based recommendation from Day 13.
22916,HERB MARKER THYME,1.1382,2011-11-26,2011-12-09,reorder_now,63,34.2215,61.2215,7,Inventory-position-based recommendation from Day 13.
22917,HERB MARKER ROSEMARY,1.2769,2011-11-26,2011-12-09,reorder_now,70,33.0275,62.5275,7,Inventory-position-based recommendation from Day 13.
22918,HERB MARKER PARSLEY,1.1984,2011-11-26,2011-12-09,reorder_now,75,34.5657,65.0657,7,Inventory-position-based recommendation from Day 13.
22919,HERB MARKER MINT,0.9709,2011-11-26,2011-12-09,reorder_now,44,21.1606,31.3392,3,Inventory-position-based recommendation from Day 13.
22920,HERB MARKER BASIL,1.3028,2011-11-26,2011-12-09,reorder_now,64,28.5011,56.7511,7,Inventory-position-based recommendation from Day 13.
22921,HERB MARKER CHIVES,0.8986,2011-11-26,2011-12-09,reorder_now,60,26.8458,43.2744,5,Inventory-position-based recommendation from Day 13.
22922,FRIDGE MAGNETS US DINER ASSORTED,0.9783,2011-11-26,2011-12-09,reorder_now,191,96.7392,145.7392,7,Inventory-position-based recommendation from Day 13.
22923,FRIDGE MAGNETS LES ENFANTS ASSORTED,0.9486,2011-11-26,2011-12-09,reorder_now,132,67.1662,89.3448,3,Inventory-position-based recommendation from Day 13.
22924,FRIDGE MAGNETS LA VIE EN ROSE,1.5270,2011-11-26,2011-12-09,reorder_now,226,115.3763,198.9477,10,Inventory-position-based recommendation from Day 13.
22925,AMAZON,0.1110,2011-11-26,2011-12-09,reorder_now,1,1.1421,1.6421,14,Inventory-position-based recommendation from Day 13.
22926,IVORY GIANT GARDEN THERMOMETER,0.0875,2011-11-26,2011-12-09,no_order_required,0,0.0000,0.0000,14,Inventory-position-based recommendation from Day 13.
22927,GREEN GIANT GARDEN THERMOMETER,0.1127,2011-11-26,2011-12-09,reorder_now,2,1.9306,2.6448,10,Inventory-position-based recommendation from Day 13.
22928,YELLOW GIANT GARDEN THERMOMETER,1.0405,2011-11-26,2011-12-09,no_order_required,0,14.0261,40.0261,14,Inventory-position-based recommendation from Day 13.
22930,BAKING MOULD HEART MILK CHOCOLATE,0.7289,2011-11-26,2011-12-09,reorder_now,74,39.7740,57.7740,7,Inventory-position-based recommendation from Day 13.
22931,BAKING MOULD HEART WHITE CHOCOLATE,0.3419,2011-11-26,2011-12-09,reorder_now,10,5.5980,8.0623,3,Inventory-position-based recommendation from Day 13.
22932,BAKING MOULD TOFFEE CUP CHOCOLATE,0.2027,2011-11-26,2011-12-09,reorder_now,15,7.2950,11.5450,7,Inventory-position-based recommendation from Day 13.
22933,BAKING MOULD EASTER EGG MILK CHOC,0.1338,2011-11-26,2011-12-09,reorder_now,4,2.5158,4.0158,14,Inventory-position-based recommendation from Day 13.
22934,BAKING MOULD EASTER EGG WHITE CHOC,0.0921,2011-11-26,2011-12-09,no_order_required,0,0.0000,0.0000,5,Inventory-position-based recommendation from Day 13.
22935,BAKING MOULD ROSE MILK CHOCOLATE,0.2666,2011-11-26,2011-12-09,reorder_now,7,6.2832,10.5689,10,Inventory-position-based recommendation from Day 13.
22936,BAKING MOULD ROSE WHITE CHOCOLATE,0.2604,2011-11-26,2011-12-09,reorder_now,4,3.5544,6.3044,7,Inventory-position-based recommendation from Day 13.
22937,BAKING MOULD CHOCOLATE CUPCAKES,0.2425,2011-11-26,2011-12-09,reorder_now,19,13.8807,22.8807,14,Inventory-position-based recommendation from Day 13.
22938,CUPCAKE LACE PAPER SET 6,1.9960,2011-11-26,2011-12-09,reorder_now,374,196.1266,341.6266,14,Inventory-position-based recommendation from Day 13.
22939,ADULT APRON APPLE DELIGHT,0.7366,2011-11-26,2011-12-09,reorder_now,52,26.7691,35.7691,3,Inventory-position-based recommendation from Day 13.
22940,FELTCRAFT CHRISTMAS FAIRY,8.0344,2011-11-26,2011-12-09,reorder_now,90,33.1498,98.8998,7,Inventory-position-based recommendation from Day 13.
22941,CHRISTMAS LIGHTS 10 REINDEER,9.0815,2011-11-26,2011-12-09,reorder_now,190,78.5536,241.7679,10,Inventory-position-based recommendation from Day 13.
22942,CHRISTMAS LIGHTS 10 SANTAS,3.0943,2011-11-26,2011-12-09,reorder_now,75,39.4988,75.7488,5,Inventory-position-based recommendation from Day 13.
22943,CHRISTMAS LIGHTS 10 VINTAGE BAUBLES,1.7604,2011-11-26,2011-12-09,reorder_now,18,13.6738,21.1738,3,Inventory-position-based recommendation from Day 13.
22944,CHRISTMAS METAL POSTCARD WITH BELLS,10.8209,2011-11-26,2011-12-09,reorder_now,567,250.9715,563.8287,10,Inventory-position-based recommendation from Day 13.
22945,CHRISTMAS METAL TAGS ASSORTED,7.2120,2011-11-26,2011-12-09,reorder_now,335,130.7359,351.7359,14,Inventory-position-based recommendation from Day 13.
22946,WOODEN ADVENT CALENDAR CREAM,1.0218,2011-11-26,2011-12-09,reorder_now,19,11.6746,20.0674,5,Inventory-position-based recommendation from Day 13.
22947,UNKNOWN,6.2718,2011-11-26,2011-12-09,reorder_now,147,78.6071,168.6071,7,Inventory-position-based recommendation from Day 13.
22948,METAL DECORATION NAUGHTY CHILDREN,4.2612,2011-11-26,2011-12-09,reorder_now,146,44.8947,100.3947,7,Inventory-position-based recommendation from Day 13.
22949,SET OF 36 DOLLY GIRL PAPER DOILIES,0.5972,2011-11-26,2011-12-09,reorder_now,45,19.9755,40.4755,14,Inventory-position-based recommendation from Day 13.
22950,36 DOILIES VINTAGE CHRISTMAS,0.1041,2011-11-26,2011-12-09,no_order_required,0,0.0000,0.0000,10,Inventory-position-based recommendation from Day 13.
22951,60 CAKE CASES DOLLY GIRL DESIGN,6.6788,2011-11-26,2011-12-09,reorder_now,171,106.7226,182.7940,5,Inventory-position-based recommendation from Day 13.
22952,60 CAKE CASES VINTAGE CHRISTMAS,18.5709,2011-11-26,2011-12-09,reorder_now,1448,333.1045,721.2830,3,Inventory-position-based recommendation from Day 13.
22953,BIRTHDAY PARTY CORDON BARRIER TAPE,0.4409,2011-11-26,2011-12-09,reorder_now,17,14.3715,26.8715,14,Inventory-position-based recommendation from Day 13.
22954,HEN PARTY CORDON BARRIER TAPE,0.1462,2011-11-26,2011-12-09,reorder_now,6,4.9395,7.4395,10,Inventory-position-based recommendation from Day 13.
22955,36 FOIL STAR CAKE CASES,1.3160,2011-11-26,2011-12-09,reorder_now,94,47.3521,85.8521,7,Inventory-position-based recommendation from Day 13.
22956,36 FOIL HEART CAKE CASES,0.8893,2011-11-26,2011-12-09,reorder_now,181,81.9119,166.9119,14,Inventory-position-based recommendation from Day 13.
22957,SET 3 PAPER VINTAGE CHICK PAPER EGG,0.0875,2011-11-26,2011-12-09,no_order_required,0,0.0000,0.0000,7,Inventory-position-based recommendation from Day 13.
22959,WRAP CHRISTMAS VILLAGE,13.4381,2011-11-26,2011-12-09,reorder_now,1305,599.3589,1312.3589,14,Inventory-position-based recommendation from Day 13.
22960,JAM MAKING SET WITH JARS,11.5550,2011-11-26,2011-12-09,reorder_now,632,189.5116,427.0116,7,Inventory-position-based recommendation from Day 13.
22961,JAM MAKING SET PRINTED,14.8293,2011-11-26,2011-12-09,reorder_now,992,371.9610,597.9252,3,Inventory-position-based recommendation from Day 13.
22962,JAM JAR WITH PINK LID,2.8166,2011-11-26,2011-12-09,reorder_now,81,51.7144,122.2144,14,Inventory-position-based recommendation from Day 13.
22963,JAM JAR WITH GREEN LID,1.6626,2011-11-26,2011-12-09,reorder_now,45,20.8193,32.0693,3,Inventory-position-based recommendation from Day 13.
22964,3 PIECE SPACEBOY COOKIE CUTTER SET,3.9236,2011-11-26,2011-12-09,reorder_now,115,70.1020,149.3877,10,Inventory-position-based recommendation from Day 13.
22965,3 TRADITIONAl BISCUIT CUTTERS SET,1.9242,2011-11-26,2011-12-09,reorder_now,124,59.1025,90.7096,5,Inventory-position-based recommendation from Day 13.
22966,GINGERBREAD MAN COOKIE CUTTER,12.0970,2011-11-26,2011-12-09,reorder_now,453,215.1487,664.1487,14,Inventory-position-based recommendation from Day 13.
22967,SET 3 SONG BIRD PAPER EGGS ASSORTED,0.1143,2011-11-26,2011-12-09,reorder_now,9,5.7917,7.9345,10,Inventory-position-based recommendation from Day 13.
22968,ROSE COTTAGE KEEPSAKE BOX,0.3825,2011-11-26,2011-12-09,reorder_now,29,19.2895,27.5395,7,Inventory-position-based recommendation from Day 13.
22969,HOMEMADE JAM SCENTED CANDLES,9.2062,2011-11-26,2011-12-09,reorder_now,313,107.9314,259.1814,7,Inventory-position-based recommendation from Day 13.
22970,LONDON BUS COFFEE MUG,5.4904,2011-11-26,2011-12-09,reorder_now,153,45.3719,98.0505,5,Inventory-position-based recommendation from Day 13.
22971,QUEENS GUARD COFFEE MUG,3.7368,2011-11-26,2011-12-09,reorder_now,107,39.8404,88.0904,7,Inventory-position-based recommendation from Day 13.
22972,CHILDREN'S SPACEBOY MUG,2.0195,2011-11-26,2011-12-09,reorder_now,82,39.7272,101.2272,14,Inventory-position-based recommendation from Day 13.
22973,CHILDREN'S CIRCUS PARADE MUG,0.7641,2011-11-26,2011-12-09,reorder_now,88,48.0254,78.3826,10,Inventory-position-based recommendation from Day 13.
22974,CHILDRENS DOLLY GIRL MUG,2.0506,2011-11-26,2011-12-09,reorder_now,45,28.7333,62.3048,10,Inventory-position-based recommendation from Day 13.
22975,SPACEBOY CHILDRENS EGG CUP,1.4429,2011-11-26,2011-12-09,reorder_now,50,21.2815,49.1386,10,Inventory-position-based recommendation from Day 13.
22976,CIRCUS PARADE CHILDRENS EGG CUP,0.9311,2011-11-26,2011-12-09,reorder_now,45,20.6828,34.9685,5,Inventory-position-based recommendation from Day 13.
22977,DOLLY GIRL CHILDRENS EGG CUP,0.6331,2011-11-26,2011-12-09,reorder_now,19,7.9514,11.9157,3,Inventory-position-based recommendation from Day 13.
22978,PANTRY ROLLING PIN,1.4046,2011-11-26,2011-12-09,reorder_now,28,10.3804,18.5232,3,Inventory-position-based recommendation from Day 13.
22979,PANTRY WASHING UP BRUSH,4.9383,2011-11-26,2011-12-09,reorder_now,124,61.2960,98.0460,3,Inventory-position-based recommendation from Day 13.
22980,PANTRY SCRUBBING BRUSH,1.4447,2011-11-26,2011-12-09,reorder_now,53,30.0691,62.9262,10,Inventory-position-based recommendation from Day 13.
22981,PANTRY APPLE CORER,0.9056,2011-11-26,2011-12-09,reorder_now,18,12.4360,20.8289,5,Inventory-position-based recommendation from Day 13.
22982,PANTRY PASTRY BRUSH,1.8117,2011-11-26,2011-12-09,reorder_now,44,22.7563,43.1134,5,Inventory-position-based recommendation from Day 13.
22983,CARD BILLBOARD FONT,7.1408,2011-11-26,2011-12-09,reorder_now,213,62.7825,195.2825,10,Inventory-position-based recommendation from Day 13.
22984,CARD GINGHAM ROSE,1.2436,2011-11-26,2011-12-09,reorder_now,59,22.8360,36.2289,3,Inventory-position-based recommendation from Day 13.
22985,WRAP BILLBOARD FONTS DESIGN,0.8693,2011-11-26,2011-12-09,reorder_now,135,63.6778,117.2492,10,Inventory-position-based recommendation from Day 13.
22986,WRAP GINGHAM ROSE,1.0198,2011-11-26,2011-12-09,reorder_now,122,58.2840,89.5340,5,Inventory-position-based recommendation from Day 13.
22988,SOLDIERS EGG CUP,9.6219,2011-11-26,2011-12-09,reorder_now,792,299.9341,567.9341,7,Inventory-position-based recommendation from Day 13.
22989,SET 2 PANTRY DESIGN TEA TOWELS,2.4144,2011-11-26,2011-12-09,reorder_now,60,19.0710,49.0710,7,Inventory-position-based recommendation from Day 13.
22990,COTTON APRON PANTRY DESIGN,0.7588,2011-11-26,2011-12-09,reorder_now,122,63.9628,96.2128,7,Inventory-position-based recommendation from Day 13.
22991,GIRAFFE WOODEN RULER,7.8886,2011-11-26,2011-12-09,reorder_now,103,31.7305,65.4805,3,Inventory-position-based recommendation from Day 13.
22992,REVOLVER WOODEN RULER,11.0027,2011-11-26,2011-12-09,reorder_now,462,226.8982,594.3982,14,Inventory-position-based recommendation from Day 13.
22993,SET OF 4 PANTRY JELLY MOULDS,14.8058,2011-11-26,2011-12-09,reorder_now,900,260.7860,685.5360,7,Inventory-position-based recommendation from Day 13.
22994,TRAVEL CARD WALLET RETROSPOT,3.5154,2011-11-26,2011-12-09,reorder_now,154,67.7754,143.0254,7,Inventory-position-based recommendation from Day 13.
22995,TRAVEL CARD WALLET SUKI,3.2207,2011-11-26,2011-12-09,reorder_now,45,26.3960,62.6460,7,Inventory-position-based recommendation from Day 13.
22996,TRAVEL CARD WALLET VINTAGE TICKET,7.8541,2011-11-26,2011-12-09,reorder_now,151,59.2273,136.1916,5,Inventory-position-based recommendation from Day 13.
22997,TRAVEL CARD WALLET UNION JACK,5.1155,2011-11-26,2011-12-09,reorder_now,148,75.1385,148.6385,7,Inventory-position-based recommendation from Day 13.
22998,TRAVEL CARD WALLET KEEP CALM,11.6130,2011-11-26,2011-12-09,reorder_now,610,284.7087,425.7087,3,Inventory-position-based recommendation from Day 13.
22999,TRAVEL CARD WALLET VINTAGE LEAF,2.7415,2011-11-26,2011-12-09,reorder_now,157,78.8562,187.8562,14,Inventory-position-based recommendation from Day 13.
23000,TRAVEL CARD WALLET TRANSPORT,3.6987,2011-11-26,2011-12-09,reorder_now,95,39.0666,81.7452,5,Inventory-position-based recommendation from Day 13.
23002,TRAVEL CARD WALLET SKULLS,2.7556,2011-11-26,2011-12-09,reorder_now,103,34.6162,59.4733,3,Inventory-position-based recommendation from Day 13.
23003,TRAVEL CARD WALLET VINTAGE ROSE,0.0875,2011-11-26,2011-12-09,no_order_required,0,0.0000,0.0000,10,Inventory-position-based recommendation from Day 13.
23004,TRAVEL CARD WALLET PANTRY,3.6405,2011-11-26,2011-12-09,reorder_now,120,60.1264,126.1264,7,Inventory-position-based recommendation from Day 13.
23005,TRAVEL CARD WALLET I LOVE LONDON,9.4347,2011-11-26,2011-12-09,reorder_now,238,82.2781,142.7067,3,Inventory-position-based recommendation from Day 13.
23006,TRAVEL CARD WALLET FLOWER MEADOW,1.4285,2011-11-26,2011-12-09,reorder_now,59,28.1429,48.8929,7,Inventory-position-based recommendation from Day 13.
23007,SPACEBOY BABY GIFT SET,1.0455,2011-11-26,2011-12-09,reorder_now,51,22.7153,52.7153,14,Inventory-position-based recommendation from Day 13.
23008,DOLLY GIRL BABY GIFT SET,0.4721,2011-11-26,2011-12-09,reorder_now,15,9.7053,14.5268,5,Inventory-position-based recommendation from Day 13.
23009,I LOVE LONDON BABY GIFT SET,0.8628,2011-11-26,2011-12-09,reorder_now,19,9.5725,14.6082,3,Inventory-position-based recommendation from Day 13.
23010,CIRCUS PARADE BABY GIFT SET,0.6823,2011-11-26,2011-12-09,reorder_now,20,12.2176,19.8962,5,Inventory-position-based recommendation from Day 13.
23012,GLASS APOTHECARY BOTTLE PERFUME,3.7786,2011-11-26,2011-12-09,reorder_now,99,41.0708,90.5708,7,Inventory-position-based recommendation from Day 13.
23013,GLASS APOTHECARY BOTTLE TONIC,4.5355,2011-11-26,2011-12-09,reorder_now,77,31.2410,79.9910,7,Inventory-position-based recommendation from Day 13.
23014,GLASS APOTHECARY BOTTLE ELIXIR,1.9174,2011-11-26,2011-12-09,no_order_required,0,18.1649,35.4863,5,Inventory-position-based recommendation from Day 13.
23020,GLASS SONGBIRD STORAGE JAR,0.4032,2011-11-26,2011-12-09,reorder_now,9,6.8669,11.8669,7,Inventory-position-based recommendation from Day 13.
23025,DRAWER KNOB VINTAGE GLASS BALL,0.6540,2011-11-26,2011-12-09,reorder_now,17,10.7961,17.0461,5,Inventory-position-based recommendation from Day 13.
23026,DRAWER KNOB VINTAGE GLASS STAR,0.6136,2011-11-26,2011-12-09,reorder_now,13,7.9390,11.3676,3,Inventory-position-based recommendation from Day 13.
23028,DRAWER KNOB CRACKLE GLAZE BLUE,0.0889,2011-11-26,2011-12-09,no_order_required,0,0.0000,0.0000,10,Inventory-position-based recommendation from Day 13.
23029,DRAWER KNOB CRACKLE GLAZE GREEN,2.0221,2011-11-26,2011-12-09,reorder_now,52,18.0607,32.3107,3,Inventory-position-based recommendation from Day 13.
23031,DRAWER KNOB CRACKLE GLAZE PINK,2.1439,2011-11-26,2011-12-09,reorder_now,54,28.7379,60.2379,7,Inventory-position-based recommendation from Day 13.
23032,DRAWER KNOB CRACKLE GLAZE IVORY,0.5706,2011-11-26,2011-12-09,no_order_required,0,4.8257,7.3257,7,Inventory-position-based recommendation from Day 13.
23033,DRAWER KNOB CERAMIC RED,1.2410,2011-11-26,2011-12-09,reorder_now,49,28.2336,53.5907,10,Inventory-position-based recommendation from Day 13.
23034,DRAWER KNOB CERAMIC BLACK,1.1257,2011-11-26,2011-12-09,reorder_now,46,24.4550,39.8122,5,Inventory-position-based recommendation from Day 13.
23035,DRAWER KNOB CERAMIC IVORY,8.1567,2011-11-26,2011-12-09,reorder_now,301,79.1961,284.1961,14,Inventory-position-based recommendation from Day 13.
23041,PAPER LANTERN 9 POINT SNOW STAR,0.7864,2011-11-26,2011-12-09,reorder_now,17,9.0855,16.9427,5,Inventory-position-based recommendation from Day 13.
23048,SET OF 10 LANTERNS FAIRY LIGHT STAR,0.7741,2011-11-26,2011-12-09,no_order_required,0,4.2038,7.3110,3,Inventory-position-based recommendation from Day 13.
23049,RECYCLED ACAPULCO MAT RED,0.3865,2011-11-26,2011-12-09,reorder_now,20,14.7448,25.7448,14,Inventory-position-based recommendation from Day 13.
23050,RECYCLED ACAPULCO MAT GREEN,0.3124,2011-11-26,2011-12-09,reorder_now,5,3.9929,6.4929,5,Inventory-position-based recommendation from Day 13.
23051,RECYCLED ACAPULCO MAT BLUE,0.2276,2011-11-26,2011-12-09,reorder_now,12,6.4421,11.9421,14,Inventory-position-based recommendation from Day 13.
23052,RECYCLED ACAPULCO MAT TURQUOISE,0.4035,2011-11-26,2011-12-09,reorder_now,7,7.3659,16.8659,14,Inventory-position-based recommendation from Day 13.
23053,RECYCLED ACAPULCO MAT PINK,0.1813,2011-11-26,2011-12-09,no_order_required,0,3.4203,6.6346,10,Inventory-position-based recommendation from Day 13.
23054,RECYCLED ACAPULCO MAT LAVENDER,0.1547,2011-11-26,2011-12-09,reorder_now,3,1.8011,2.8725,5,Inventory-position-based recommendation from Day 13.
23055,IVORY CHANDELIER T-LIGHT HOLDER,0.3325,2011-11-26,2011-12-09,reorder_now,368,194.2559,314.2559,14,Inventory-position-based recommendation from Day 13.
23056,FLOWERS CHANDELIER T-LIGHT HOLDER,0.3696,2011-11-26,2011-12-09,reorder_now,300,164.1286,250.2001,10,Inventory-position-based recommendation from Day 13.
23057,BEADED CHANDELIER T-LIGHT HOLDER,0.3407,2011-11-26,2011-12-09,reorder_now,252,137.3199,197.5699,7,Inventory-position-based recommendation from Day 13.
23060,HEART BEADED TRELLIS DECORATION,0.4323,2011-11-26,2011-12-09,reorder_now,40,18.1900,34.6186,10,Inventory-position-based recommendation from Day 13.
23061,VINTAGE EMBOSSED HEART,1.2908,2011-11-26,2011-12-09,reorder_now,47,32.1784,76.1784,14,Inventory-position-based recommendation from Day 13.
23065,LARGE DECO JEWELLERY STAND,0.0875,2011-11-26,2011-12-09,no_order_required,0,0.0000,0.0000,3,Inventory-position-based recommendation from Day 13.
23066,SMALL DECO JEWELLERY STAND,0.0875,2011-11-26,2011-12-09,no_order_required,0,0.0000,0.0000,5,Inventory-position-based recommendation from Day 13.
23067,HANGING ENGRAVED METAL HEART,0.5450,2011-11-26,2011-12-09,reorder_now,14,11.8316,19.0816,7,Inventory-position-based recommendation from Day 13.
23068,ALUMINIUM STAMPED HEART,1.1824,2011-11-26,2011-12-09,reorder_now,43,21.7827,37.6756,5,Inventory-position-based recommendation from Day 13.
23070,EDWARDIAN HEART PHOTO FRAME,0.3259,2011-11-26,2011-12-09,reorder_now,10,4.4487,7.1273,5,Inventory-position-based recommendation from Day 13.
23073,GEORGIAN TRINKET BOX,0.4089,2011-11-26,2011-12-09,reorder_now,10,6.7185,8.8614,3,Inventory-position-based recommendation from Day 13.
23075,PARLOUR CERAMIC WALL HOOK,0.8144,2011-11-26,2011-12-09,reorder_now,78,33.2825,69.2825,14,Inventory-position-based recommendation from Day 13.
23076,ICE CREAM SUNDAE LIP GLOSS,7.9291,2011-11-26,2011-12-09,reorder_now,378,158.2034,391.4177,10,Inventory-position-based recommendation from Day 13.
23077,DOUGHNUT LIP GLOSS,14.8409,2011-11-26,2011-12-09,reorder_now,964,324.4247,544.4961,3,Inventory-position-based recommendation from Day 13.
23078,ICE CREAM PEN LIP GLOSS,7.7101,2011-11-26,2011-12-09,reorder_now,633,330.0383,628.2526,10,Inventory-position-based recommendation from Day 13.
23079,TOADSTOOL BEDSIDE LIGHT,1.2305,2011-11-26,2011-12-09,reorder_now,19,14.2499,39.7499,14,Inventory-position-based recommendation from Day 13.
23080,RED METAL BOX TOP SECRET,4.1835,2011-11-26,2011-12-09,reorder_now,204,93.3488,135.9916,3,Inventory-position-based recommendation from Day 13.
23081,GREEN METAL BOX ARMY SUPPLIES,2.2088,2011-11-26,2011-12-09,reorder_now,104,34.6927,94.6927,14,Inventory-position-based recommendation from Day 13.
23082,SET 6 PAPER TABLE LANTERN HEARTS,9.6051,2011-11-26,2011-12-09,reorder_now,196,50.4119,104.3048,3,Inventory-position-based recommendation from Day 13.
23083,SET 6 PAPER TABLE LANTERN STARS,10.2309,2011-11-26,2011-12-09,reorder_now,211,79.8007,174.6222,5,Inventory-position-based recommendation from Day 13.
23084,RABBIT NIGHT LIGHT,21.3073,2011-11-26,2011-12-09,reorder_now,6500,1655.8463,3194.0963,3,Inventory-position-based recommendation from Day 13.
23085,ANTIQUE SILVER BAUBLE LAMP,2.2419,2011-11-26,2011-12-09,reorder_now,56,17.4201,36.5272,5,Inventory-position-based recommendation from Day 13.
23086,ZINC STAR T-LIGHT HOLDER,1.0960,2011-11-26,2011-12-09,reorder_now,291,167.3257,280.8257,14,Inventory-position-based recommendation from Day 13.
23087,ZINC HEART T-LIGHT HOLDER,0.8267,2011-11-26,2011-12-09,reorder_now,33,18.4649,29.8935,5,Inventory-position-based recommendation from Day 13.
23088,ZINC HEART FLOWER T-LIGHT HOLDER,0.5946,2011-11-26,2011-12-09,reorder_now,45,18.9701,31.8272,5,Inventory-position-based recommendation from Day 13.
23089,GLASS BON BON JAR,6.0142,2011-11-26,2011-12-09,reorder_now,254,91.8560,187.3560,7,Inventory-position-based recommendation from Day 13.
23090,VINTAGE GLASS T-LIGHT HOLDER,8.0849,2011-11-26,2011-12-09,reorder_now,326,113.0774,190.2203,3,Inventory-position-based recommendation from Day 13.
23091,ZINC HERB GARDEN CONTAINER,0.0943,2011-11-26,2011-12-09,no_order_required,0,0.0000,0.0000,3,Inventory-position-based recommendation from Day 13.
23092,LARGE ANTIQUE WHITE PHOTO FRAME,0.6790,2011-11-26,2011-12-09,reorder_now,36,13.8528,25.8528,7,Inventory-position-based recommendation from Day 13.
23093,SMALL PARISIENNE HEART PHOTO FRAME,0.9951,2011-11-26,2011-12-09,reorder_now,23,10.4574,17.2074,3,Inventory-position-based recommendation from Day 13.
23094,LE GRAND TRAY CHIC SET,0.1842,2011-11-26,2011-12-09,reorder_now,3,1.7177,2.6106,5,Inventory-position-based recommendation from Day 13.
23096,PETIT TRAY CHIC,3.4683,2011-11-26,2011-12-09,reorder_now,70,30.7634,72.1920,10,Inventory-position-based recommendation from Day 13.
23099,FRENCH CARRIAGE LANTERN,0.3231,2011-11-26,2011-12-09,reorder_now,6,4.1121,6.6121,5,Inventory-position-based recommendation from Day 13.
23100,SILVER BELLS TABLE DECORATION,10.3588,2011-11-26,2011-12-09,reorder_now,209,103.7645,298.4073,10,Inventory-position-based recommendation from Day 13.
23101,SILVER STARS TABLE DECORATION,6.5416,2011-11-26,2011-12-09,reorder_now,119,49.9490,87.7704,3,Inventory-position-based recommendation from Day 13.
23102,SILVER HEARTS TABLE DECORATION,1.9362,2011-11-26,2011-12-09,reorder_now,62,29.5341,67.3912,10,Inventory-position-based recommendation from Day 13.
23103,JINGLE BELL HEART DECORATION,13.1100,2011-11-26,2011-12-09,reorder_now,582,135.2090,448.0661,10,Inventory-position-based recommendation from Day 13.
23106,ZINC HEARTS PLANT POT HOLDER,0.4892,2011-11-26,2011-12-09,reorder_now,45,21.6536,39.1536,10,Inventory-position-based recommendation from Day 13.
23107,WHITE HEARTS WIRE PLANT POT HOLDER,0.5169,2011-11-26,2011-12-09,reorder_now,37,22.1205,46.1205,14,Inventory-position-based recommendation from Day 13.
23108,SET OF 10 LED DOLLY LIGHTS,5.6652,2011-11-26,2011-12-09,reorder_now,128,49.0510,82.0510,3,Inventory-position-based recommendation from Day 13.
23109,PACK OF SIX LED TEA LIGHTS,11.2397,2011-11-26,2011-12-09,reorder_now,210,73.5928,141.8428,3,Inventory-position-based recommendation from Day 13.
23110,PARISIENNE KEY CABINET,1.2356,2011-11-26,2011-12-09,reorder_now,41,19.4029,29.0457,3,Inventory-position-based recommendation from Day 13.
23111,PARISIENNE SEWING BOX,0.8021,2011-11-26,2011-12-09,reorder_now,63,25.0025,55.5025,14,Inventory-position-based recommendation from Day 13.
23112,PARISIENNE CURIO CABINET,1.4695,2011-11-26,2011-12-09,reorder_now,24,7.9651,15.6793,3,Inventory-position-based recommendation from Day 13.
23118,PARISIENNE JEWELLERY DRAWER,1.7636,2011-11-26,2011-12-09,reorder_now,52,19.9418,35.1560,3,Inventory-position-based recommendation from Day 13.
23119,PACK OF 6 LARGE FRUIT STRAWS,1.8824,2011-11-26,2011-12-09,reorder_now,128,47.9407,111.4407,14,Inventory-position-based recommendation from Day 13.
23120,PACK OF 6 SMALL FRUIT STRAWS,1.9930,2011-11-26,2011-12-09,reorder_now,105,45.2105,100.7105,14,Inventory-position-based recommendation from Day 13.
23121,PACK OF 6 COCKTAIL PARASOL STRAWS,2.3944,2011-11-26,2011-12-09,reorder_now,94,43.5100,75.2957,5,Inventory-position-based recommendation from Day 13.
23122,PARTY CHARMS 50 PIECES,1.9489,2011-11-26,2011-12-09,reorder_now,30,26.8627,50.8627,7,Inventory-position-based recommendation from Day 13.
23123,COCKTAIL SWORDS 50 PIECES,1.2030,2011-11-26,2011-12-09,reorder_now,42,22.7601,49.5458,10,Inventory-position-based recommendation from Day 13.
23124,18PC WOODEN CUTLERY SET DISPOSABLE,0.0891,2011-11-26,2011-12-09,no_order_required,0,0.0000,0.0000,5,Inventory-position-based recommendation from Day 13.
23126,FELTCRAFT GIRL AMELIE KIT,4.4577,2011-11-26,2011-12-09,reorder_now,131,54.5217,164.5217,14,Inventory-position-based recommendation from Day 13.
23127,FELTCRAFT GIRL NICOLE KIT,2.7193,2011-11-26,2011-12-09,reorder_now,54,39.0285,109.0285,14,Inventory-position-based recommendation from Day 13.
23128,FELTCRAFT BOY JEAN-PAUL KIT,1.0586,2011-11-26,2011-12-09,reorder_now,22,9.1794,15.5009,3,Inventory-position-based recommendation from Day 13.
23129,HEART SHAPED HOLLY WREATH,3.0772,2011-11-26,2011-12-09,reorder_now,31,26.6626,63.8055,10,Inventory-position-based recommendation from Day 13.
23130,MISTLETOE HEART WREATH GREEN,4.1083,2011-11-26,2011-12-09,reorder_now,50,70.3771,141.0914,10,Inventory-position-based recommendation from Day 13.
23131,MISTLETOE HEART WREATH CREAM,1.2469,2011-11-26,2011-12-09,reorder_now,72,32.1085,69.6085,14,Inventory-position-based recommendation from Day 13.
23132,SMALL IVORY HEART WALL ORGANISER,1.2756,2011-11-26,2011-12-09,reorder_now,51,26.7294,36.0508,3,Inventory-position-based recommendation from Day 13.
23133,LARGE IVORY HEART WALL ORGANISER,0.6876,2011-11-26,2011-12-09,no_order_required,0,12.2268,24.3697,10,Inventory-position-based recommendation from Day 13.
23134,UNKNOWN,0.0875,2011-11-26,2011-12-09,no_order_required,0,0.0000,0.0000,5,Inventory-position-based recommendation from Day 13.
23135,SMALL ZINC HEART WALL ORGANISER,0.1521,2011-11-26,2011-12-09,reorder_now,30,20.5348,30.5348,14,Inventory-position-based recommendation from Day 13.
23136,IVORY WIRE SWEETHEART LETTER TRAY,0.3781,2011-11-26,2011-12-09,reorder_now,14,9.4796,18.4796,14,Inventory-position-based recommendation from Day 13.
23138,SINGLE WIRE HOOK IVORY HEART,0.3019,2011-11-26,2011-12-09,reorder_now,29,16.2713,26.2713,14,Inventory-position-based recommendation from Day 13.
23140,TRIPLE WIRE HOOK IVORY HEART,0.0953,2011-11-26,2011-12-09,reorder_now,1,0.9653,1.3224,10,Inventory-position-based recommendation from Day 13.
23144,ZINC T-LIGHT HOLDER STARS SMALL,6.8148,2011-11-26,2011-12-09,reorder_now,148,56.0172,126.1958,5,Inventory-position-based recommendation from Day 13.
23145,ZINC T-LIGHT HOLDER STAR LARGE,2.0123,2011-11-26,2011-12-09,reorder_now,100,38.0229,71.2372,5,Inventory-position-based recommendation from Day 13.
23146,TRIPLE HOOK ANTIQUE IVORY ROSE,1.4553,2011-11-26,2011-12-09,reorder_now,41,33.6636,71.6636,14,Inventory-position-based recommendation from Day 13.
23147,SINGLE ANTIQUE ROSE HOOK IVORY,3.0377,2011-11-26,2011-12-09,reorder_now,91,36.9498,117.4498,14,Inventory-position-based recommendation from Day 13.
23148,MINIATURE ANTIQUE ROSE HOOK IVORY,3.2209,2011-11-26,2011-12-09,reorder_now,270,112.1279,238.1279,14,Inventory-position-based recommendation from Day 13.
23150,IVORY SWEETHEART SOAP DISH,0.4901,2011-11-26,2011-12-09,reorder_now,24,12.0341,21.2841,7,Inventory-position-based recommendation from Day 13.
23152,IVORY SWEETHEART WIRE LETTER RACK,0.6242,2011-11-26,2011-12-09,reorder_now,18,13.1186,24.9044,10,Inventory-position-based recommendation from Day 13.
23153,ZINC SWEETHEART WIRE LETTER RACK,0.5654,2011-11-26,2011-12-09,reorder_now,21,10.0752,16.6823,5,Inventory-position-based recommendation from Day 13.
23154,SET OF 4 JAM JAR MAGNETS,4.7035,2011-11-26,2011-12-09,reorder_now,422,210.4716,374.7573,10,Inventory-position-based recommendation from Day 13.
23155,KNICKERBOCKERGLORY MAGNET ASSORTED,1.3454,2011-11-26,2011-12-09,reorder_now,76,41.5666,84.7809,10,Inventory-position-based recommendation from Day 13.
23156,SET OF 5 MINI GROCERY MAGNETS,3.3122,2011-11-26,2011-12-09,reorder_now,56,33.5381,79.2881,7,Inventory-position-based recommendation from Day 13.
23157,SET OF 6 NATIVITY MAGNETS,6.5871,2011-11-26,2011-12-09,reorder_now,364,241.1525,445.4383,10,Inventory-position-based recommendation from Day 13.
23158,SET OF 5 LUCKY CAT MAGNETS,6.4639,2011-11-26,2011-12-09,reorder_now,185,59.2686,142.2686,7,Inventory-position-based recommendation from Day 13.
23159,SET OF 5 PANCAKE DAY MAGNETS,2.8832,2011-11-26,2011-12-09,reorder_now,59,28.8140,45.8497,3,Inventory-position-based recommendation from Day 13.
23160,REGENCY TEA SPOON,0.4120,2011-11-26,2011-12-09,reorder_now,53,28.4175,48.9175,14,Inventory-position-based recommendation from Day 13.
23161,REGENCY CAKE FORK,1.0164,2011-11-26,2011-12-09,reorder_now,64,26.7284,66.2284,14,Inventory-position-based recommendation from Day 13.
23162,REGENCY TEA STRAINER,1.7631,2011-11-26,2011-12-09,reorder_now,119,61.5746,128.5746,14,Inventory-position-based recommendation from Day 13.
23163,REGENCY SUGAR TONGS,1.5762,2011-11-26,2011-12-09,reorder_now,61,27.3998,42.6140,3,Inventory-position-based recommendation from Day 13.
23164,REGENCY CAKE SLICE,0.6355,2011-11-26,2011-12-09,reorder_now,77,42.2299,58.4799,5,Inventory-position-based recommendation from Day 13.
23165,LARGE CERAMIC TOP STORAGE JAR,5.6539,2011-11-26,2011-12-09,reorder_now,261,111.1333,235.1333,7,Inventory-position-based recommendation from Day 13.
23166,MEDIUM CERAMIC TOP STORAGE JAR,6.5661,2011-11-26,2011-12-09,reorder_now,431,198.9239,335.7096,5,Inventory-position-based recommendation from Day 13.
23167,SMALL CERAMIC TOP STORAGE JAR,5.6756,2011-11-26,2011-12-09,reorder_now,725,344.1646,713.1646,14,Inventory-position-based recommendation from Day 13.
23168,CLASSIC CAFE SUGAR DISPENSER,7.9069,2011-11-26,2011-12-09,reorder_now,215,58.4719,114.4005,3,Inventory-position-based recommendation from Day 13.
23169,CLASSIC GLASS COOKIE JAR,6.0495,2011-11-26,2011-12-09,reorder_now,73,68.6725,192.1725,14,Inventory-position-based recommendation from Day 13.
23170,REGENCY TEA PLATE ROSES,5.2456,2011-11-26,2011-12-09,reorder_now,129,50.1166,104.0451,5,Inventory-position-based recommendation from Day 13.
23171,REGENCY TEA PLATE GREEN,5.2355,2011-11-26,2011-12-09,reorder_now,107,45.0822,96.1536,5,Inventory-position-based recommendation from Day 13.
23172,REGENCY TEA PLATE PINK,3.4629,2011-11-26,2011-12-09,reorder_now,250,83.2597,228.2597,14,Inventory-position-based recommendation from Day 13.
23173,REGENCY TEAPOT ROSES,2.8566,2011-11-26,2011-12-09,reorder_now,71,21.6971,77.6971,14,Inventory-position-based recommendation from Day 13.
23174,REGENCY SUGAR BOWL GREEN,2.2679,2011-11-26,2011-12-09,reorder_now,43,26.6542,69.1542,10,Inventory-position-based recommendation from Day 13.
23175,REGENCY MILK JUG PINK,2.5241,2011-11-26,2011-12-09,reorder_now,134,39.0996,111.5996,14,Inventory-position-based recommendation from Day 13.
23176,ABC TREASURE BOOK BOX,2.8000,2011-11-26,2011-12-09,reorder_now,32,20.3009,33.1580,3,Inventory-position-based recommendation from Day 13.
23177,TREASURE ISLAND BOOK BOX,3.8454,2011-11-26,2011-12-09,reorder_now,887,573.3996,888.3996,14,Inventory-position-based recommendation from Day 13.
23178,JAM CLOCK MAGNET,0.5397,2011-11-26,2011-12-09,reorder_now,16,7.6223,11.6938,3,Inventory-position-based recommendation from Day 13.
23179,CLOCK MAGNET MUM'S KITCHEN,0.4088,2011-11-26,2011-12-09,reorder_now,41,25.1833,33.2190,5,Inventory-position-based recommendation from Day 13.
23180,MUM'S KITCHEN CLOCK,0.3176,2011-11-26,2011-12-09,reorder_now,19,12.4117,20.9831,10,Inventory-position-based recommendation from Day 13.
23181,BULL DOG BOTTLE TOP WALL CLOCK,0.2866,2011-11-26,2011-12-09,reorder_now,7,9.7979,17.2979,14,Inventory-position-based recommendation from Day 13.
23182,TOILET SIGN OCCUPIED OR VACANT,4.8863,2011-11-26,2011-12-09,no_order_required,0,34.6491,79.8991,7,Inventory-position-based recommendation from Day 13.
23183,MOTHER'S KITCHEN SPOON REST,0.3240,2011-11-26,2011-12-09,reorder_now,8,5.5736,13.0736,14,Inventory-position-based recommendation from Day 13.
23184,BULL DOG BOTTLE OPENER,2.1501,2011-11-26,2011-12-09,reorder_now,32,10.7662,22.5519,3,Inventory-position-based recommendation from Day 13.
23186,FRENCH STYLE STORAGE JAR CAFE,2.4611,2011-11-26,2011-12-09,reorder_now,174,65.2067,101.4210,3,Inventory-position-based recommendation from Day 13.
23187,FRENCH STYLE STORAGE JAR BONBONS,0.1029,2011-11-26,2011-12-09,no_order_required,0,0.0000,0.0000,5,Inventory-position-based recommendation from Day 13.
23188,VINTAGE 2 METRE FOLDING RULER,10.5018,2011-11-26,2011-12-09,reorder_now,589,169.5793,400.0793,7,Inventory-position-based recommendation from Day 13.
23189,SET OF 12 FORK CANDLES,3.4161,2011-11-26,2011-12-09,no_order_required,0,43.4060,94.1203,10,Inventory-position-based recommendation from Day 13.
23190,BUNDLE OF 3 SCHOOL EXERCISE BOOKS,2.7318,2011-11-26,2011-12-09,reorder_now,52,20.9958,42.7815,5,Inventory-position-based recommendation from Day 13.
23191,BUNDLE OF 3 RETRO NOTE BOOKS,5.7537,2011-11-26,2011-12-09,reorder_now,108,65.8285,164.7571,10,Inventory-position-based recommendation from Day 13.
23192,BUNDLE OF 3 ALPHABET EXERCISE BOOKS,9.0432,2011-11-26,2011-12-09,reorder_now,381,181.9749,402.3320,10,Inventory-position-based recommendation from Day 13.
23193,BUFFALO BILL TREASURE BOOK BOX,2.4833,2011-11-26,2011-12-09,reorder_now,584,375.2500,539.1786,10,Inventory-position-based recommendation from Day 13.
23194,GYMKHANA TREASURE BOOK BOX,2.5176,2011-11-26,2011-12-09,reorder_now,32,20.3600,45.3600,7,Inventory-position-based recommendation from Day 13.
23196,VINTAGE LEAF MAGNETIC NOTEPAD,5.5049,2011-11-26,2011-12-09,reorder_now,87,42.9609,98.2109,7,Inventory-position-based recommendation from Day 13.
23197,SKETCHBOOK MAGNETIC SHOPPING LIST,6.8885,2011-11-26,2011-12-09,no_order_required,0,45.4479,109.1979,5,Inventory-position-based recommendation from Day 13.
23198,PANTRY MAGNETIC SHOPPING LIST,10.4290,2011-11-26,2011-12-09,reorder_now,207,54.8610,115.1824,3,Inventory-position-based recommendation from Day 13.
23199,JUMBO BAG APPLES,13.8399,2011-11-26,2011-12-09,reorder_now,340,117.8871,232.1014,3,Inventory-position-based recommendation from Day 13.
23200,JUMBO BAG PEARS,11.4113,2011-11-26,2011-12-09,reorder_now,448,140.6827,443.6827,14,Inventory-position-based recommendation from Day 13.
23201,JUMBO BAG ALPHABET,13.8147,2011-11-26,2011-12-09,reorder_now,1199,483.8137,1277.3137,14,Inventory-position-based recommendation from Day 13.
23202,JUMBO BAG VINTAGE LEAF,14.5526,2011-11-26,2011-12-09,reorder_now,602,181.2623,344.1195,3,Inventory-position-based recommendation from Day 13.
23203,JUMBO BAG VINTAGE DOILY,17.3928,2011-11-26,2011-12-09,reorder_now,1582,519.1376,1159.8876,7,Inventory-position-based recommendation from Day 13.
23204,CHARLOTTE BAG APPLES DESIGN,12.2157,2011-11-26,2011-12-09,reorder_now,287,87.3252,184.3967,3,Inventory-position-based recommendation from Day 13.
23205,CHARLOTTE BAG VINTAGE ALPHABET,10.5922,2011-11-26,2011-12-09,reorder_now,696,278.4452,687.9452,14,Inventory-position-based recommendation from Day 13.
23206,LUNCH BAG APPLE DESIGN,13.9199,2011-11-26,2011-12-09,reorder_now,393,145.3177,377.0677,7,Inventory-position-based recommendation from Day 13.
23207,LUNCH BAG ALPHABET DESIGN,11.6190,2011-11-26,2011-12-09,reorder_now,235,151.0480,282.6552,5,Inventory-position-based recommendation from Day 13.
23208,LUNCH BAG VINTAGE LEAF DESIGN,10.5526,2011-11-26,2011-12-09,reorder_now,387,150.0353,277.3567,5,Inventory-position-based recommendation from Day 13.
23209,LUNCH BAG VINTAGE DOILY,15.2104,2011-11-26,2011-12-09,reorder_now,447,158.6723,465.9223,7,Inventory-position-based recommendation from Day 13.
23210,WHITE ROCKING HORSE HAND PAINTED,9.4119,2011-11-26,2011-12-09,reorder_now,598,196.3383,529.8383,14,Inventory-position-based recommendation from Day 13.
23211,RED ROCKING HORSE HAND PAINTED,6.9979,2011-11-26,2011-12-09,reorder_now,369,157.0306,315.5306,7,Inventory-position-based recommendation from Day 13.
23212,HEART WREATH DECORATION WITH BELL,7.9560,2011-11-26,2011-12-09,reorder_now,272,97.0753,163.7182,3,Inventory-position-based recommendation from Day 13.
23213,STAR WREATH DECORATION WITH BELL,6.9881,2011-11-26,2011-12-09,reorder_now,198,90.1991,143.1277,3,Inventory-position-based recommendation from Day 13.
23214,JINGLE BELL HEART ANTIQUE GOLD,4.5523,2011-11-26,2011-12-09,reorder_now,47,14.3155,29.2084,3,Inventory-position-based recommendation from Day 13.
23215,JINGLE BELL HEART ANTIQUE SILVER,12.4392,2011-11-26,2011-12-09,reorder_now,718,377.2371,666.7371,7,Inventory-position-based recommendation from Day 13.
23217,LAUREL HEART ANTIQUE SILVER,3.5042,2011-11-26,2011-12-09,reorder_now,289,147.7852,267.4281,10,Inventory-position-based recommendation from Day 13.
23220,REINDEER HEART DECORATION GOLD,5.1730,2011-11-26,2011-12-09,reorder_now,225,120.3239,202.8239,7,Inventory-position-based recommendation from Day 13.
23221,REINDEER HEART DECORATION SILVER,7.5999,2011-11-26,2011-12-09,reorder_now,311,116.4127,209.8056,5,Inventory-position-based recommendation from Day 13.
23222,CHRISTMAS TREE HANGING GOLD,2.5697,2011-11-26,2011-12-09,reorder_now,89,58.6825,119.3968,10,Inventory-position-based recommendation from Day 13.
23223,CHRISTMAS TREE HANGING SILVER,3.4241,2011-11-26,2011-12-09,reorder_now,144,65.1438,123.3938,7,Inventory-position-based recommendation from Day 13.
23224,CHERUB HEART DECORATION GOLD,2.4492,2011-11-26,2011-12-09,reorder_now,116,76.8100,171.3100,14,Inventory-position-based recommendation from Day 13.
23225,CHERUB HEART DECORATION SILVER,3.7103,2011-11-26,2011-12-09,reorder_now,186,88.0106,131.5106,3,Inventory-position-based recommendation from Day 13.
23226,FILIGREE HEART DAISY WHITE,1.4207,2011-11-26,2011-12-09,reorder_now,156,71.3638,144.3638,14,Inventory-position-based recommendation from Day 13.
23227,FILIGREE HEART BUTTERFLY WHITE,2.6986,2011-11-26,2011-12-09,reorder_now,84,31.6677,58.0963,5,Inventory-position-based recommendation from Day 13.
23228,FILIGREE HEART BIRD WHITE,3.8182,2011-11-26,2011-12-09,reorder_now,60,42.5272,91.0272,7,Inventory-position-based recommendation from Day 13.
23229,VINTAGE DONKEY TAIL GAME,7.0514,2011-11-26,2011-12-09,reorder_now,109,73.5463,161.0463,7,Inventory-position-based recommendation from Day 13.
23230,WRAP ALPHABET DESIGN,3.4769,2011-11-26,2011-12-09,reorder_now,378,157.5261,235.2047,3,Inventory-position-based recommendation from Day 13.
23231,WRAP VINTAGE DOILY,6.6713,2011-11-26,2011-12-09,reorder_now,209,93.5777,231.0777,7,Inventory-position-based recommendation from Day 13.
23232,WRAP VINTAGE LEAF DESIGN,7.0574,2011-11-26,2011-12-09,reorder_now,383,133.4344,262.8987,5,Inventory-position-based recommendation from Day 13.
23233,WRAP POPPIES DESIGN,1.1552,2011-11-26,2011-12-09,reorder_now,223,90.6270,190.6270,14,Inventory-position-based recommendation from Day 13.
23234,BISCUIT TIN VINTAGE CHRISTMAS,7.4560,2011-11-26,2011-12-09,no_order_required,0,68.8429,224.8429,14,Inventory-position-based recommendation from Day 13.
23235,STORAGE TIN VINTAGE LEAF,0.5347,2011-11-26,2011-12-09,reorder_now,56,27.6952,48.6952,7,Inventory-position-based recommendation from Day 13.
23236,STORAGE TIN VINTAGE DOILY,2.4671,2011-11-26,2011-12-09,reorder_now,173,90.2353,147.4853,7,Inventory-position-based recommendation from Day 13.
23237,SET OF 4 KNICK KNACK TINS LEAF,1.8683,2011-11-26,2011-12-09,reorder_now,144,59.1282,134.1282,14,Inventory-position-based recommendation from Day 13.
23238,SET OF 4 KNICK KNACK TINS LONDON,4.4262,2011-11-26,2011-12-09,reorder_now,152,73.4571,111.3857,3,Inventory-position-based recommendation from Day 13.
23239,SET OF 4 KNICK KNACK TINS POPPIES,1.7205,2011-11-26,2011-12-09,reorder_now,77,32.4933,81.4219,10,Inventory-position-based recommendation from Day 13.
23240,SET OF 4 KNICK KNACK TINS DOILY,10.1843,2011-11-26,2011-12-09,reorder_now,228,74.9879,177.4879,5,Inventory-position-based recommendation from Day 13.
23241,TREASURE TIN GYMKHANA DESIGN,6.6826,2011-11-26,2011-12-09,reorder_now,81,41.7444,75.1729,3,Inventory-position-based recommendation from Day 13.
23242,TREASURE TIN BUFFALO BILL,3.0132,2011-11-26,2011-12-09,reorder_now,99,64.3951,118.8951,7,Inventory-position-based recommendation from Day 13.
23243,SET OF TEA COFFEE SUGAR TINS PANTRY,6.4121,2011-11-26,2011-12-09,reorder_now,158,114.0091,187.5805,5,Inventory-position-based recommendation from Day 13.
23244,ROUND STORAGE TIN VINTAGE LEAF,0.9871,2011-11-26,2011-12-09,reorder_now,44,17.7852,31.7138,5,Inventory-position-based recommendation from Day 13.
23245,SET OF 3 REGENCY CAKE TINS,12.3486,2011-11-26,2011-12-09,reorder_now,242,131.4445,385.7302,10,Inventory-position-based recommendation from Day 13.
23247,BISCUIT TIN 50'S CHRISTMAS,8.2267,2011-11-26,2011-12-09,no_order_required,0,52.1843,141.9343,7,Inventory-position-based recommendation from Day 13.
23249,VINTAGE RED ENAMEL TRIM PLATE,0.6479,2011-11-26,2011-12-09,reorder_now,34,17.4453,32.8025,10,Inventory-position-based recommendation from Day 13.
23250,VINTAGE RED TRIM ENAMEL BOWL,2.3554,2011-11-26,2011-12-09,reorder_now,85,37.2473,61.2473,3,Inventory-position-based recommendation from Day 13.
23251,VINTAGE RED ENAMEL TRIM MUG,1.6767,2011-11-26,2011-12-09,reorder_now,155,80.2910,124.5767,5,Inventory-position-based recommendation from Day 13.
23252,VINTAGE RED ENAMEL TRIM JUG,0.7753,2011-11-26,2011-12-09,reorder_now,43,18.9324,40.4324,14,Inventory-position-based recommendation from Day 13.
23253,16 PIECE CUTLERY SET PANTRY DESIGN,0.3100,2011-11-26,2011-12-09,reorder_now,7,4.6460,7.6818,5,Inventory-position-based recommendation from Day 13.
23254,CHILDRENS CUTLERY DOLLY GIRL,4.6983,2011-11-26,2011-12-09,no_order_required,0,29.1701,106.1701,14,Inventory-position-based recommendation from Day 13.
23255,CHILDRENS CUTLERY CIRCUS PARADE,1.0109,2011-11-26,2011-12-09,reorder_now,38,20.4884,44.0598,10,Inventory-position-based recommendation from Day 13.
23256,CHILDRENS CUTLERY SPACEBOY,5.9682,2011-11-26,2011-12-09,reorder_now,66,89.7818,218.7818,14,Inventory-position-based recommendation from Day 13.
23263,SET OF 3 WOODEN HEART DECORATIONS,13.1976,2011-11-26,2011-12-09,reorder_now,323,135.1560,369.6560,7,Inventory-position-based recommendation from Day 13.
23264,SET OF 3 WOODEN SLEIGH DECORATIONS,11.6778,2011-11-26,2011-12-09,reorder_now,156,50.2182,114.0754,3,Inventory-position-based recommendation from Day 13.
23265,SET OF 3 WOODEN TREE DECORATIONS,10.7654,2011-11-26,2011-12-09,no_order_required,0,99.5532,303.8390,10,Inventory-position-based recommendation from Day 13.
23266,SET OF 3 WOODEN STOCKING DECORATION,11.4674,2011-11-26,2011-12-09,reorder_now,195,45.9602,107.3531,3,Inventory-position-based recommendation from Day 13.
23267,SET OF 4 SANTA PLACE SETTINGS,5.1550,2011-11-26,2011-12-09,reorder_now,61,61.5210,141.8781,10,Inventory-position-based recommendation from Day 13.
23268,UNKNOWN,0.1900,2011-11-26,2011-12-09,reorder_now,5,2.7585,4.5085,7,Inventory-position-based recommendation from Day 13.
23269,SET OF 2 CERAMIC CHRISTMAS TREES,3.7466,2011-11-26,2011-12-09,reorder_now,108,45.2119,85.0333,5,Inventory-position-based recommendation from Day 13.
23270,SET OF 2 CERAMIC PAINTED HEARTS,2.6527,2011-11-26,2011-12-09,reorder_now,78,27.1589,51.0875,5,Inventory-position-based recommendation from Day 13.
23271,CHRISTMAS TABLE SILVER CANDLE SPIKE,6.1783,2011-11-26,2011-12-09,reorder_now,266,98.7656,274.7656,14,Inventory-position-based recommendation from Day 13.
23273,HEART T-LIGHT HOLDER WILLIE WINKIE,2.8187,2011-11-26,2011-12-09,reorder_now,81,44.5430,123.0430,14,Inventory-position-based recommendation from Day 13.
23274,STAR T-LIGHT HOLDER WILLIE WINKIE,3.6192,2011-11-26,2011-12-09,reorder_now,62,30.1072,51.0001,3,Inventory-position-based recommendation from Day 13.
23275,SET OF 3 HANGING OWLS OLLIE BEAK,14.0657,2011-11-26,2011-12-09,reorder_now,514,155.8148,349.3862,5,Inventory-position-based recommendation from Day 13.
23280,FOLDING BUTTERFLY MIRROR HOT PINK,4.2247,2011-11-26,2011-12-09,reorder_now,171,102.1205,223.1919,10,Inventory-position-based recommendation from Day 13.
23281,FOLDING BUTTERFLY MIRROR RED,1.6806,2011-11-26,2011-12-09,reorder_now,110,52.0798,73.4013,3,Inventory-position-based recommendation from Day 13.
23282,FOLDING BUTTERFLY MIRROR IVORY,1.5236,2011-11-26,2011-12-09,reorder_now,93,39.0705,90.0705,14,Inventory-position-based recommendation from Day 13.
23283,DOORMAT VINTAGE LEAF,2.1566,2011-11-26,2011-12-09,reorder_now,28,16.8506,35.4221,5,Inventory-position-based recommendation from Day 13.
23284,DOORMAT KEEP CALM AND COME IN,11.0008,2011-11-26,2011-12-09,reorder_now,181,63.6955,129.9098,3,Inventory-position-based recommendation from Day 13.
23285,PINK VINTAGE SPOT BEAKER,0.8180,2011-11-26,2011-12-09,reorder_now,23,12.5066,24.7566,7,Inventory-position-based recommendation from Day 13.
23286,BLUE VINTAGE SPOT BEAKER,1.9598,2011-11-26,2011-12-09,reorder_now,23,21.9043,62.4043,14,Inventory-position-based recommendation from Day 13.
23287,RED VINTAGE SPOT BEAKER,1.2361,2011-11-26,2011-12-09,reorder_now,47,22.6536,45.1536,7,Inventory-position-based recommendation from Day 13.
23288,GREEN VINTAGE SPOT BEAKER,1.5527,2011-11-26,2011-12-09,no_order_required,0,21.3713,47.4427,10,Inventory-position-based recommendation from Day 13.
23289,DOLLY GIRL CHILDRENS BOWL,3.6929,2011-11-26,2011-12-09,no_order_required,0,25.1449,50.6806,5,Inventory-position-based recommendation from Day 13.
23290,SPACEBOY CHILDRENS BOWL,5.2411,2011-11-26,2011-12-09,reorder_now,334,196.7747,354.9890,10,Inventory-position-based recommendation from Day 13.
23291,DOLLY GIRL CHILDRENS CUP,3.8161,2011-11-26,2011-12-09,reorder_now,42,16.8191,31.6048,3,Inventory-position-based recommendation from Day 13.
23292,SPACEBOY CHILDRENS CUP,5.1931,2011-11-26,2011-12-09,reorder_now,139,72.3350,111.8708,3,Inventory-position-based recommendation from Day 13.
23293,SET OF 12 FAIRY CAKE BAKING CASES,14.2473,2011-11-26,2011-12-09,reorder_now,981,399.0101,1027.5816,10,Inventory-position-based recommendation from Day 13.
23294,SET OF 6 SNACK LOAF BAKING CASES,8.6353,2011-11-26,2011-12-09,reorder_now,314,161.7490,404.2490,14,Inventory-position-based recommendation from Day 13.
23295,SET OF 12 MINI LOAF BAKING CASES,11.9726,2011-11-26,2011-12-09,reorder_now,336,102.8856,191.7070,3,Inventory-position-based recommendation from Day 13.
23296,SET OF 6 TEA TIME BAKING CASES,10.9326,2011-11-26,2011-12-09,reorder_now,350,259.6945,633.1945,14,Inventory-position-based recommendation from Day 13.
23297,SET 40 HEART SHAPE PETIT FOUR CASES,0.1674,2011-11-26,2011-12-09,reorder_now,4,3.9451,5.7308,10,Inventory-position-based recommendation from Day 13.
23298,SPOTTY BUNTING,10.7843,2011-11-26,2011-12-09,reorder_now,799,368.9317,770.4317,14,Inventory-position-based recommendation from Day 13.
23299,FOOD COVER WITH BEADS SET 2,0.4807,2011-11-26,2011-12-09,no_order_required,0,3.2623,5.6195,3,Inventory-position-based recommendation from Day 13.
23300,GARDENERS KNEELING PAD CUP OF TEA,14.5335,2011-11-26,2011-12-09,reorder_now,646,205.2124,465.7481,5,Inventory-position-based recommendation from Day 13.
23301,GARDENERS KNEELING PAD KEEP CALM,17.3509,2011-11-26,2011-12-09,reorder_now,1505,476.0390,1378.1819,10,Inventory-position-based recommendation from Day 13.
23302,KNEELING MAT HOUSEWORK DESIGN,3.3227,2011-11-26,2011-12-09,reorder_now,536,242.5036,401.0036,7,Inventory-position-based recommendation from Day 13.
23306,SET OF 36 PANTRY PAPER DOILIES,1.0144,2011-11-26,2011-12-09,no_order_required,0,7.6015,15.6015,7,Inventory-position-based recommendation from Day 13.
23307,SET OF 60 PANTRY DESIGN CAKE CASES,11.8147,2011-11-26,2011-12-09,reorder_now,529,213.0784,338.9712,3,Inventory-position-based recommendation from Day 13.
23308,SET OF 60 VINTAGE LEAF CAKE CASES,6.4811,2011-11-26,2011-12-09,reorder_now,395,192.2095,263.3524,3,Inventory-position-based recommendation from Day 13.
23309,SET OF 60 I LOVE LONDON CAKE CASES,12.2281,2011-11-26,2011-12-09,reorder_now,796,324.5419,508.8276,3,Inventory-position-based recommendation from Day 13.
23310,BUBBLEGUM RING ASSORTED,16.3686,2011-11-26,2011-12-09,reorder_now,1139,267.7144,773.7144,7,Inventory-position-based recommendation from Day 13.
23311,VINTAGE CHRISTMAS STOCKING,12.6916,2011-11-26,2011-12-09,no_order_required,0,125.0357,467.5357,14,Inventory-position-based recommendation from Day 13.
23312,VINTAGE CHRISTMAS GIFT SACK,7.8625,2011-11-26,2011-12-09,no_order_required,0,57.0553,96.2696,3,Inventory-position-based recommendation from Day 13.
23313,VINTAGE CHRISTMAS BUNTING,13.5247,2011-11-26,2011-12-09,reorder_now,727,288.9982,835.9982,14,Inventory-position-based recommendation from Day 13.
23314,VINTAGE CHRISTMAS TABLECLOTH,1.4666,2011-11-26,2011-12-09,reorder_now,54,19.0710,53.0710,14,Inventory-position-based recommendation from Day 13.
23315,IVORY REFECTORY CLOCK,0.5831,2011-11-26,2011-12-09,reorder_now,7,3.3515,7.1015,5,Inventory-position-based recommendation from Day 13.
23316,RED REFECTORY CLOCK,0.8121,2011-11-26,2011-12-09,no_order_required,0,5.9836,11.8765,5,Inventory-position-based recommendation from Day 13.
23317,BLUE REFECTORY CLOCK,0.5912,2011-11-26,2011-12-09,reorder_now,9,7.2867,17.7867,14,Inventory-position-based recommendation from Day 13.
23318,BOX OF 6 MINI VINTAGE CRACKERS,13.8646,2011-11-26,2011-12-09,reorder_now,546,190.2029,638.7029,14,Inventory-position-based recommendation from Day 13.
23319,BOX OF 6 MINI 50'S CRACKERS,13.6327,2011-11-26,2011-12-09,reorder_now,214,77.7258,164.0829,3,Inventory-position-based recommendation from Day 13.
23320,GIANT 50'S CHRISTMAS CRACKER,11.9146,2011-11-26,2011-12-09,reorder_now,446,135.8481,400.8481,10,Inventory-position-based recommendation from Day 13.
23321,SMALL WHITE HEART OF WICKER,14.3261,2011-11-26,2011-12-09,reorder_now,516,174.6034,415.1034,7,Inventory-position-based recommendation from Day 13.
23322,LARGE WHITE HEART OF WICKER,11.3766,2011-11-26,2011-12-09,reorder_now,182,106.3762,358.8762,14,Inventory-position-based recommendation from Day 13.
23323,WHITE WICKER STAR,9.7461,2011-11-26,2011-12-09,reorder_now,186,78.6151,235.4008,10,Inventory-position-based recommendation from Day 13.
23324,RUSTIC STRAWBERRY JAM POT LARGE,0.4673,2011-11-26,2011-12-09,reorder_now,27,13.4010,24.1153,10,Inventory-position-based recommendation from Day 13.
23326,HANGING MINI COLOURED BOTTLES,1.6181,2011-11-26,2011-12-09,reorder_now,489,263.2901,364.7187,5,Inventory-position-based recommendation from Day 13.
23328,SET 6 SCHOOL MILK BOTTLES IN CRATE,13.4445,2011-11-26,2011-12-09,reorder_now,255,68.4791,174.9791,3,Inventory-position-based recommendation from Day 13.
23329,DECORATIVE WICKER HEART LARGE,9.1533,2011-11-26,2011-12-09,reorder_now,113,49.0978,93.8836,3,Inventory-position-based recommendation from Day 13.
23330,DECORATIVE WICKER HEART MEDIUM,9.2511,2011-11-26,2011-12-09,reorder_now,193,117.9235,210.7806,5,Inventory-position-based recommendation from Day 13.
23331,DECORATIVE WICKER HEART SMALL,5.2807,2011-11-26,2011-12-09,reorder_now,182,71.5109,143.4752,5,Inventory-position-based recommendation from Day 13.
23332,IVORY WICKER HEART LARGE,9.2997,2011-11-26,2011-12-09,reorder_now,173,108.4429,292.0143,10,Inventory-position-based recommendation from Day 13.
23333,IVORY WICKER HEART MEDIUM,9.9383,2011-11-26,2011-12-09,reorder_now,328,131.5163,411.5163,14,Inventory-position-based recommendation from Day 13.
23334,IVORY WICKER HEART SMALL,6.3961,2011-11-26,2011-12-09,reorder_now,390,137.2542,330.8257,10,Inventory-position-based recommendation from Day 13.
23335,EGG FRYING PAN IVORY,1.4887,2011-11-26,2011-12-09,no_order_required,0,10.5152,23.3723,5,Inventory-position-based recommendation from Day 13.
23336,EGG FRYING PAN PINK,0.9127,2011-11-26,2011-12-09,reorder_now,19,14.6214,32.1214,10,Inventory-position-based recommendation from Day 13.
23337,EGG FRYING PAN MINT,0.7565,2011-11-26,2011-12-09,reorder_now,21,10.7617,19.3331,5,Inventory-position-based recommendation from Day 13.
23338,EGG FRYING PAN RED,1.7076,2011-11-26,2011-12-09,reorder_now,132,51.0384,110.3241,10,Inventory-position-based recommendation from Day 13.
23339,EGG FRYING PAN BLUE,0.9449,2011-11-26,2011-12-09,reorder_now,24,9.2424,14.9209,3,Inventory-position-based recommendation from Day 13.
23340,VINTAGE CHRISTMAS CAKE FRILL,2.5939,2011-11-26,2011-12-09,reorder_now,103,49.6284,114.2712,10,Inventory-position-based recommendation from Day 13.
23341,PINK DINER WALL CLOCK,0.9330,2011-11-26,2011-12-09,reorder_now,20,14.3703,31.5131,10,Inventory-position-based recommendation from Day 13.
23342,MINT DINER WALL CLOCK,1.0225,2011-11-26,2011-12-09,reorder_now,44,18.2952,44.2952,14,Inventory-position-based recommendation from Day 13.
23343,JUMBO BAG VINTAGE CHRISTMAS,16.0833,2011-11-26,2011-12-09,reorder_now,1022,338.8493,850.8493,7,Inventory-position-based recommendation from Day 13.
23344,JUMBO BAG 50'S CHRISTMAS,18.0166,2011-11-26,2011-12-09,reorder_now,2260,626.2112,1851.2112,10,Inventory-position-based recommendation from Day 13.
23345,DOLLY GIRL BEAKER,3.5094,2011-11-26,2011-12-09,no_order_required,0,20.2894,38.8251,3,Inventory-position-based recommendation from Day 13.
23346,SPACEBOY BEAKER,3.6881,2011-11-26,2011-12-09,no_order_required,0,34.3596,107.3596,14,Inventory-position-based recommendation from Day 13.
23347,I LOVE LONDON BEAKER,1.1493,2011-11-26,2011-12-09,reorder_now,81,39.0888,67.3388,7,Inventory-position-based recommendation from Day 13.
23348,UNKNOWN,2.3534,2011-11-26,2011-12-09,reorder_now,35,36.0920,67.8777,10,Inventory-position-based recommendation from Day 13.
23349,ROLL WRAP VINTAGE CHRISTMAS,13.3742,2011-11-26,2011-12-09,reorder_now,251,68.6421,151.6778,3,Inventory-position-based recommendation from Day 13.
23350,ROLL WRAP VINTAGE SPOT,11.2441,2011-11-26,2011-12-09,no_order_required,0,69.2787,216.7787,7,Inventory-position-based recommendation from Day 13.
23351,ROLL WRAP 50'S CHRISTMAS,14.3308,2011-11-26,2011-12-09,reorder_now,744,189.7737,712.7737,14,Inventory-position-based recommendation from Day 13.
23352,ROLL WRAP 50'S RED CHRISTMAS,9.2439,2011-11-26,2011-12-09,reorder_now,109,34.4861,78.8433,3,Inventory-position-based recommendation from Day 13.
23353,6 GIFT TAGS VINTAGE CHRISTMAS,13.1039,2011-11-26,2011-12-09,no_order_required,0,69.7837,145.5337,3,Inventory-position-based recommendation from Day 13.
23354,6 GIFT TAGS 50'S CHRISTMAS,13.7309,2011-11-26,2011-12-09,reorder_now,301,89.0563,176.9134,3,Inventory-position-based recommendation from Day 13.
23355,HOT WATER BOTTLE KEEP CALM,17.2579,2011-11-26,2011-12-09,reorder_now,784,184.2348,669.4848,7,Inventory-position-based recommendation from Day 13.
23356,LOVE HOT WATER BOTTLE,12.4444,2011-11-26,2011-12-09,no_order_required,0,55.4392,124.7606,3,Inventory-position-based recommendation from Day 13.
23357,HOT WATER BOTTLE SEX BOMB,2.6122,2011-11-26,2011-12-09,reorder_now,53,27.0085,57.3657,5,Inventory-position-based recommendation from Day 13.
23358,HOT STUFF HOT WATER BOTTLE,2.9506,2011-11-26,2011-12-09,reorder_now,197,75.1182,204.6182,14,Inventory-position-based recommendation from Day 13.
23359,SET OF 12 T-LIGHTS VINTAGE DOILY,2.6072,2011-11-26,2011-12-09,reorder_now,59,33.1527,71.9027,7,Inventory-position-based recommendation from Day 13.
23360,SET 8 CANDLES VINTAGE DOILY,2.5184,2011-11-26,2011-12-09,reorder_now,115,64.7251,142.7251,14,Inventory-position-based recommendation from Day 13.
23365,SET 12 COLOUR PENCILS LOVE LONDON,10.6727,2011-11-26,2011-12-09,reorder_now,167,76.6292,207.1944,7,Inventory-position-based recommendation from Day 13.
23366,SET 12 COLOURING PENCILS DOILY,11.8936,2011-11-26,2011-12-09,reorder_now,305,84.7570,195.8440,5,Inventory-position-based recommendation from Day 13.
23367,SET 12 COLOUR PENCILS SPACEBOY,14.8522,2011-11-26,2011-12-09,reorder_now,331,156.0275,549.9405,10,Inventory-position-based recommendation from Day 13.
23368,SET 12 COLOUR PENCILS DOLLY GIRL,10.5791,2011-11-26,2011-12-09,reorder_now,364,127.5354,281.2310,5,Inventory-position-based recommendation from Day 13.
23369,SET 36 COLOUR PENCILS LOVE LONDON,6.9144,2011-11-26,2011-12-09,reorder_now,313,161.3475,378.6518,14,Inventory-position-based recommendation from Day 13.
23370,SET 36 COLOURING PENCILS DOILY,7.9732,2011-11-26,2011-12-09,reorder_now,247,108.1418,313.2723,14,Inventory-position-based recommendation from Day 13.
23371,SET 36 COLOUR PENCILS SPACEBOY,10.0517,2011-11-26,2011-12-09,reorder_now,349,245.5136,583.9484,14,Inventory-position-based recommendation from Day 13.
23372,SET 36 COLOUR PENCILS DOLLY GIRL,7.9770,2011-11-26,2011-12-09,reorder_now,626,245.9426,556.3774,14,Inventory-position-based recommendation from Day 13.
23373,VINTAGE CHRISTMAS PAPER GIFT BAG,2.9012,2011-11-26,2011-12-09,reorder_now,195,81.5359,198.5359,14,Inventory-position-based recommendation from Day 13.
23374,RED SPOT PAPER GIFT BAG,6.7560,2011-11-26,2011-12-09,reorder_now,539,207.6984,438.7698,10,Inventory-position-based recommendation from Day 13.
23375,50'S CHRISTMAS PAPER GIFT BAG,4.7732,2011-11-26,2011-12-09,reorder_now,127,48.0128,120.8700,10,Inventory-position-based recommendation from Day 13.
23376,PACK OF 12 VINTAGE CHRISTMAS TISSUE,11.7951,2011-11-26,2011-12-09,reorder_now,483,281.5202,718.0202,14,Inventory-position-based recommendation from Day 13.
23377,PACK OF 12 DOLLY GIRL TISSUES,5.1796,2011-11-26,2011-12-09,reorder_now,134,47.1640,101.6640,7,Inventory-position-based recommendation from Day 13.
23378,PACK OF 12 50'S CHRISTMAS TISSUES,11.4111,2011-11-26,2011-12-09,reorder_now,504,193.7786,316.6714,3,Inventory-position-based recommendation from Day 13.
23379,PACK OF 12 RED APPLE TISSUES,1.8684,2011-11-26,2011-12-09,reorder_now,31,21.0156,45.2656,7,Inventory-position-based recommendation from Day 13.
23380,PACK OF 12 VINTAGE DOILY TISSUES,3.7355,2011-11-26,2011-12-09,reorder_now,350,149.6567,268.9067,7,Inventory-position-based recommendation from Day 13.
23381,PACK OF 12 VINTAGE LEAF TISSUES,1.1802,2011-11-26,2011-12-09,reorder_now,51,27.0987,38.3487,3,Inventory-position-based recommendation from Day 13.
23388,WOODLAND MINI BACKPACK,2.4160,2011-11-26,2011-12-09,reorder_now,79,45.5602,84.5602,7,Inventory-position-based recommendation from Day 13.
23389,SPACEBOY MINI BACKPACK,5.7516,2011-11-26,2011-12-09,reorder_now,158,80.0158,130.9086,5,Inventory-position-based recommendation from Day 13.
23390,DOLLY GIRL MINI BACKPACK,2.6781,2011-11-26,2011-12-09,reorder_now,51,39.6727,74.9227,7,Inventory-position-based recommendation from Day 13.
23391,I LOVE LONDON MINI BACKPACK,1.4420,2011-11-26,2011-12-09,reorder_now,59,32.8769,51.6269,5,Inventory-position-based recommendation from Day 13.
23392,SPACEBOY ROCKET LOLLY MAKERS,3.7604,2011-11-26,2011-12-09,reorder_now,66,51.7107,144.2107,14,Inventory-position-based recommendation from Day 13.
23393,HOME SWEET HOME CUSHION COVER,5.2916,2011-11-26,2011-12-09,no_order_required,0,42.0130,104.1558,10,Inventory-position-based recommendation from Day 13.
23394,POSTE FRANCE CUSHION COVER,3.3552,2011-11-26,2011-12-09,reorder_now,39,28.2119,57.7119,7,Inventory-position-based recommendation from Day 13.
23395,BELLE JARDINIERE CUSHION COVER,5.1810,2011-11-26,2011-12-09,reorder_now,92,42.8330,114.9758,10,Inventory-position-based recommendation from Day 13.
23396,LE JARDIN BOTANIQUE CUSHION COVER,4.3141,2011-11-26,2011-12-09,reorder_now,95,43.5254,122.5254,14,Inventory-position-based recommendation from Day 13.
23397,FOOT STOOL HOME SWEET HOME,2.8655,2011-11-26,2011-12-09,reorder_now,49,34.8247,66.3247,7,Inventory-position-based recommendation from Day 13.
23398,HANGING HEART BONHEUR,1.7967,2011-11-26,2011-12-09,reorder_now,76,37.0202,62.5559,5,Inventory-position-based recommendation from Day 13.
23399,HOME SWEET HOME HANGING HEART,8.2182,2011-11-26,2011-12-09,no_order_required,0,78.8930,253.8930,14,Inventory-position-based recommendation from Day 13.
23400,SHELF WITH 4 HOOKS HOME SWEET HOME,0.6849,2011-11-26,2011-12-09,reorder_now,8,4.0636,7.1707,3,Inventory-position-based recommendation from Day 13.
23401,RUSTIC MIRROR WITH LACE HEART,1.0848,2011-11-26,2011-12-09,reorder_now,238,143.8260,212.0403,10,Inventory-position-based recommendation from Day 13.
23402,HOME SWEET HOME 3 PEG HANGER,0.7785,2011-11-26,2011-12-09,reorder_now,27,15.4489,30.4489,10,Inventory-position-based recommendation from Day 13.
23403,LETTER HOLDER HOME SWEET HOME,1.9285,2011-11-26,2011-12-09,reorder_now,34,16.9939,41.2439,7,Inventory-position-based recommendation from Day 13.
23404,HOME SWEET HOME BLACKBOARD,4.1438,2011-11-26,2011-12-09,reorder_now,252,118.6604,209.9104,7,Inventory-position-based recommendation from Day 13.
23405,HOME SWEET HOME 2 DRAWER CABINET,1.4513,2011-11-26,2011-12-09,reorder_now,62,18.3863,47.6720,10,Inventory-position-based recommendation from Day 13.
23406,UNKNOWN,1.7150,2011-11-26,2011-12-09,reorder_now,38,17.0677,37.3177,7,Inventory-position-based recommendation from Day 13.
23407,SET OF 2 TRAYS HOME SWEET HOME,1.4399,2011-11-26,2011-12-09,reorder_now,64,25.3984,61.3984,14,Inventory-position-based recommendation from Day 13.
23408,PHOTO FRAME LINEN AND LACE SMALL,1.2791,2011-11-26,2011-12-09,reorder_now,72,31.5415,71.5415,14,Inventory-position-based recommendation from Day 13.
23411,TRELLIS COAT RACK,0.6550,2011-11-26,2011-12-09,reorder_now,12,7.2853,12.6424,5,Inventory-position-based recommendation from Day 13.
23414,ZINC BOX SIGN HOME,0.4196,2011-11-26,2011-12-09,reorder_now,9,4.5008,9.1436,10,Inventory-position-based recommendation from Day 13.
23418,LAVENDER TOILETTE BOTTLE,1.1780,2011-11-26,2011-12-09,reorder_now,35,15.3340,28.3697,5,Inventory-position-based recommendation from Day 13.
23419,HOME SWEET HOME BOTTLE,1.6131,2011-11-26,2011-12-09,no_order_required,0,23.0646,61.5646,14,Inventory-position-based recommendation from Day 13.
23423,PANTRY 3 HOOK ROLLING PIN HANGER,0.8145,2011-11-26,2011-12-09,reorder_now,44,21.3197,49.3197,14,Inventory-position-based recommendation from Day 13.
23424,GINGHAM RECIPE BOOK BOX,2.6800,2011-11-26,2011-12-09,no_order_required,0,15.6883,47.8311,10,Inventory-position-based recommendation from Day 13.
23426,METAL SIGN DROP YOUR PANTS,6.1031,2011-11-26,2011-12-09,no_order_required,0,49.9364,114.4364,7,Inventory-position-based recommendation from Day 13.
23427,STOOL HOME SWEET HOME,0.2426,2011-11-26,2011-12-09,reorder_now,3,1.8428,2.6999,3,Inventory-position-based recommendation from Day 13.
23431,NATURAL HANGING QUILTED HEARTS,0.9621,2011-11-26,2011-12-09,reorder_now,76,37.3251,78.3251,14,Inventory-position-based recommendation from Day 13.
23432,PRETTY HANGING QUILTED HEARTS,1.6240,2011-11-26,2011-12-09,reorder_now,94,38.4473,74.4473,7,Inventory-position-based recommendation from Day 13.
23433,HANGING QUILTED PATCHWORK APPLES,3.4226,2011-11-26,2011-12-09,reorder_now,87,31.6598,66.1241,5,Inventory-position-based recommendation from Day 13.
23434,3 RAFFIA RIBBONS 50'S CHRISTMAS,12.2081,2011-11-26,2011-12-09,reorder_now,278,88.1698,168.3126,3,Inventory-position-based recommendation from Day 13.
23435,3 RAFFIA RIBBONS VINTAGE CHRISTMAS,3.3670,2011-11-26,2011-12-09,no_order_required,0,25.0021,55.3592,5,Inventory-position-based recommendation from Day 13.
23436,VINTAGE CHRISTMAS GIFT BAG LARGE,4.3321,2011-11-26,2011-12-09,reorder_now,71,32.3714,57.7642,3,Inventory-position-based recommendation from Day 13.
23437,50'S CHRISTMAS GIFT BAG LARGE,5.2791,2011-11-26,2011-12-09,reorder_now,140,79.2669,216.2669,14,Inventory-position-based recommendation from Day 13.
23438,RED SPOT GIFT BAG LARGE,3.8060,2011-11-26,2011-12-09,reorder_now,136,47.3818,81.0247,3,Inventory-position-based recommendation from Day 13.
23439,HAND WARMER RED LOVE HEART,14.4505,2011-11-26,2011-12-09,reorder_now,393,192.5606,614.3463,10,Inventory-position-based recommendation from Day 13.
23444,Next Day Carriage,0.8068,2011-11-26,2011-12-09,no_order_required,0,7.1156,23.1156,14,Inventory-position-based recommendation from Day 13.
23445,ICE CREAM BUBBLES,6.9477,2011-11-26,2011-12-09,reorder_now,147,68.4240,173.9240,7,Inventory-position-based recommendation from Day 13.
23461,SWEETHEART BIRD HOUSE,1.8950,2011-11-26,2011-12-09,reorder_now,835,433.6814,558.1814,3,Inventory-position-based recommendation from Day 13.
23493,VINTAGE DOILY TRAVEL SEWING KIT,16.4993,2011-11-26,2011-12-09,reorder_now,515,110.3809,282.5548,3,Inventory-position-based recommendation from Day 13.
23494,VINTAGE DOILY DELUXE SEWING KIT,7.8391,2011-11-26,2011-12-09,reorder_now,228,89.3002,228.8002,10,Inventory-position-based recommendation from Day 13.
23502,PLAYING CARDS VINTAGE DOILY,3.3408,2011-11-26,2011-12-09,reorder_now,64,41.4732,107.8211,14,Inventory-position-based recommendation from Day 13.
23503,PLAYING CARDS KEEP CALM & CARRY ON,14.5951,2011-11-26,2011-12-09,reorder_now,267,79.0852,183.0417,3,Inventory-position-based recommendation from Day 13.
23504,PLAYING CARDS JUBILEE UNION JACK,9.9519,2011-11-26,2011-12-09,reorder_now,194,75.0986,158.5769,5,Inventory-position-based recommendation from Day 13.
23505,PLAYING CARDS I LOVE LONDON,4.4977,2011-11-26,2011-12-09,reorder_now,258,112.1463,193.8854,5,Inventory-position-based recommendation from Day 13.
23506,MINI PLAYING CARDS SPACEBOY,8.8641,2011-11-26,2011-12-09,reorder_now,202,89.2134,308.9525,14,Inventory-position-based recommendation from Day 13.
23507,MINI PLAYING CARDS BUFFALO BILL,5.7112,2011-11-26,2011-12-09,reorder_now,1240,708.1045,1012.1480,7,Inventory-position-based recommendation from Day 13.
23508,MINI PLAYING CARDS DOLLY GIRL,8.0326,2011-11-26,2011-12-09,reorder_now,125,44.9058,114.6015,7,Inventory-position-based recommendation from Day 13.
23510,MINI PLAYING CARDS GYMKHANA,6.5292,2011-11-26,2011-12-09,reorder_now,1455,847.6455,1265.4716,10,Inventory-position-based recommendation from Day 13.
23511,EMBROIDERED RIBBON REEL EMILY,1.6831,2011-11-26,2011-12-09,no_order_required,0,8.4139,14.0226,3,Inventory-position-based recommendation from Day 13.
23513,EMBROIDERED RIBBON REEL SUSIE,0.7972,2011-11-26,2011-12-09,no_order_required,0,14.7002,33.5698,14,Inventory-position-based recommendation from Day 13.
23514,EMBROIDERED RIBBON REEL SALLY,1.7799,2011-11-26,2011-12-09,reorder_now,28,13.2042,26.8999,5,Inventory-position-based recommendation from Day 13.
23515,EMBROIDERED RIBBON REEL DAISY,1.1340,2011-11-26,2011-12-09,reorder_now,22,7.0158,11.8419,3,Inventory-position-based recommendation from Day 13.
23517,EMBROIDERED RIBBON REEL REBECCA,0.6152,2011-11-26,2011-12-09,no_order_required,0,10.2594,21.2159,14,Inventory-position-based recommendation from Day 13.
23526,WALL ART DOG LICENCE,4.2209,2011-11-26,2011-12-09,reorder_now,398,230.1030,450.6030,14,Inventory-position-based recommendation from Day 13.
23531,WALL ART BIG LOVE,2.9760,2011-11-26,2011-12-09,reorder_now,362,161.5819,277.0819,7,Inventory-position-based recommendation from Day 13.
23534,WALL ART STOP FOR TEA,8.7383,2011-11-26,2011-12-09,reorder_now,103,33.0185,87.2493,5,Inventory-position-based recommendation from Day 13.
23535,WALL ART BICYCLE SAFETY,9.1887,2011-11-26,2011-12-09,reorder_now,442,254.4111,629.1803,14,Inventory-position-based recommendation from Day 13.
23541,WALL ART CLASSIC PUDDINGS,3.2564,2011-11-26,2011-12-09,no_order_required,0,13.5331,33.5331,10,Inventory-position-based recommendation from Day 13.
23545,WRAP RED VINTAGE DOILY,3.8006,2011-11-26,2011-12-09,reorder_now,282,100.9509,219.7009,7,Inventory-position-based recommendation from Day 13.
23546,WRAP PAISLEY PARK,5.3832,2011-11-26,2011-12-09,reorder_now,377,156.3924,318.8924,7,Inventory-position-based recommendation from Day 13.
23547,WRAP FLOWER SHOP,1.6906,2011-11-26,2011-12-09,reorder_now,264,106.2087,204.4230,10,Inventory-position-based recommendation from Day 13.
23549,WRAP BIRD GARDEN,1.0273,2011-11-26,2011-12-09,reorder_now,124,63.6778,117.2492,10,Inventory-position-based recommendation from Day 13.
23550,WRAP ALPHABET POSTER,0.7619,2011-11-26,2011-12-09,reorder_now,122,53.8405,103.8405,14,Inventory-position-based recommendation from Day 13.
23551,PACK OF 12 PAISLEY PARK TISSUES,4.6257,2011-11-26,2011-12-09,reorder_now,237,156.2826,324.7826,14,Inventory-position-based recommendation from Day 13.
23559,WOODLAND BUNNIES LOLLY MAKERS,2.3712,2011-11-26,2011-12-09,reorder_now,55,25.1093,41.7165,3,Inventory-position-based recommendation from Day 13.
35001G,HAND OPEN SHAPE GOLD,0.4366,2011-11-26,2011-12-09,reorder_now,37,17.4927,31.4213,10,Inventory-position-based recommendation from Day 13.
35001W,HAND OPEN SHAPE DECO.WHITE,0.0875,2011-11-26,2011-12-09,no_order_required,0,0.0000,0.0000,10,Inventory-position-based recommendation from Day 13.
35004B,SET OF 3 BLACK FLYING DUCKS,0.3186,2011-11-26,2011-12-09,reorder_now,27,14.5718,28.0718,14,Inventory-position-based recommendation from Day 13.
35004C,SET OF 3 COLOURED FLYING DUCKS,0.0875,2011-11-26,2011-12-09,no_order_required,0,0.0000,0.0000,5,Inventory-position-based recommendation from Day 13.
35004G,SET OF 3 GOLD FLYING DUCKS,0.3322,2011-11-26,2011-12-09,reorder_now,26,13.5972,20.5615,5,Inventory-position-based recommendation from Day 13.
35004P,UNKNOWN,0.0875,2011-11-26,2011-12-09,no_order_required,0,0.0000,0.0000,7,Inventory-position-based recommendation from Day 13.
35015,JACOBS LADDER SMALL,0.0875,2011-11-26,2011-12-09,no_order_required,0,0.0000,0.0000,5,Inventory-position-based recommendation from Day 13.
35095A,BLUE VICTORIAN FABRIC OVAL BOX,2.7710,2011-11-26,2011-12-09,reorder_now,67,23.9616,41.6402,3,Inventory-position-based recommendation from Day 13.
35095B,RED VICTORIAN FABRIC OVAL BOX,1.1207,2011-11-26,2011-12-09,reorder_now,38,18.2960,30.4388,5,Inventory-position-based recommendation from Day 13.
35096A,UNKNOWN,0.0875,2011-11-26,2011-12-09,no_order_required,0,0.0000,0.0000,5,Inventory-position-based recommendation from Day 13.
35160,UNKNOWN,0.0875,2011-11-26,2011-12-09,no_order_required,0,0.0000,0.0000,7,Inventory-position-based recommendation from Day 13.
35240,UNKNOWN,0.0875,2011-11-26,2011-12-09,no_order_required,0,0.0000,0.0000,5,Inventory-position-based recommendation from Day 13.
35241,ENAMEL BLUE RIM BISCUIT BIN,0.0875,2011-11-26,2011-12-09,no_order_required,0,0.0000,0.0000,3,Inventory-position-based recommendation from Day 13.
35400,WOODEN BOX ADVENT CALENDAR,0.1850,2011-11-26,2011-12-09,reorder_now,7,4.7681,5.8395,3,Inventory-position-based recommendation from Day 13.
35471A,SET OF 3 BIRD L.BLUE FEATHER,0.0875,2011-11-26,2011-12-09,no_order_required,0,0.0000,0.0000,14,Inventory-position-based recommendation from Day 13.
35471D,SET OF 3 BIRD LIGHT PINK FEATHER,9.9664,2011-11-26,2011-12-09,reorder_now,383,118.7726,320.2011,10,Inventory-position-based recommendation from Day 13.
35594,WOODEN CHRISTMAS TREE 3 HANGING,0.0875,2011-11-26,2011-12-09,no_order_required,0,0.0000,0.0000,5,Inventory-position-based recommendation from Day 13.
35598B,BLACK CHRISTMAS TREE 60CM,0.7564,2011-11-26,2011-12-09,reorder_now,96,45.4960,82.9960,14,Inventory-position-based recommendation from Day 13.
35598D,PINK/WHITE CHRISTMAS TREE 60CM,0.4526,2011-11-26,2011-12-09,reorder_now,100,60.2083,98.2083,14,Inventory-position-based recommendation from Day 13.
35599B,BLACK CHRISTMAS TREE 120CM,0.8029,2011-11-26,2011-12-09,reorder_now,85,50.5137,71.2280,5,Inventory-position-based recommendation from Day 13.
35599D,PINK AND WHITE CHRISTMAS TREE 120CM,0.5541,2011-11-26,2011-12-09,reorder_now,69,38.8209,58.5709,7,Inventory-position-based recommendation from Day 13.
35607A,UNKNOWN,0.0875,2011-11-26,2011-12-09,no_order_required,0,0.0000,0.0000,5,Inventory-position-based recommendation from Day 13.
35637A,IVORY STRING CURTAIN WITH POLE,0.2034,2011-11-26,2011-12-09,reorder_now,4,2.5013,4.2513,7,Inventory-position-based recommendation from Day 13.
35645,VINTAGE BEAD PINK JEWEL BOX,0.0875,2011-11-26,2011-12-09,no_order_required,0,0.0000,0.0000,14,Inventory-position-based recommendation from Day 13.
35646,VINTAGE BEAD PINK EVENING BAG,1.8776,2011-11-26,2011-12-09,reorder_now,54,38.9399,81.4399,10,Inventory-position-based recommendation from Day 13.
35647,VINTAGE BEAD PINK SHADE,0.0875,2011-11-26,2011-12-09,no_order_required,0,0.0000,0.0000,10,Inventory-position-based recommendation from Day 13.
35648,VINTAGE BEAD PINK PURSE,1.9005,2011-11-26,2011-12-09,reorder_now,102,47.1030,107.6030,14,Inventory-position-based recommendation from Day 13.
35649,VINTAGE BEAD COSMETIC BAG,0.3407,2011-11-26,2011-12-09,reorder_now,7,3.4729,5.7943,5,Inventory-position-based recommendation from Day 13.
35651,VINTAGE BEAD PINK SCARF,0.1221,2011-11-26,2011-12-09,no_order_required,0,0.0000,0.0000,10,Inventory-position-based recommendation from Day 13.
35653,VINTAGE BEAD NOTEBOOK,0.0875,2011-11-26,2011-12-09,no_order_required,0,0.0000,0.0000,5,Inventory-position-based recommendation from Day 13.
35809A,ENAMEL PINK TEA CONTAINER,0.0875,2011-11-26,2011-12-09,no_order_required,0,0.0000,0.0000,14,Inventory-position-based recommendation from Day 13.
35810A,ENAMEL PINK COFFEE CONTAINER,0.0885,2011-11-26,2011-12-09,no_order_required,0,0.0000,0.0000,5,Inventory-position-based recommendation from Day 13.
35810B,ENAMEL BLUE RIM COFFEE CONTAINER,0.1835,2011-11-26,2011-12-09,reorder_now,5,4.6679,7.1679,14,Inventory-position-based recommendation from Day 13.
35811A,UNKNOWN,0.0875,2011-11-26,2011-12-09,no_order_required,0,0.0000,0.0000,7,Inventory-position-based recommendation from Day 13.
35832,UNKNOWN,0.0875,2011-11-26,2011-12-09,no_order_required,0,0.0000,0.0000,10,Inventory-position-based recommendation from Day 13.
35833P,4 PINK FLOCK CHRISTMAS BALLS,0.2953,2011-11-26,2011-12-09,reorder_now,8,4.9638,6.4638,3,Inventory-position-based recommendation from Day 13.
35911A,MULTICOLOUR RABBIT EGG WARMER,0.0897,2011-11-26,2011-12-09,no_order_required,0,0.0000,0.0000,5,Inventory-position-based recommendation from Day 13.
35914,UNKNOWN,0.0875,2011-11-26,2011-12-09,no_order_required,0,0.0000,0.0000,5,Inventory-position-based recommendation from Day 13.
35915B,BLUE KNITTED HEN,0.0875,2011-11-26,2011-12-09,no_order_required,0,0.0000,0.0000,10,Inventory-position-based recommendation from Day 13.
35915C,UNKNOWN,0.0875,2011-11-26,2011-12-09,no_order_required,0,0.0000,0.0000,3,Inventory-position-based recommendation from Day 13.
35916A,YELLOW FELT HANGING HEART W FLOWER,0.0875,2011-11-26,2011-12-09,no_order_required,0,0.0000,0.0000,14,Inventory-position-based recommendation from Day 13.
35916B,BLUE FELT HANGING HEART WITH FLOWER,0.0875,2011-11-26,2011-12-09,no_order_required,0,0.0000,0.0000,3,Inventory-position-based recommendation from Day 13.
35916C,PINK FELT HANGING HEART W FLOWER,0.0875,2011-11-26,2011-12-09,no_order_required,0,0.0000,0.0000,7,Inventory-position-based recommendation from Day 13.
35921,EASTER BUNNY HANGING GARLAND,0.0875,2011-11-26,2011-12-09,no_order_required,0,0.0000,0.0000,5,Inventory-position-based recommendation from Day 13.
35922,EASTER BUNNY WREATH,0.0875,2011-11-26,2011-12-09,no_order_required,0,0.0000,0.0000,5,Inventory-position-based recommendation from Day 13.
35923,CANDY HEART HANGING DECORATION,0.5170,2011-11-26,2011-12-09,reorder_now,124,67.0880,92.4451,5,Inventory-position-based recommendation from Day 13.
35924,HANGING FAIRY CAKE DECORATION,0.1722,2011-11-26,2011-12-09,reorder_now,2,2.7896,3.6825,5,Inventory-position-based recommendation from Day 13.
35951,UNKNOWN,0.0875,2011-11-26,2011-12-09,no_order_required,0,0.0000,0.0000,7,Inventory-position-based recommendation from Day 13.
35953,FOLKART STAR CHRISTMAS DECORATIONS,14.5340,2011-11-26,2011-12-09,reorder_now,598,153.4963,337.8892,3,Inventory-position-based recommendation from Day 13.
35954,check,0.3177,2011-11-26,2011-12-09,no_order_required,0,0.0000,0.0000,10,Inventory-position-based recommendation from Day 13.
35957,SMALLFOLKART BAUBLE CHRISTMAS DEC,0.0875,2011-11-26,2011-12-09,no_order_required,0,0.0000,0.0000,10,Inventory-position-based recommendation from Day 13.
35958,UNKNOWN,0.0875,2011-11-26,2011-12-09,no_order_required,0,0.0000,0.0000,3,Inventory-position-based recommendation from Day 13.
35961,FOLKART ZINC HEART CHRISTMAS DEC,4.0959,2011-11-26,2011-12-09,reorder_now,160,54.8070,110.5570,7,Inventory-position-based recommendation from Day 13.
35962,UNKNOWN,0.0875,2011-11-26,2011-12-09,no_order_required,0,0.0000,0.0000,7,Inventory-position-based recommendation from Day 13.
35964,FOLKART CLIP ON STARS,3.7320,2011-11-26,2011-12-09,reorder_now,234,80.6512,193.5084,10,Inventory-position-based recommendation from Day 13.
35965,FOLKART HEART NAPKIN RINGS,0.1706,2011-11-26,2011-12-09,reorder_now,15,8.7557,11.7914,5,Inventory-position-based recommendation from Day 13.
35967,FOLK ART METAL STAR T-LIGHT HOLDER,1.8765,2011-11-26,2011-12-09,reorder_now,107,37.1324,96.6324,14,Inventory-position-based recommendation from Day 13.
35968,check,0.0958,2011-11-26,2011-12-09,no_order_required,0,0.0000,0.0000,10,Inventory-position-based recommendation from Day 13.
35969,FOLKART CROWN TABLE DECORATIONS,0.0875,2011-11-26,2011-12-09,no_order_required,0,0.0000,0.0000,5,Inventory-position-based recommendation from Day 13.
35970,ZINC FOLKART SLEIGH BELLS,15.8065,2011-11-26,2011-12-09,reorder_now,477,133.6673,288.8101,3,Inventory-position-based recommendation from Day 13.
35971,ROSE FOLKART HEART DECORATIONS,0.7866,2011-11-26,2011-12-09,reorder_now,29,16.4611,23.6040,5,Inventory-position-based recommendation from Day 13.
35972,DAISY FOLKART HEART DECORATION,0.0926,2011-11-26,2011-12-09,no_order_required,0,0.0000,0.0000,14,Inventory-position-based recommendation from Day 13.
35981C,WHITE SNOW SCANDINAVIAN STOCKING,0.0875,2011-11-26,2011-12-09,no_order_required,0,0.0000,0.0000,14,Inventory-position-based recommendation from Day 13.
35991,SET/6 BLACK SNOWFLAKE T-LIGHTS,0.0875,2011-11-26,2011-12-09,no_order_required,0,0.0000,0.0000,7,Inventory-position-based recommendation from Day 13.
37327,adjustment,0.1302,2011-11-26,2011-12-09,reorder_now,4,3.4264,4.9264,14,Inventory-position-based recommendation from Day 13.
37333,"RETRO ""TEA FOR ONE""",0.0875,2011-11-26,2011-12-09,no_order_required,0,0.0000,0.0000,14,Inventory-position-based recommendation from Day 13.
37340,MULTICOLOUR SPRING FLOWER MUG,2.5919,2011-11-26,2011-12-09,reorder_now,162,67.4220,143.8506,10,Inventory-position-based recommendation from Day 13.
37342,UNKNOWN,0.0875,2011-11-26,2011-12-09,no_order_required,0,0.0000,0.0000,10,Inventory-position-based recommendation from Day 13.
37343,POLKADOT MUG PINK,0.0875,2011-11-26,2011-12-09,no_order_required,0,0.0000,0.0000,14,Inventory-position-based recommendation from Day 13.
37370,RETRO COFFEE MUGS ASSORTED,0.1353,2011-11-26,2011-12-09,reorder_now,6,4.1268,5.3768,5,Inventory-position-based recommendation from Day 13.
37413,ICON MUG REVOLUTIONARY,1.4283,2011-11-26,2011-12-09,reorder_now,56,27.8500,54.3500,7,Inventory-position-based recommendation from Day 13.
37422,WHITE WITH BLACK CATS BOWL,0.0875,2011-11-26,2011-12-09,no_order_required,0,0.0000,0.0000,10,Inventory-position-based recommendation from Day 13.
37423,WHITE WITH BLACK CATS PLATE,0.0875,2011-11-26,2011-12-09,no_order_required,0,0.0000,0.0000,14,Inventory-position-based recommendation from Day 13.
37424,WHITE WITH BLACK CATS MUG,0.0875,2011-11-26,2011-12-09,no_order_required,0,0.0000,0.0000,5,Inventory-position-based recommendation from Day 13.
37441,UNKNOWN,0.0875,2011-11-26,2011-12-09,no_order_required,0,0.0000,0.0000,14,Inventory-position-based recommendation from Day 13.
37444A,UNKNOWN,0.0875,2011-11-26,2011-12-09,no_order_required,0,0.0000,0.0000,5,Inventory-position-based recommendation from Day 13.
37444C,UNKNOWN,0.0875,2011-11-26,2011-12-09,no_order_required,0,0.0000,0.0000,10,Inventory-position-based recommendation from Day 13.
37446,MINI CAKE STAND WITH HANGING CAKES,0.6201,2011-11-26,2011-12-09,reorder_now,39,18.2033,27.8462,5,Inventory-position-based recommendation from Day 13.
37447,CERAMIC CAKE DESIGN SPOTTED PLATE,0.5378,2011-11-26,2011-12-09,reorder_now,29,19.3377,34.3377,10,Inventory-position-based recommendation from Day 13.
37448,CERAMIC CAKE DESIGN SPOTTED MUG,1.2160,2011-11-26,2011-12-09,reorder_now,60,24.8939,42.9296,5,Inventory-position-based recommendation from Day 13.
37449,CERAMIC CAKE STAND + HANGING CAKES,0.5702,2011-11-26,2011-12-09,reorder_now,8,6.8583,15.7869,10,Inventory-position-based recommendation from Day 13.
37450,CERAMIC CAKE BOWL + HANGING CAKES,0.4271,2011-11-26,2011-12-09,reorder_now,18,7.9832,11.1975,3,Inventory-position-based recommendation from Day 13.
37461,UNKNOWN,0.0875,2011-11-26,2011-12-09,no_order_required,0,0.0000,0.0000,14,Inventory-position-based recommendation from Day 13.
37462B,"PET MUG, BUDGIE",0.0875,2011-11-26,2011-12-09,no_order_required,0,0.0000,0.0000,7,Inventory-position-based recommendation from Day 13.
37464,ROBOT MUG IN DISPLAY BOX,0.0875,2011-11-26,2011-12-09,no_order_required,0,0.0000,0.0000,7,Inventory-position-based recommendation from Day 13.
37467,UNKNOWN,0.0875,2011-11-26,2011-12-09,no_order_required,0,0.0000,0.0000,7,Inventory-position-based recommendation from Day 13.
37474,UNKNOWN,0.0875,2011-11-26,2011-12-09,no_order_required,0,0.0000,0.0000,5,Inventory-position-based recommendation from Day 13.
37475,SET/4 COLOURFUL MIXING BOWLS,0.3356,2011-11-26,2011-12-09,reorder_now,12,8.3061,15.3061,14,Inventory-position-based recommendation from Day 13.
37476,CONDIMENT TRAY 4 BOWLS AND 4 SPOONS,0.0875,2011-11-26,2011-12-09,no_order_required,0,0.0000,0.0000,10,Inventory-position-based recommendation from Day 13.
37479B,UNKNOWN,0.0875,2011-11-26,2011-12-09,no_order_required,0,0.0000,0.0000,7,Inventory-position-based recommendation from Day 13.
37479P,CUBIC MUG FLOCK PINK ON BROWN,0.1035,2011-11-26,2011-12-09,no_order_required,0,0.0000,0.0000,3,Inventory-position-based recommendation from Day 13.
37482P,CUBIC MUG PINK POLKADOT,0.0875,2011-11-26,2011-12-09,no_order_required,0,0.0000,0.0000,14,Inventory-position-based recommendation from Day 13.
37492B,BLUE YELLOW FLOWER PIGGY BANK,0.0875,2011-11-26,2011-12-09,no_order_required,0,0.0000,0.0000,5,Inventory-position-based recommendation from Day 13.
37494A,FAIRY CAKE CERAMIC BUTTER DISH,0.0875,2011-11-26,2011-12-09,no_order_required,0,0.0000,0.0000,7,Inventory-position-based recommendation from Day 13.
37495,FAIRY CAKE BIRTHDAY CANDLE SET,0.2111,2011-11-26,2011-12-09,reorder_now,7,5.3840,8.3840,7,Inventory-position-based recommendation from Day 13.
37500,TEA TIME TEAPOT IN GIFT BOX,1.2063,2011-11-26,2011-12-09,reorder_now,32,15.0244,23.3816,3,Inventory-position-based recommendation from Day 13.
37501,UNKNOWN,0.0875,2011-11-26,2011-12-09,no_order_required,0,0.0000,0.0000,5,Inventory-position-based recommendation from Day 13.
37502,TEA TIME MUG IN GIFT BOX,0.0875,2011-11-26,2011-12-09,no_order_required,0,0.0000,0.0000,14,Inventory-position-based recommendation from Day 13.
37503,TEA TIME CAKE STAND IN GIFT BOX,0.0875,2011-11-26,2011-12-09,no_order_required,0,0.0000,0.0000,14,Inventory-position-based recommendation from Day 13.
37508,NEW ENGLAND CERAMIC CAKE SERVER,0.0875,2011-11-26,2011-12-09,no_order_required,0,0.0000,0.0000,10,Inventory-position-based recommendation from Day 13.
40001,WHITE BAMBOO RIBS LAMPSHADE,0.1164,2011-11-26,2011-12-09,reorder_now,4,2.8958,3.9673,10,Inventory-position-based recommendation from Day 13.
40003,WHITE BAMBOO RIBS LAMPSHADE,0.0875,2011-11-26,2011-12-09,no_order_required,0,0.0000,0.0000,3,Inventory-position-based recommendation from Day 13.
40016,CHINESE DRAGON PAPER LANTERNS,0.0875,2011-11-26,2011-12-09,no_order_required,0,0.0000,0.0000,5,Inventory-position-based recommendation from Day 13.
40018E,UNKNOWN,0.0875,2011-11-26,2011-12-09,no_order_required,0,0.0000,0.0000,10,Inventory-position-based recommendation from Day 13.
40018F,CHERRY DESIGN PAPERLANTERNS,0.0875,2011-11-26,2011-12-09,no_order_required,0,0.0000,0.0000,5,Inventory-position-based recommendation from Day 13.
40046A,RED DAISY PAPER LAMPSHADE,0.0875,2011-11-26,2011-12-09,no_order_required,0,0.0000,0.0000,5,Inventory-position-based recommendation from Day 13.
44230,SQUARE MIRROR CURTAIN,0.0875,2011-11-26,2011-12-09,no_order_required,0,0.0000,0.0000,7,Inventory-position-based recommendation from Day 13.
44234,ASSORTED CIRCULAR MOBILE,0.2760,2011-11-26,2011-12-09,reorder_now,9,11.1970,19.6970,14,Inventory-position-based recommendation from Day 13.
45008C,DECORATIVE NET CANOPY CREAM,0.0875,2011-11-26,2011-12-09,no_order_required,0,0.0000,0.0000,10,Inventory-position-based recommendation from Day 13.
46000M,POLYESTER FILLER PAD 45x45cm,1.8429,2011-11-26,2011-12-09,reorder_now,282,162.6699,223.2057,5,Inventory-position-based recommendation from Day 13.
46000P,POLYESTER FILLER PAD 65CMx65CM,0.0875,2011-11-26,2011-12-09,no_order_required,0,0.0000,0.0000,5,Inventory-position-based recommendation from Day 13.
46000R,POLYESTER FILLER PAD 45x30cm,0.1849,2011-11-26,2011-12-09,reorder_now,5,3.8071,6.8071,14,Inventory-position-based recommendation from Day 13.
46000S,POLYESTER FILLER PAD 40x40cm,3.6323,2011-11-26,2011-12-09,reorder_now,417,244.6003,361.1003,7,Inventory-position-based recommendation from Day 13.
46000U,POLYESTER FILLER PAD 30CMx30CM,0.1599,2011-11-26,2011-12-09,reorder_now,10,8.0761,10.5761,7,Inventory-position-based recommendation from Day 13.
46118,FUNKY MONKEY CUSHION COVER,0.3157,2011-11-26,2011-12-09,reorder_now,8,5.4973,9.7473,7,Inventory-position-based recommendation from Day 13.
46126A,ELVIS WALLHANGING / CURTAIN,0.0875,2011-11-26,2011-12-09,no_order_required,0,0.0000,0.0000,14,Inventory-position-based recommendation from Day 13.
46775D,SUNSET COLOUR CHUNKY KNITTED THROW,0.1455,2011-11-26,2011-12-09,reorder_now,3,2.7099,4.7099,14,Inventory-position-based recommendation from Day 13.
46775E,CANDY POP CHUNKY KNITTED THROW,0.0875,2011-11-26,2011-12-09,no_order_required,0,0.0000,0.0000,3,Inventory-position-based recommendation from Day 13.
46776A,WOVEN BUBBLE GUM CUSHION COVER,0.7312,2011-11-26,2011-12-09,reorder_now,20,9.6150,20.8650,7,Inventory-position-based recommendation from Day 13.
46776B,WOVEN BERRIES CUSHION COVER,0.7411,2011-11-26,2011-12-09,reorder_now,13,5.3712,11.7998,5,Inventory-position-based recommendation from Day 13.
46776C,WOVEN FROST CUSHION COVER,0.6726,2011-11-26,2011-12-09,reorder_now,10,10.4839,27.9839,14,Inventory-position-based recommendation from Day 13.
46776D,WOVEN SUNSET CUSHION COVER,0.5601,2011-11-26,2011-12-09,reorder_now,13,6.5468,12.6182,5,Inventory-position-based recommendation from Day 13.
46776E,WOVEN CANDY CUSHION COVER,0.3333,2011-11-26,2011-12-09,reorder_now,8,7.9464,16.4464,14,Inventory-position-based recommendation from Day 13.
46776F,WOVEN ROSE GARDEN CUSHION COVER,0.8498,2011-11-26,2011-12-09,no_order_required,0,6.4183,11.8825,3,Inventory-position-based recommendation from Day 13.
47021G,SET/6 BEAD COASTERS GAUZE BAG GOLD,0.0875,2011-11-26,2011-12-09,no_order_required,0,0.0000,0.0000,14,Inventory-position-based recommendation from Day 13.
47310M,SMALL POP BOX FUNKY MONKEY,1.4448,2011-11-26,2011-12-09,reorder_now,29,30.1787,68.6787,14,Inventory-position-based recommendation from Day 13.
47367B,PAIR PADDED HANGERS PINK CHECK,0.0875,2011-11-26,2011-12-09,no_order_required,0,0.0000,0.0000,14,Inventory-position-based recommendation from Day 13.
47421,ASSORTED COLOUR LIZARD SUCTION HOOK,0.7307,2011-11-26,2011-12-09,reorder_now,57,27.2626,45.2626,7,Inventory-position-based recommendation from Day 13.
47422,ASSORTED MONKEY SUCTION CUP HOOK,0.3555,2011-11-26,2011-12-09,reorder_now,13,9.8158,16.9587,10,Inventory-position-based recommendation from Day 13.
47471,RAINBOW PEGS PHOTO CLIP STRING,0.2730,2011-11-26,2011-12-09,reorder_now,7,3.9908,6.3122,5,Inventory-position-based recommendation from Day 13.
47480,HANGING PHOTO CLIP ROPE LADDER,0.8717,2011-11-26,2011-12-09,reorder_now,190,109.2029,181.2029,14,Inventory-position-based recommendation from Day 13.
47481,50CM METAL STRING WITH 7 CLIPS,0.1989,2011-11-26,2011-12-09,reorder_now,6,5.7821,8.7821,14,Inventory-position-based recommendation from Day 13.
47502,POLKADOT CUTLERY 24 PCS IN TRAY,0.0875,2011-11-26,2011-12-09,no_order_required,0,0.0000,0.0000,14,Inventory-position-based recommendation from Day 13.
47503A,ASS FLORAL PRINT MULTI SCREWDRIVER,3.9473,2011-11-26,2011-12-09,reorder_now,125,80.9630,129.5344,5,Inventory-position-based recommendation from Day 13.
47503H,ASS FLORAL PRINT SPIRIT LEVEL,0.3908,2011-11-26,2011-12-09,reorder_now,59,34.8207,43.1779,3,Inventory-position-based recommendation from Day 13.
47503J,SET/3 FLORAL GARDEN TOOLS IN BAG,0.0875,2011-11-26,2011-12-09,no_order_required,0,0.0000,0.0000,3,Inventory-position-based recommendation from Day 13.
47503K,ASSORTED FLORAL SECATEURS,0.0875,2011-11-26,2011-12-09,no_order_required,0,0.0000,0.0000,5,Inventory-position-based recommendation from Day 13.
47504E,ENGLISH ROSE SCISSORS,0.0875,2011-11-26,2011-12-09,no_order_required,0,0.0000,0.0000,7,Inventory-position-based recommendation from Day 13.
47504G,ENGLISH ROSE TAPE MEASURE,0.0875,2011-11-26,2011-12-09,no_order_required,0,0.0000,0.0000,3,Inventory-position-based recommendation from Day 13.
47504H,ENGLISH ROSE SPIRIT LEVEL,2.1449,2011-11-26,2011-12-09,reorder_now,95,37.7716,75.2716,5,Inventory-position-based recommendation from Day 13.
47504K,ENGLISH ROSE GARDEN SECATEURS,0.1143,2011-11-26,2011-12-09,no_order_required,0,0.0000,0.0000,14,Inventory-position-based recommendation from Day 13.
47505,UNKNOWN,0.0875,2011-11-26,2011-12-09,no_order_required,0,0.0000,0.0000,14,Inventory-position-based recommendation from Day 13.
47518F,ICON PLACEMAT POP ART ELVIS,0.1600,2011-11-26,2011-12-09,no_order_required,0,1.6152,2.1152,7,Inventory-position-based recommendation from Day 13.
47556B,TEA TIME TEA TOWELS,0.0875,2011-11-26,2011-12-09,no_order_required,0,0.0000,0.0000,7,Inventory-position-based recommendation from Day 13.
47559B,TEA TIME OVEN GLOVE,3.8909,2011-11-26,2011-12-09,reorder_now,175,78.5020,137.7877,5,Inventory-position-based recommendation from Day 13.
47562,ENGLISH ROSE IRONING BOARD COVER,0.0875,2011-11-26,2011-12-09,no_order_required,0,0.0000,0.0000,14,Inventory-position-based recommendation from Day 13.
47563A,RETRO LONGBOARD IRONING BOARD COVER,0.7814,2011-11-26,2011-12-09,reorder_now,17,8.6634,18.9134,7,Inventory-position-based recommendation from Day 13.
47566,PARTY BUNTING,11.1767,2011-11-26,2011-12-09,reorder_now,569,264.9708,478.2208,7,Inventory-position-based recommendation from Day 13.
47566B,TEA TIME PARTY BUNTING,0.2180,2011-11-26,2011-12-09,reorder_now,3,1.3305,1.8663,3,Inventory-position-based recommendation from Day 13.
47567B,TEA TIME KITCHEN APRON,1.1626,2011-11-26,2011-12-09,reorder_now,20,9.0848,15.7276,3,Inventory-position-based recommendation from Day 13.
47568,ENGLISH ROSE DESIGN PEG BAG,0.0875,2011-11-26,2011-12-09,no_order_required,0,0.0000,0.0000,7,Inventory-position-based recommendation from Day 13.
47570,ENGLISH ROSE TABLE CLOTH,0.0875,2011-11-26,2011-12-09,no_order_required,0,0.0000,0.0000,3,Inventory-position-based recommendation from Day 13.
47570B,UNKNOWN,0.0875,2011-11-26,2011-12-09,no_order_required,0,0.0000,0.0000,3,Inventory-position-based recommendation from Day 13.
47574A,ENGLISH ROSE SCENTED HANGING FLOWER,0.0875,2011-11-26,2011-12-09,no_order_required,0,0.0000,0.0000,10,Inventory-position-based recommendation from Day 13.
47578A,ENGLISH ROSE SMALL SCENTED FLOWER,0.6363,2011-11-26,2011-12-09,reorder_now,35,17.2614,28.3328,5,Inventory-position-based recommendation from Day 13.
47579,TEA TIME BREAKFAST BASKET,0.0875,2011-11-26,2011-12-09,no_order_required,0,0.0000,0.0000,5,Inventory-position-based recommendation from Day 13.
47580,TEA TIME DES TEA COSY,0.2717,2011-11-26,2011-12-09,reorder_now,16,7.8022,14.8022,14,Inventory-position-based recommendation from Day 13.
47581B,FAIRY CAKE WICKER PICNIC BASKET,0.0875,2011-11-26,2011-12-09,no_order_required,0,0.0000,0.0000,5,Inventory-position-based recommendation from Day 13.
47585A,PINK FAIRY CAKE CUSHION COVER,0.2353,2011-11-26,2011-12-09,reorder_now,12,6.4432,11.0861,10,Inventory-position-based recommendation from Day 13.
47589,CONGRATULATIONS BUNTING,0.0875,2011-11-26,2011-12-09,no_order_required,0,0.0000,0.0000,7,Inventory-position-based recommendation from Day 13.
47590A,BLUE HAPPY BIRTHDAY BUNTING,1.1623,2011-11-26,2011-12-09,reorder_now,60,33.8145,48.2788,5,Inventory-position-based recommendation from Day 13.
47590B,PINK HAPPY BIRTHDAY BUNTING,1.4791,2011-11-26,2011-12-09,reorder_now,53,33.7532,50.3603,5,Inventory-position-based recommendation from Day 13.
47591A,CAROUSEL CHILDRENS APRON,0.0875,2011-11-26,2011-12-09,no_order_required,0,0.0000,0.0000,5,Inventory-position-based recommendation from Day 13.
47591B,SCOTTIES CHILDRENS APRON,0.1050,2011-11-26,2011-12-09,no_order_required,0,0.7337,0.9480,3,Inventory-position-based recommendation from Day 13.
47591C,UNKNOWN,0.0875,2011-11-26,2011-12-09,no_order_required,0,0.0000,0.0000,10,Inventory-position-based recommendation from Day 13.
47591D,PINK FAIRY CAKE CHILDRENS APRON,10.2450,2011-11-26,2011-12-09,reorder_now,543,197.8596,517.8596,14,Inventory-position-based recommendation from Day 13.
47592A,CAROUSEL CHILDRENS OVERALL,0.0875,2011-11-26,2011-12-09,no_order_required,0,0.0000,0.0000,5,Inventory-position-based recommendation from Day 13.
47593A,UNKNOWN,0.0875,2011-11-26,2011-12-09,no_order_required,0,0.0000,0.0000,5,Inventory-position-based recommendation from Day 13.
47593B,SCOTTIE DOGS BABY BIB,3.2974,2011-11-26,2011-12-09,reorder_now,272,125.4241,231.8527,10,Inventory-position-based recommendation from Day 13.
47594A,CAROUSEL DESIGN WASHBAG,0.1947,2011-11-26,2011-12-09,reorder_now,4,3.2176,5.3604,10,Inventory-position-based recommendation from Day 13.
47594B,SCOTTIES DESIGN WASHBAG,0.0903,2011-11-26,2011-12-09,no_order_required,0,0.0000,0.0000,7,Inventory-position-based recommendation from Day 13.
47597,NEW ENGLAND TEATOWELS,0.0875,2011-11-26,2011-12-09,no_order_required,0,0.0000,0.0000,3,Inventory-position-based recommendation from Day 13.
47599A,PINK PARTY BAGS,0.2789,2011-11-26,2011-12-09,reorder_now,22,15.3469,26.8469,14,Inventory-position-based recommendation from Day 13.
47599B,BLUE PARTY BAGS,0.5228,2011-11-26,2011-12-09,reorder_now,39,22.2772,42.2772,14,Inventory-position-based recommendation from Day 13.
48111,DOORMAT 3 SMILEY CATS,0.8978,2011-11-26,2011-12-09,reorder_now,17,8.4003,13.9717,3,Inventory-position-based recommendation from Day 13.
48116,DOORMAT MULTICOLOUR STRIPE,0.5668,2011-11-26,2011-12-09,reorder_now,12,8.0341,16.0341,7,Inventory-position-based recommendation from Day 13.
48129,DOORMAT TOPIARY,0.7893,2011-11-26,2011-12-09,reorder_now,17,9.5918,17.8061,5,Inventory-position-based recommendation from Day 13.
48138,DOORMAT UNION FLAG,3.7798,2011-11-26,2011-12-09,reorder_now,86,34.6621,58.9835,3,Inventory-position-based recommendation from Day 13.
48173C,DOORMAT BLACK FLOCK,1.1244,2011-11-26,2011-12-09,reorder_now,48,26.3598,36.8598,3,Inventory-position-based recommendation from Day 13.
48184,DOORMAT ENGLISH ROSE,1.8894,2011-11-26,2011-12-09,reorder_now,89,41.0110,69.7610,5,Inventory-position-based recommendation from Day 13.
48185,DOORMAT FAIRY CAKE,1.4115,2011-11-26,2011-12-09,reorder_now,125,68.2179,135.7179,14,Inventory-position-based recommendation from Day 13.
48187,DOORMAT NEW ENGLAND,4.0242,2011-11-26,2011-12-09,reorder_now,89,58.1710,118.1710,7,Inventory-position-based recommendation from Day 13.
48188,DOORMAT WELCOME PUPPIES,0.3878,2011-11-26,2011-12-09,reorder_now,6,5.7549,9.5049,7,Inventory-position-based recommendation from Day 13.
48189,adjustment,0.0875,2011-11-26,2011-12-09,no_order_required,0,0.0000,0.0000,14,Inventory-position-based recommendation from Day 13.
48194,DOORMAT HEARTS,3.1197,2011-11-26,2011-12-09,reorder_now,160,80.4980,175.9980,14,Inventory-position-based recommendation from Day 13.
48195,UNKNOWN,0.0875,2011-11-26,2011-12-09,no_order_required,0,0.0000,0.0000,10,Inventory-position-based recommendation from Day 13.
48197,DOORMAT BIRD ON THE WIRE,0.0875,2011-11-26,2011-12-09,no_order_required,0,0.0000,0.0000,7,Inventory-position-based recommendation from Day 13.
51008,AFGHAN SLIPPER SOCK PAIR,0.1654,2011-11-26,2011-12-09,reorder_now,3,4.0470,6.5470,14,Inventory-position-based recommendation from Day 13.
51014A,"FEATHER PEN,HOT PINK",9.8028,2011-11-26,2011-12-09,reorder_now,692,225.2892,647.2892,14,Inventory-position-based recommendation from Day 13.
51014C,"FEATHER PEN,COAL BLACK",6.1662,2011-11-26,2011-12-09,reorder_now,460,233.8061,514.8061,14,Inventory-position-based recommendation from Day 13.
51014L,"FEATHER PEN,LIGHT PINK",5.1373,2011-11-26,2011-12-09,reorder_now,147,64.9336,106.1836,3,Inventory-position-based recommendation from Day 13.
51020A,adjustment,0.0875,2011-11-26,2011-12-09,no_order_required,0,0.0000,0.0000,7,Inventory-position-based recommendation from Day 13.
51020B,STRIPY DESIGN SHOWER CAP,0.0875,2011-11-26,2011-12-09,no_order_required,0,0.0000,0.0000,7,Inventory-position-based recommendation from Day 13.
62018,SOMBRERO,0.5928,2011-11-26,2011-12-09,reorder_now,223,136.1715,175.2787,5,Inventory-position-based recommendation from Day 13.
62094B,TURQ ICE CREAM BUM BAG,0.0875,2011-11-26,2011-12-09,no_order_required,0,0.0000,0.0000,3,Inventory-position-based recommendation from Day 13.
62096A,PINK/YELLOW FLOWERS HANDBAG,0.0875,2011-11-26,2011-12-09,no_order_required,0,0.0000,0.0000,10,Inventory-position-based recommendation from Day 13.
62096B,PURPLE/TURQ FLOWERS HANDBAG,0.0875,2011-11-26,2011-12-09,no_order_required,0,0.0000,0.0000,7,Inventory-position-based recommendation from Day 13.
70006,LOVE HEART POCKET WARMER,0.8892,2011-11-26,2011-12-09,reorder_now,149,56.0471,123.5471,14,Inventory-position-based recommendation from Day 13.
70007,HI TEC ALPINE HAND WARMER,1.5711,2011-11-26,2011-12-09,reorder_now,92,54.9080,119.4080,14,Inventory-position-based recommendation from Day 13.
71038,WHITE HANGING BEADS CANDLE HOLDER,0.1553,2011-11-26,2011-12-09,reorder_now,29,18.2675,26.7675,14,Inventory-position-based recommendation from Day 13.
71053,WHITE MOROCCAN METAL LANTERN,1.9288,2011-11-26,2011-12-09,reorder_now,60,26.1319,58.2747,10,Inventory-position-based recommendation from Day 13.
71101E,STANDING FAIRY POLE SUPPORT,0.2341,2011-11-26,2011-12-09,reorder_now,12,6.6473,8.5758,3,Inventory-position-based recommendation from Day 13.
71143,ANTIQUE SILVER BOOK MARK WITH BEADS,0.0875,2011-11-26,2011-12-09,no_order_required,0,0.0000,0.0000,14,Inventory-position-based recommendation from Day 13.
71270,PHOTO CLIP LINE,0.3610,2011-11-26,2011-12-09,no_order_required,0,3.5815,6.8315,7,Inventory-position-based recommendation from Day 13.
71279,PINK GLASS CANDLEHOLDER,0.1094,2011-11-26,2011-12-09,no_order_required,0,0.0000,0.0000,3,Inventory-position-based recommendation from Day 13.
71403,"PINK/WHITE ""KEEP CLEAN"" BULLET BIN",0.1208,2011-11-26,2011-12-09,reorder_now,2,1.1646,1.4860,3,Inventory-position-based recommendation from Day 13.
71406C,BLACK ORANGE SQUEEZER,0.3205,2011-11-26,2011-12-09,reorder_now,13,6.2292,9.0149,3,Inventory-position-based recommendation from Day 13.
71459,HANGING JAM JAR T-LIGHT HOLDERS,7.2445,2011-11-26,2011-12-09,reorder_now,331,163.9718,235.5432,3,Inventory-position-based recommendation from Day 13.
71477,COLOURED GLASS STAR T-LIGHT HOLDER,10.0795,2011-11-26,2011-12-09,reorder_now,661,246.1463,385.4320,3,Inventory-position-based recommendation from Day 13.
72008,UNKNOWN,0.0875,2011-11-26,2011-12-09,no_order_required,0,0.0000,0.0000,3,Inventory-position-based recommendation from Day 13.
72023F,RED ORGANIC CANDLE IN GLASS,0.0875,2011-11-26,2011-12-09,no_order_required,0,0.0000,0.0000,10,Inventory-position-based recommendation from Day 13.
72051S,BAG OF SILVER STONES,0.0875,2011-11-26,2011-12-09,no_order_required,0,0.0000,0.0000,5,Inventory-position-based recommendation from Day 13.
72122,COFFEE SCENT PILLAR CANDLE,0.7862,2011-11-26,2011-12-09,reorder_now,35,16.9787,28.9429,5,Inventory-position-based recommendation from Day 13.
72127,COLUMBIAN CANDLE ROUND,0.2818,2011-11-26,2011-12-09,reorder_now,21,13.2768,19.7054,10,Inventory-position-based recommendation from Day 13.
72128,COLUMBIAN CANDLE ROUND,0.3024,2011-11-26,2011-12-09,reorder_now,8,7.4121,13.1264,10,Inventory-position-based recommendation from Day 13.
72130,COLUMBIAN CANDLE ROUND,0.3467,2011-11-26,2011-12-09,reorder_now,13,7.1717,9.7431,3,Inventory-position-based recommendation from Day 13.
72131,COLUMBIAN CANDLE RECTANGLE,0.2237,2011-11-26,2011-12-09,reorder_now,6,3.3515,4.6015,5,Inventory-position-based recommendation from Day 13.
72225C,LAVENDER SCENT CAKE CANDLE,0.3994,2011-11-26,2011-12-09,reorder_now,32,17.6093,22.7522,3,Inventory-position-based recommendation from Day 13.
72232,FENG SHUI PILLAR CANDLE,1.2002,2011-11-26,2011-12-09,reorder_now,294,137.5862,209.0148,5,Inventory-position-based recommendation from Day 13.
72349B,SET/6 PURPLE BUTTERFLY T-LIGHTS,2.5751,2011-11-26,2011-12-09,reorder_now,76,28.0195,64.5195,7,Inventory-position-based recommendation from Day 13.
72351A,SET/6 TURQUOISE BUTTERFLY T-LIGHTS,0.7759,2011-11-26,2011-12-09,reorder_now,14,10.9989,21.9989,7,Inventory-position-based recommendation from Day 13.
72351B,SET/6 PINK BUTTERFLY T-LIGHTS,1.3667,2011-11-26,2011-12-09,reorder_now,41,17.9931,33.8859,5,Inventory-position-based recommendation from Day 13.
72484,UNKNOWN,0.0875,2011-11-26,2011-12-09,no_order_required,0,0.0000,0.0000,5,Inventory-position-based recommendation from Day 13.
72586,SET OF 6 HALLOWEEN GHOST T-LIGHTS,0.1641,2011-11-26,2011-12-09,reorder_now,3,1.6088,2.6802,10,Inventory-position-based recommendation from Day 13.
72598,SET/12 TAPER CANDLES,1.4410,2011-11-26,2011-12-09,reorder_now,127,56.1838,79.7553,3,Inventory-position-based recommendation from Day 13.
72728,ROSE SCENT CANDLES IN GLASS,0.0875,2011-11-26,2011-12-09,no_order_required,0,0.0000,0.0000,3,Inventory-position-based recommendation from Day 13.
72741,GRAND CHOCOLATECANDLE,9.2974,2011-11-26,2011-12-09,reorder_now,460,219.2950,531.7950,10,Inventory-position-based recommendation from Day 13.
72750B,FLOWER FAIRY SET 3 CANDLES LAVENDER,0.0875,2011-11-26,2011-12-09,no_order_required,0,0.0000,0.0000,3,Inventory-position-based recommendation from Day 13.
72760B,VINTAGE CREAM 3 BASKET CAKE STAND,0.5281,2011-11-26,2011-12-09,reorder_now,23,7.0474,15.0474,7,Inventory-position-based recommendation from Day 13.
72780,BLACK SILOUETTE CANDLE PLATE,0.1593,2011-11-26,2011-12-09,reorder_now,4,4.3128,6.8128,10,Inventory-position-based recommendation from Day 13.
72789,BASKET/8 SCENTED LOVE TOKEN CANDLES,0.0875,2011-11-26,2011-12-09,no_order_required,0,0.0000,0.0000,14,Inventory-position-based recommendation from Day 13.
72799C,PINK PILLAR CANDLE SILVER FLOCK,0.5451,2011-11-26,2011-12-09,reorder_now,34,17.2970,24.2613,3,Inventory-position-based recommendation from Day 13.
72799E,IVORY PILLAR CANDLE SILVER FLOCK,1.1312,2011-11-26,2011-12-09,reorder_now,191,108.0855,150.0498,5,Inventory-position-based recommendation from Day 13.
72799F,IVORY PILLAR CANDLE GOLD FLOCK,0.1639,2011-11-26,2011-12-09,no_order_required,0,1.3651,1.7222,5,Inventory-position-based recommendation from Day 13.
72800A,UNKNOWN,0.0875,2011-11-26,2011-12-09,no_order_required,0,0.0000,0.0000,10,Inventory-position-based recommendation from Day 13.
72800B,4 PURPLE FLOCK DINNER CANDLES,0.8061,2011-11-26,2011-12-09,reorder_now,46,16.4905,26.0263,3,Inventory-position-based recommendation from Day 13.
72800C,4 PINK DINNER CANDLE SILVER FLOCK,0.5762,2011-11-26,2011-12-09,reorder_now,66,28.8382,54.9097,10,Inventory-position-based recommendation from Day 13.
72800D,4 BLUE DINNER CANDLES SILVER FLOCK,0.1621,2011-11-26,2011-12-09,reorder_now,4,2.0324,3.2824,7,Inventory-position-based recommendation from Day 13.
72800E,4 IVORY DINNER CANDLES SILVER FLOCK,1.7450,2011-11-26,2011-12-09,reorder_now,108,48.1173,106.3316,10,Inventory-position-based recommendation from Day 13.
72800F,4 IVORY DINNER CANDLES GOLD FLOCK,0.0875,2011-11-26,2011-12-09,no_order_required,0,0.0000,0.0000,7,Inventory-position-based recommendation from Day 13.
72801C,4 ROSE PINK DINNER CANDLES,0.2538,2011-11-26,2011-12-09,reorder_now,8,3.0040,4.9683,5,Inventory-position-based recommendation from Day 13.
72801D,4 SKY BLUE DINNER CANDLES,0.1983,2011-11-26,2011-12-09,reorder_now,7,4.8456,6.3456,3,Inventory-position-based recommendation from Day 13.
72801G,4 BURGUNDY WINE DINNER CANDLES,0.1137,2011-11-26,2011-12-09,reorder_now,10,6.8528,9.8528,14,Inventory-position-based recommendation from Day 13.
72802A,ROSE SCENT CANDLE IN JEWELLED BOX,0.2657,2011-11-26,2011-12-09,reorder_now,49,27.0622,36.7050,5,Inventory-position-based recommendation from Day 13.
72802B,OCEAN SCENT CANDLE IN JEWELLED BOX,0.1066,2011-11-26,2011-12-09,no_order_required,0,0.0000,0.0000,14,Inventory-position-based recommendation from Day 13.
72802C,VANILLA SCENT CANDLE JEWELLED BOX,0.1600,2011-11-26,2011-12-09,no_order_required,0,0.7337,0.9480,3,Inventory-position-based recommendation from Day 13.
72803A,ROSE SCENT CANDLE JEWELLED DRAWER,0.0954,2011-11-26,2011-12-09,no_order_required,0,0.0000,0.0000,3,Inventory-position-based recommendation from Day 13.
72803B,UNKNOWN,0.0875,2011-11-26,2011-12-09,no_order_required,0,0.0000,0.0000,5,Inventory-position-based recommendation from Day 13.
72807A,SET/3 ROSE CANDLE IN JEWELLED BOX,0.8074,2011-11-26,2011-12-09,reorder_now,81,46.6114,68.8614,7,Inventory-position-based recommendation from Day 13.
72807B,SET/3 OCEAN SCENT CANDLE JEWEL BOX,0.6317,2011-11-26,2011-12-09,reorder_now,57,32.1501,40.2929,3,Inventory-position-based recommendation from Day 13.
72807C,SET/3 VANILLA SCENTED CANDLE IN BOX,0.9470,2011-11-26,2011-12-09,reorder_now,361,207.4366,316.4366,14,Inventory-position-based recommendation from Day 13.
72814,UNKNOWN,0.0875,2011-11-26,2011-12-09,no_order_required,0,0.0000,0.0000,10,Inventory-position-based recommendation from Day 13.
72815,3 WICK CHRISTMAS BRIAR CANDLE,0.0875,2011-11-26,2011-12-09,no_order_required,0,0.0000,0.0000,7,Inventory-position-based recommendation from Day 13.
72816,SET/3 CHRISTMAS DECOUPAGE CANDLES,0.0875,2011-11-26,2011-12-09,no_order_required,0,0.0000,0.0000,10,Inventory-position-based recommendation from Day 13.
72817,UNKNOWN,3.0190,2011-11-26,2011-12-09,reorder_now,71,34.3789,53.1289,3,Inventory-position-based recommendation from Day 13.
72818,CHRISTMAS DECOUPAGE CANDLE,0.0885,2011-11-26,2011-12-09,no_order_required,0,0.0000,0.0000,3,Inventory-position-based recommendation from Day 13.
72819,CUPID DESIGN SCENTED CANDLES,0.4368,2011-11-26,2011-12-09,reorder_now,42,18.5172,26.2315,3,Inventory-position-based recommendation from Day 13.
75013B,UNKNOWN,0.0875,2011-11-26,2011-12-09,no_order_required,0,0.0000,0.0000,14,Inventory-position-based recommendation from Day 13.
75049L,LARGE CIRCULAR MIRROR MOBILE,3.2823,2011-11-26,2011-12-09,reorder_now,750,407.3840,636.6698,10,Inventory-position-based recommendation from Day 13.
75131,METAL TUBE CHIME ON BAMBOO,0.0875,2011-11-26,2011-12-09,no_order_required,0,0.0000,0.0000,10,Inventory-position-based recommendation from Day 13.
77101A,UNKNOWN,0.0875,2011-11-26,2011-12-09,no_order_required,0,0.0000,0.0000,5,Inventory-position-based recommendation from Day 13.
79000,MOROCCAN TEA GLASS,0.0875,2011-11-26,2011-12-09,no_order_required,0,0.0000,0.0000,10,Inventory-position-based recommendation from Day 13.
79026B,"S/4 ICON COASTER,ELVIS LIVES",0.0875,2011-11-26,2011-12-09,no_order_required,0,0.0000,0.0000,14,Inventory-position-based recommendation from Day 13.
79029,UNKNOWN,0.0875,2011-11-26,2011-12-09,no_order_required,0,0.0000,0.0000,3,Inventory-position-based recommendation from Day 13.
79030D,TUMBLER BAROQUE,0.1050,2011-11-26,2011-12-09,no_order_required,0,0.0000,0.0000,7,Inventory-position-based recommendation from Day 13.
79030G,TUMBLER NEW ENGLAND,0.0875,2011-11-26,2011-12-09,no_order_required,0,0.0000,0.0000,10,Inventory-position-based recommendation from Day 13.
79051A,SMOKEY GREY COLOUR GLASS,0.8340,2011-11-26,2011-12-09,reorder_now,56,24.1769,37.2483,3,Inventory-position-based recommendation from Day 13.
79066K,RETRO MOD TRAY,2.4011,2011-11-26,2011-12-09,reorder_now,62,53.9566,119.4566,14,Inventory-position-based recommendation from Day 13.
79067,CORONA MEXICAN TRAY,0.0875,2011-11-26,2011-12-09,no_order_required,0,0.0000,0.0000,14,Inventory-position-based recommendation from Day 13.
79071B,ENGLISH ROSE METAL WASTE BIN,0.0875,2011-11-26,2011-12-09,no_order_required,0,0.0000,0.0000,14,Inventory-position-based recommendation from Day 13.
79072,TEATIME CAKE TIN WITH HANDLE,0.0875,2011-11-26,2011-12-09,no_order_required,0,0.0000,0.0000,10,Inventory-position-based recommendation from Day 13.
79144B,PAINTED LIGHTBULB STAR+ MOON,0.3632,2011-11-26,2011-12-09,reorder_now,12,6.4814,11.2314,7,Inventory-position-based recommendation from Day 13.
79144C,PAINTED LIGHTBULB RAINBOW DESIGN,0.2225,2011-11-26,2011-12-09,reorder_now,3,2.6107,4.2178,5,Inventory-position-based recommendation from Day 13.
79160,HEART SHAPE WIRELESS DOORBELL,0.5181,2011-11-26,2011-12-09,reorder_now,14,7.9923,16.2066,10,Inventory-position-based recommendation from Day 13.
79163,BLACK CHAMPAGNE GLASS,0.0875,2011-11-26,2011-12-09,no_order_required,0,0.0000,0.0000,10,Inventory-position-based recommendation from Day 13.
79164,BLACK WINE GLASS,0.1001,2011-11-26,2011-12-09,no_order_required,0,0.0000,0.0000,3,Inventory-position-based recommendation from Day 13.
79190A,RETRO PLASTIC 70'S TRAY,0.6174,2011-11-26,2011-12-09,reorder_now,46,20.5513,37.0513,7,Inventory-position-based recommendation from Day 13.
79190B,RETRO PLASTIC POLKA TRAY,0.7080,2011-11-26,2011-12-09,reorder_now,64,31.7141,56.2141,7,Inventory-position-based recommendation from Day 13.
79190D,RETRO PLASTIC DAISY TRAY,0.3068,2011-11-26,2011-12-09,reorder_now,28,18.4883,30.9883,14,Inventory-position-based recommendation from Day 13.
79191B,RETRO PLASTIC POLKA TRAY,0.2175,2011-11-26,2011-12-09,reorder_now,38,20.5195,38.0195,14,Inventory-position-based recommendation from Day 13.
79191C,RETRO PLASTIC ELEPHANT TRAY,0.6929,2011-11-26,2011-12-09,reorder_now,324,178.9071,282.9071,14,Inventory-position-based recommendation from Day 13.
79191D,RETRO PLASTIC DAISY TRAY,0.1780,2011-11-26,2011-12-09,reorder_now,14,7.2335,12.7335,14,Inventory-position-based recommendation from Day 13.
79192A,RETRO PLASTIC 70'S TRAY,0.0875,2011-11-26,2011-12-09,no_order_required,0,0.0000,0.0000,3,Inventory-position-based recommendation from Day 13.
79302M,"ART LIGHTS,FUNK MONKEY",0.7001,2011-11-26,2011-12-09,reorder_now,56,30.1967,49.9467,7,Inventory-position-based recommendation from Day 13.
79320,FLAMINGO LIGHTS,0.0875,2011-11-26,2011-12-09,no_order_required,0,0.0000,0.0000,7,Inventory-position-based recommendation from Day 13.
79321,CHILLI LIGHTS,14.0314,2011-11-26,2011-12-09,reorder_now,1736,644.0730,1338.0016,10,Inventory-position-based recommendation from Day 13.
79323B,BLACK CHERRY LIGHTS,0.0875,2011-11-26,2011-12-09,no_order_required,0,0.0000,0.0000,14,Inventory-position-based recommendation from Day 13.
79323G,GOLD CHERRY LIGHTS,0.0875,2011-11-26,2011-12-09,no_order_required,0,0.0000,0.0000,10,Inventory-position-based recommendation from Day 13.
79323GR,GREEN CHERRY LIGHTS,0.0875,2011-11-26,2011-12-09,no_order_required,0,0.0000,0.0000,7,Inventory-position-based recommendation from Day 13.
79323LP,LIGHT PINK CHERRY LIGHTS,0.0875,2011-11-26,2011-12-09,no_order_required,0,0.0000,0.0000,5,Inventory-position-based recommendation from Day 13.
79323P,PINK CHERRY LIGHTS,0.0875,2011-11-26,2011-12-09,no_order_required,0,0.0000,0.0000,7,Inventory-position-based recommendation from Day 13.
79323S,SILVER CHERRY LIGHTS,0.0875,2011-11-26,2011-12-09,no_order_required,0,0.0000,0.0000,3,Inventory-position-based recommendation from Day 13.
79323W,WHITE CHERRY LIGHTS,0.0875,2011-11-26,2011-12-09,no_order_required,0,0.0000,0.0000,5,Inventory-position-based recommendation from Day 13.
79341,WILLOW BRANCH LIGHTS.,0.0875,2011-11-26,2011-12-09,no_order_required,0,0.0000,0.0000,3,Inventory-position-based recommendation from Day 13.
79342B,BROWN FLOWER LIGHTS,0.0875,2011-11-26,2011-12-09,no_order_required,0,0.0000,0.0000,7,Inventory-position-based recommendation from Day 13.
79403,FROSTED WHITE BASE,0.1102,2011-11-26,2011-12-09,no_order_required,0,0.5287,0.6358,3,Inventory-position-based recommendation from Day 13.
81950B,FLOWER BLUE CLOCK WITH SUCKER,0.0875,2011-11-26,2011-12-09,no_order_required,0,0.0000,0.0000,3,Inventory-position-based recommendation from Day 13.
81952V,ROUND PURPLE CLOCK WITH SUCKER,0.2022,2011-11-26,2011-12-09,reorder_now,4,3.3515,4.6015,5,Inventory-position-based recommendation from Day 13.
82001S,SILVER RECORD COVER FRAME,2.8632,2011-11-26,2011-12-09,reorder_now,149,69.1182,135.9039,10,Inventory-position-based recommendation from Day 13.
82011A,"BATHROOM SCALES, TROPICAL BEACH",0.0975,2011-11-26,2011-12-09,reorder_now,1,1.0574,1.2717,3,Inventory-position-based recommendation from Day 13.
82011B,BATHROOM SCALES RUBBER DUCKS,0.1943,2011-11-26,2011-12-09,reorder_now,11,8.1771,11.1771,7,Inventory-position-based recommendation from Day 13.
82011C,BATHROOM SCALES FOOTPRINTS IN SAND,0.1950,2011-11-26,2011-12-09,reorder_now,15,9.7735,14.0593,10,Inventory-position-based recommendation from Day 13.
82095,HEART BUTTONS JEWELLERY BOX,0.0875,2011-11-26,2011-12-09,no_order_required,0,0.0000,0.0000,5,Inventory-position-based recommendation from Day 13.
82482,WOODEN PICTURE FRAME WHITE FINISH,12.2803,2011-11-26,2011-12-09,reorder_now,505,158.7049,487.7049,14,Inventory-position-based recommendation from Day 13.
82483,WOOD 2 DRAWER CABINET WHITE FINISH,6.4017,2011-11-26,2011-12-09,no_order_required,0,63.8099,163.0956,10,Inventory-position-based recommendation from Day 13.
82484,WOOD BLACK BOARD ANT WHITE FINISH,6.0965,2011-11-26,2011-12-09,reorder_now,566,262.9837,543.4837,14,Inventory-position-based recommendation from Day 13.
82486,3 DRAWER ANTIQUE WHITE WOOD CABINET,6.0074,2011-11-26,2011-12-09,reorder_now,81,39.0527,87.9813,5,Inventory-position-based recommendation from Day 13.
82494L,WOODEN FRAME ANTIQUE WHITE,13.6886,2011-11-26,2011-12-09,reorder_now,769,202.1262,691.6262,14,Inventory-position-based recommendation from Day 13.
82551,LAUNDRY 15C METAL SIGN,4.9516,2011-11-26,2011-12-09,reorder_now,317,238.7228,452.2228,14,Inventory-position-based recommendation from Day 13.
82552,WASHROOM METAL SIGN,4.1843,2011-11-26,2011-12-09,reorder_now,169,86.8697,152.8697,7,Inventory-position-based recommendation from Day 13.
82567,"AIRLINE LOUNGE,METAL SIGN",2.0707,2011-11-26,2011-12-09,reorder_now,38,20.2809,47.0309,7,Inventory-position-based recommendation from Day 13.
82578,KITCHEN METAL SIGN,2.3564,2011-11-26,2011-12-09,reorder_now,466,254.0938,386.9509,10,Inventory-position-based recommendation from Day 13.
82580,BATHROOM METAL SIGN,6.7368,2011-11-26,2011-12-09,reorder_now,218,76.8206,128.3563,3,Inventory-position-based recommendation from Day 13.
82581,TOILET METAL SIGN,4.6521,2011-11-26,2011-12-09,reorder_now,272,116.1726,253.6726,10,Inventory-position-based recommendation from Day 13.
82582,AREA PATROLLED METAL SIGN,5.2387,2011-11-26,2011-12-09,reorder_now,245,110.6850,214.9350,7,Inventory-position-based recommendation from Day 13.
82583,HOT BATHS METAL SIGN,11.3735,2011-11-26,2011-12-09,reorder_now,633,231.5791,463.5791,7,Inventory-position-based recommendation from Day 13.
82585,UNKNOWN,0.0875,2011-11-26,2011-12-09,no_order_required,0,0.0000,0.0000,7,Inventory-position-based recommendation from Day 13.
82587,TEXRIO TOMATOES CANDLE+CUP,0.0875,2011-11-26,2011-12-09,no_order_required,0,0.0000,0.0000,3,Inventory-position-based recommendation from Day 13.
82597,UNKNOWN,0.0875,2011-11-26,2011-12-09,no_order_required,0,0.0000,0.0000,3,Inventory-position-based recommendation from Day 13.
82599,UNKNOWN,0.0875,2011-11-26,2011-12-09,no_order_required,0,0.0000,0.0000,10,Inventory-position-based recommendation from Day 13.
82600,N0 SINGING METAL SIGN,2.6286,2011-11-26,2011-12-09,reorder_now,759,361.2894,492.2180,3,Inventory-position-based recommendation from Day 13.
82605,UNKNOWN,0.0875,2011-11-26,2011-12-09,no_order_required,0,0.0000,0.0000,7,Inventory-position-based recommendation from Day 13.
82607A,UNKNOWN,0.0875,2011-11-26,2011-12-09,no_order_required,0,0.0000,0.0000,10,Inventory-position-based recommendation from Day 13.
82613A,Amazon,0.0875,2011-11-26,2011-12-09,no_order_required,0,0.0000,0.0000,7,Inventory-position-based recommendation from Day 13.
82613B,"METAL SIGN,CUPCAKE SINGLE HOOK",0.1603,2011-11-26,2011-12-09,no_order_required,0,1.9162,2.9162,7,Inventory-position-based recommendation from Day 13.
82613C,"METAL SIGN,CUPCAKE SINGLE HOOK",0.2284,2011-11-26,2011-12-09,reorder_now,17,11.3971,17.8257,10,Inventory-position-based recommendation from Day 13.
82613D,METAL SIGN CUPCAKE SINGLE HOOK,0.1734,2011-11-26,2011-12-09,reorder_now,8,4.7681,5.8395,3,Inventory-position-based recommendation from Day 13.
82615,PINK MARSHMALLOW SCARF KNITTING KIT,0.0875,2011-11-26,2011-12-09,no_order_required,0,0.0000,0.0000,3,Inventory-position-based recommendation from Day 13.
82616A,BUBBLE GUM SCARF KNITTING KIT,0.0875,2011-11-26,2011-12-09,no_order_required,0,0.0000,0.0000,3,Inventory-position-based recommendation from Day 13.
82616B,FRAPPUCINO SCARF KNITTING KIT,1.2103,2011-11-26,2011-12-09,reorder_now,15,8.1164,13.3664,3,Inventory-position-based recommendation from Day 13.
82616C,MIDNIGHT GLAMOUR SCARF KNITTING KIT,1.4077,2011-11-26,2011-12-09,reorder_now,31,14.5960,26.9175,5,Inventory-position-based recommendation from Day 13.
84006,MAGIC TREE -PAPER FLOWERS,3.9426,2011-11-26,2011-12-09,reorder_now,191,71.0441,145.7941,7,Inventory-position-based recommendation from Day 13.
84007,MAGIC GARDEN MOUNT FUJI,0.0875,2011-11-26,2011-12-09,no_order_required,0,0.0000,0.0000,3,Inventory-position-based recommendation from Day 13.
84012,MAGIC SHEEP WOOL GROWING FROM PAPER,4.4236,2011-11-26,2011-12-09,reorder_now,392,137.4842,322.4842,14,Inventory-position-based recommendation from Day 13.
84016,FLAG OF ST GEORGE CAR FLAG,0.0875,2011-11-26,2011-12-09,no_order_required,0,0.0000,0.0000,5,Inventory-position-based recommendation from Day 13.
84029E,RED WOOLLY HOTTIE WHITE HEART.,12.9854,2011-11-26,2011-12-09,reorder_now,810,368.0016,686.0016,7,Inventory-position-based recommendation from Day 13.
84029G,KNITTED UNION FLAG HOT WATER BOTTLE,10.1554,2011-11-26,2011-12-09,reorder_now,188,60.8319,122.9748,3,Inventory-position-based recommendation from Day 13.
84030E,ENGLISH ROSE HOT WATER BOTTLE,6.6693,2011-11-26,2011-12-09,reorder_now,224,98.7235,255.7235,14,Inventory-position-based recommendation from Day 13.
84031A,CHARLIE+LOLA RED HOT WATER BOTTLE,1.5025,2011-11-26,2011-12-09,reorder_now,78,36.9723,71.7223,7,Inventory-position-based recommendation from Day 13.
84031B,CHARLIE LOLA BLUE HOT WATER BOTTLE,0.8413,2011-11-26,2011-12-09,reorder_now,36,14.2415,28.7415,7,Inventory-position-based recommendation from Day 13.
84032A,CHARLIE+LOLA PINK HOT WATER BOTTLE,4.3666,2011-11-26,2011-12-09,reorder_now,121,54.0006,122.2506,7,Inventory-position-based recommendation from Day 13.
84032B,CHARLIE + LOLA RED HOT WATER BOTTLE,4.2697,2011-11-26,2011-12-09,reorder_now,321,163.5631,272.8131,7,Inventory-position-based recommendation from Day 13.
84033,FLAG OF ST GEORGE,0.0875,2011-11-26,2011-12-09,no_order_required,0,0.0000,0.0000,10,Inventory-position-based recommendation from Day 13.
84050,check,0.0961,2011-11-26,2011-12-09,no_order_required,0,0.0000,0.0000,14,Inventory-position-based recommendation from Day 13.
84051,ASS COLOUR GLOWING TIARAS,0.3503,2011-11-26,2011-12-09,reorder_now,35,21.3713,35.2999,10,Inventory-position-based recommendation from Day 13.
84077,WORLD WAR 2 GLIDERS ASSTD DESIGNS,17.8815,2011-11-26,2011-12-09,reorder_now,2162,479.7681,1477.5181,7,Inventory-position-based recommendation from Day 13.
84078A,SET/4 WHITE RETRO STORAGE CUBES,0.3574,2011-11-26,2011-12-09,reorder_now,5,2.2199,3.7199,3,Inventory-position-based recommendation from Day 13.
84086C,PINK/PURPLE RETRO RADIO,0.3512,2011-11-26,2011-12-09,reorder_now,63,36.3022,57.0165,10,Inventory-position-based recommendation from Day 13.
84192,ASSORTED COLOUR METAL CAT,0.4012,2011-11-26,2011-12-09,reorder_now,29,14.4791,24.8363,10,Inventory-position-based recommendation from Day 13.
84199,GLOW IN DARK DOLPHINS,0.7130,2011-11-26,2011-12-09,reorder_now,21,9.4637,13.8566,3,Inventory-position-based recommendation from Day 13.
84212,"ASSORTED FLOWER COLOUR ""LEIS""",1.0089,2011-11-26,2011-12-09,reorder_now,961,547.9413,830.4413,14,Inventory-position-based recommendation from Day 13.
84218,BOX/12 CHICK & EGG IN BASKET,0.0875,2011-11-26,2011-12-09,no_order_required,0,0.0000,0.0000,10,Inventory-position-based recommendation from Day 13.
84228,HEN HOUSE WITH CHICK STANDING,0.2028,2011-11-26,2011-12-09,reorder_now,10,6.3444,7.6301,3,Inventory-position-based recommendation from Day 13.
84231,EASTER BUNNY WITH BASKET ON BACK,0.0930,2011-11-26,2011-12-09,no_order_required,0,0.0000,0.0000,14,Inventory-position-based recommendation from Day 13.
84247E,PACK OF 12 CHRISTMAS FUN CARDS,0.5541,2011-11-26,2011-12-09,reorder_now,25,12.4981,17.2124,3,Inventory-position-based recommendation from Day 13.
84247G,"DECOUPAGE,GREETING CARD,",0.0875,2011-11-26,2011-12-09,no_order_required,0,0.0000,0.0000,7,Inventory-position-based recommendation from Day 13.
84247L,FAWN AND MUSHROOM GREETING CARD,0.0875,2011-11-26,2011-12-09,no_order_required,0,0.0000,0.0000,10,Inventory-position-based recommendation from Day 13.
84247N,PACK/12 BLUE FOLKART CARDS,0.1369,2011-11-26,2011-12-09,no_order_required,0,1.7789,2.5289,7,Inventory-position-based recommendation from Day 13.
84249A,"GREETING CARD,SQUARE, DOUGHNUTS",0.1094,2011-11-26,2011-12-09,no_order_required,0,1.3396,2.0539,10,Inventory-position-based recommendation from Day 13.
84249D,FAIRY CAKE GREETINGS CARD,0.0875,2011-11-26,2011-12-09,no_order_required,0,0.0000,0.0000,10,Inventory-position-based recommendation from Day 13.
84251B,"GREETING CARD, STICKY GORDON",0.0875,2011-11-26,2011-12-09,no_order_required,0,0.0000,0.0000,14,Inventory-position-based recommendation from Day 13.
84251C,"GREETING CARD, TWO SISTERS.",0.0875,2011-11-26,2011-12-09,no_order_required,0,0.0000,0.0000,10,Inventory-position-based recommendation from Day 13.
84251F,UNKNOWN,0.0875,2011-11-26,2011-12-09,no_order_required,0,0.0000,0.0000,5,Inventory-position-based recommendation from Day 13.
84251G,"GREETING CARD, OVERCROWDED POOL.",0.2640,2011-11-26,2011-12-09,reorder_now,31,16.1185,25.3685,7,Inventory-position-based recommendation from Day 13.
84270,UNKNOWN,0.0875,2011-11-26,2011-12-09,no_order_required,0,0.0000,0.0000,3,Inventory-position-based recommendation from Day 13.
84279B,CHERRY BLOSSOM DECORATIVE FLASK,0.0875,2011-11-26,2011-12-09,no_order_required,0,0.0000,0.0000,3,Inventory-position-based recommendation from Day 13.
84279P,CHERRY BLOSSOM DECORATIVE FLASK,0.9408,2011-11-26,2011-12-09,reorder_now,33,17.5016,40.5016,14,Inventory-position-based recommendation from Day 13.
84313B,BLUE TV TRAY TABLE,0.0875,2011-11-26,2011-12-09,no_order_required,0,0.0000,0.0000,3,Inventory-position-based recommendation from Day 13.
84313C,ORANGE TV TRAY TABLE,0.0875,2011-11-26,2011-12-09,no_order_required,0,0.0000,0.0000,3,Inventory-position-based recommendation from Day 13.
84327A,PINK JUMPER LARRY THE LAMB,0.0875,2011-11-26,2011-12-09,no_order_required,0,0.0000,0.0000,7,Inventory-position-based recommendation from Day 13.
84341B,SMALL PINK MAGIC CHRISTMAS TREE,0.1101,2011-11-26,2011-12-09,reorder_now,6,4.5685,6.5685,14,Inventory-position-based recommendation from Day 13.
84347,ROTATING SILVER ANGELS T-LIGHT HLDR,17.2069,2011-11-26,2011-12-09,reorder_now,1638,487.4928,1050.8856,5,Inventory-position-based recommendation from Day 13.
84352,SILVER CHRISTMAS TREE BAUBLE STAND,0.0875,2011-11-26,2011-12-09,no_order_required,0,0.0000,0.0000,10,Inventory-position-based recommendation from Day 13.
84356,POMPOM CURTAIN,0.3329,2011-11-26,2011-12-09,reorder_now,44,21.8635,34.3635,7,Inventory-position-based recommendation from Day 13.
84360,TABLE LAMP WHITE SHADE WOOD BASE,0.1847,2011-11-26,2011-12-09,reorder_now,3,1.9198,2.5627,3,Inventory-position-based recommendation from Day 13.
84375,SET OF 20 KIDS COOKIE CUTTERS,10.0918,2011-11-26,2011-12-09,reorder_now,166,81.7852,178.7495,5,Inventory-position-based recommendation from Day 13.
84378,SET OF 3 HEART COOKIE CUTTERS,11.2693,2011-11-26,2011-12-09,reorder_now,1786,882.8994,1588.3994,14,Inventory-position-based recommendation from Day 13.
84380,SET OF 3 BUTTERFLY COOKIE CUTTERS,8.6768,2011-11-26,2011-12-09,reorder_now,323,143.9658,399.4658,14,Inventory-position-based recommendation from Day 13.
84396,6 HOOK JEWELLERY STAND BLACK DRESS,0.0875,2011-11-26,2011-12-09,no_order_required,0,0.0000,0.0000,3,Inventory-position-based recommendation from Day 13.
84405A,S/3 PINK COL METAL BASKET W HANDLE,0.0875,2011-11-26,2011-12-09,no_order_required,0,0.0000,0.0000,3,Inventory-position-based recommendation from Day 13.
84406B,CREAM CUPID HEARTS COAT HANGER,1.0820,2011-11-26,2011-12-09,reorder_now,45,23.7971,43.0471,7,Inventory-position-based recommendation from Day 13.
84422,PINK/BLUE DISC/MIRROR STRING,0.0875,2011-11-26,2011-12-09,no_order_required,0,0.0000,0.0000,5,Inventory-position-based recommendation from Day 13.
84429A,MEDIUM PINK BUDDHA HEAD,0.2172,2011-11-26,2011-12-09,reorder_now,19,11.6709,17.0280,10,Inventory-position-based recommendation from Day 13.
84450B,PINK/YELLOW RABBIT SAT EASTER,0.0875,2011-11-26,2011-12-09,no_order_required,0,0.0000,0.0000,7,Inventory-position-based recommendation from Day 13.
84452,METAL RABBIT LADDER EASTER,0.0875,2011-11-26,2011-12-09,no_order_required,0,0.0000,0.0000,14,Inventory-position-based recommendation from Day 13.
84457,SET/3 RABBITS FLOWER SKIPPPING ROPE,0.1024,2011-11-26,2011-12-09,no_order_required,0,0.0000,0.0000,5,Inventory-position-based recommendation from Day 13.
84459A,PINK METAL CHICKEN HEART,0.0880,2011-11-26,2011-12-09,no_order_required,0,0.0000,0.0000,14,Inventory-position-based recommendation from Day 13.
84459B,UNKNOWN,0.0875,2011-11-26,2011-12-09,no_order_required,0,0.0000,0.0000,10,Inventory-position-based recommendation from Day 13.
84461,12 PINK HEN+CHICKS IN BASKET,0.0875,2011-11-26,2011-12-09,no_order_required,0,0.0000,0.0000,3,Inventory-position-based recommendation from Day 13.
84466,TOP SECRET PEN SET,0.0875,2011-11-26,2011-12-09,no_order_required,0,0.0000,0.0000,7,Inventory-position-based recommendation from Day 13.
84467,ENGLISH ROSE DESIGN QUILTED THROW,0.0875,2011-11-26,2011-12-09,no_order_required,0,0.0000,0.0000,5,Inventory-position-based recommendation from Day 13.
84497,BUTTONS AND STRIPES NOTEBOOK,0.0954,2011-11-26,2011-12-09,no_order_required,0,1.1421,1.6421,14,Inventory-position-based recommendation from Day 13.
84499,BLACK FLOWER CANDLE PLATE,0.0875,2011-11-26,2011-12-09,no_order_required,0,0.0000,0.0000,14,Inventory-position-based recommendation from Day 13.
84507B,STRIPES DESIGN MONKEY DOLL,0.0875,2011-11-26,2011-12-09,no_order_required,0,0.0000,0.0000,5,Inventory-position-based recommendation from Day 13.
84507C,adjustment,0.0875,2011-11-26,2011-12-09,no_order_required,0,0.0000,0.0000,5,Inventory-position-based recommendation from Day 13.
84508A,CAMOUFLAGE DESIGN TEDDY,0.0875,2011-11-26,2011-12-09,no_order_required,0,0.0000,0.0000,3,Inventory-position-based recommendation from Day 13.
84508B,STRIPES DESIGN TEDDY,0.1761,2011-11-26,2011-12-09,reorder_now,5,3.0496,4.2996,5,Inventory-position-based recommendation from Day 13.
84508C,BLUE CIRCLES DESIGN TEDDY,0.1488,2011-11-26,2011-12-09,reorder_now,4,2.5253,3.5253,7,Inventory-position-based recommendation from Day 13.
84509A,SET OF 4 ENGLISH ROSE PLACEMATS,1.7623,2011-11-26,2011-12-09,reorder_now,28,15.4399,43.2971,10,Inventory-position-based recommendation from Day 13.
84509B,SET OF 4 FAIRY CAKE PLACEMATS,0.3285,2011-11-26,2011-12-09,reorder_now,23,12.5451,20.2951,7,Inventory-position-based recommendation from Day 13.
84509C,SET OF 4 POLKADOT PLACEMATS,0.3213,2011-11-26,2011-12-09,reorder_now,7,3.9916,5.5988,3,Inventory-position-based recommendation from Day 13.
84509E,SET OF 4 CAROUSEL PLACEMATS,0.1554,2011-11-26,2011-12-09,reorder_now,18,11.6723,16.6723,10,Inventory-position-based recommendation from Day 13.
84509F,SET OF 4 NEW ENGLAND PLACEMATS,0.0875,2011-11-26,2011-12-09,no_order_required,0,0.0000,0.0000,14,Inventory-position-based recommendation from Day 13.
84509G,SET OF 4 FAIRY CAKE PLACEMATS,0.4468,2011-11-26,2011-12-09,reorder_now,35,16.1179,30.4036,10,Inventory-position-based recommendation from Day 13.
84510A,SET OF 4 ENGLISH ROSE COASTERS,1.8168,2011-11-26,2011-12-09,reorder_now,59,27.2449,61.2449,7,Inventory-position-based recommendation from Day 13.
84510B,UNKNOWN,0.0875,2011-11-26,2011-12-09,no_order_required,0,0.0000,0.0000,7,Inventory-position-based recommendation from Day 13.
84510C,SET OF 4 POLKADOT COASTERS,0.3365,2011-11-26,2011-12-09,reorder_now,17,8.1297,16.1297,14,Inventory-position-based recommendation from Day 13.
84510E,SET OF 4 GREEN CAROUSEL COASTERS,0.1640,2011-11-26,2011-12-09,reorder_now,3,3.4203,5.2061,10,Inventory-position-based recommendation from Day 13.
84510F,SET OF 4 NEW ENGLAND COASTERS,0.0875,2011-11-26,2011-12-09,no_order_required,0,0.0000,0.0000,7,Inventory-position-based recommendation from Day 13.
84519A,TOMATO CHARLIE+LOLA COASTER SET,1.0101,2011-11-26,2011-12-09,reorder_now,51,26.9638,53.3924,10,Inventory-position-based recommendation from Day 13.
84519B,CARROT CHARLIE+LOLA COASTER SET,1.0317,2011-11-26,2011-12-09,reorder_now,29,11.4972,24.4972,7,Inventory-position-based recommendation from Day 13.
84520B,PACK 20 ENGLISH ROSE PAPER NAPKINS,0.0875,2011-11-26,2011-12-09,no_order_required,0,0.0000,0.0000,5,Inventory-position-based recommendation from Day 13.
84520D,UNKNOWN,0.0875,2011-11-26,2011-12-09,no_order_required,0,0.0000,0.0000,14,Inventory-position-based recommendation from Day 13.
84526,GIANT BLACK SUNGLASSES,0.0875,2011-11-26,2011-12-09,no_order_required,0,0.0000,0.0000,7,Inventory-position-based recommendation from Day 13.
84531A,returned,0.0875,2011-11-26,2011-12-09,no_order_required,0,0.0000,0.0000,10,Inventory-position-based recommendation from Day 13.
84531B,returned,0.0875,2011-11-26,2011-12-09,no_order_required,0,0.0000,0.0000,14,Inventory-position-based recommendation from Day 13.
84534B,FAIRY CAKE NOTEBOOK A5 SIZE,0.0875,2011-11-26,2011-12-09,no_order_required,0,0.0000,0.0000,14,Inventory-position-based recommendation from Day 13.
84535A,ENGLISH ROSE NOTEBOOK A6 SIZE,0.0875,2011-11-26,2011-12-09,no_order_required,0,0.0000,0.0000,10,Inventory-position-based recommendation from Day 13.
84535B,FAIRY CAKES NOTEBOOK A6 SIZE,1.7674,2011-11-26,2011-12-09,reorder_now,62,28.3927,41.9998,3,Inventory-position-based recommendation from Day 13.
84536A,ENGLISH ROSE NOTEBOOK A7 SIZE,8.1150,2011-11-26,2011-12-09,reorder_now,221,60.2755,118.0255,3,Inventory-position-based recommendation from Day 13.
84536B,FAIRY CAKES NOTEBOOK A7 SIZE,1.2086,2011-11-26,2011-12-09,reorder_now,108,58.8996,97.1496,7,Inventory-position-based recommendation from Day 13.
84558A,3D DOG PICTURE PLAYING CARDS,0.5428,2011-11-26,2011-12-09,reorder_now,16,12.1061,19.8561,7,Inventory-position-based recommendation from Day 13.
84559A,3D SHEET OF DOG STICKERS,0.6070,2011-11-26,2011-12-09,no_order_required,0,4.3128,11.8128,10,Inventory-position-based recommendation from Day 13.
84559B,3D SHEET OF CAT STICKERS,0.0883,2011-11-26,2011-12-09,no_order_required,0,0.0000,0.0000,7,Inventory-position-based recommendation from Day 13.
84559D,3D SHEET OF SEA WORLD STICKERS,0.0875,2011-11-26,2011-12-09,no_order_required,0,0.0000,0.0000,10,Inventory-position-based recommendation from Day 13.
84562A,PINK/WHITE RIBBED MELAMINE JUG,0.0875,2011-11-26,2011-12-09,no_order_required,0,0.0000,0.0000,10,Inventory-position-based recommendation from Day 13.
84563A,PINK & WHITE BREAKFAST TRAY,0.0875,2011-11-26,2011-12-09,no_order_required,0,0.0000,0.0000,7,Inventory-position-based recommendation from Day 13.
84563B,BLUE & WHITE BREAKFAST TRAY,0.0875,2011-11-26,2011-12-09,no_order_required,0,0.0000,0.0000,3,Inventory-position-based recommendation from Day 13.
84568,GIRLS ALPHABET IRON ON PATCHES,5.4435,2011-11-26,2011-12-09,reorder_now,621,256.6044,380.8901,3,Inventory-position-based recommendation from Day 13.
84569A,PACK 3 IRON ON DOG PATCHES,0.2001,2011-11-26,2011-12-09,no_order_required,0,2.7989,4.5846,10,Inventory-position-based recommendation from Day 13.
84569B,PACK 3 FIRE ENGINE/CAR PATCHES,0.0875,2011-11-26,2011-12-09,no_order_required,0,0.0000,0.0000,5,Inventory-position-based recommendation from Day 13.
84569C,PACK 4 FLOWER/BUTTERFLY PATCHES,0.0875,2011-11-26,2011-12-09,no_order_required,0,0.0000,0.0000,14,Inventory-position-based recommendation from Day 13.
84569D,PACK 6 HEART/ICE-CREAM PATCHES,0.1881,2011-11-26,2011-12-09,reorder_now,3,2.2903,3.7189,10,Inventory-position-based recommendation from Day 13.
84578,ELEPHANT TOY WITH BLUE T-SHIRT,0.0875,2011-11-26,2011-12-09,no_order_required,0,0.0000,0.0000,3,Inventory-position-based recommendation from Day 13.
84580,MOUSE TOY WITH PINK T-SHIRT,1.3616,2011-11-26,2011-12-09,reorder_now,34,14.2273,26.5487,5,Inventory-position-based recommendation from Day 13.
84581,DOG TOY WITH PINK CROCHET SKIRT,0.4110,2011-11-26,2011-12-09,reorder_now,8,5.4819,9.9819,7,Inventory-position-based recommendation from Day 13.
84584,PINK GINGHAM CAT WITH SCARF,0.0875,2011-11-26,2011-12-09,no_order_required,0,0.0000,0.0000,14,Inventory-position-based recommendation from Day 13.
84592,CROCHET ROSE PURSE WITH SUEDE BACK,0.2198,2011-11-26,2011-12-09,reorder_now,9,5.6879,8.0094,5,Inventory-position-based recommendation from Day 13.
84595E,LARGE TORTILLA DESIGN RED BOWL,0.0875,2011-11-26,2011-12-09,no_order_required,0,0.0000,0.0000,10,Inventory-position-based recommendation from Day 13.
84596B,SMALL DOLLY MIX DESIGN ORANGE BOWL,10.3372,2011-11-26,2011-12-09,reorder_now,238,76.9152,181.7366,5,Inventory-position-based recommendation from Day 13.
84596E,UNKNOWN,0.0875,2011-11-26,2011-12-09,no_order_required,0,0.0000,0.0000,3,Inventory-position-based recommendation from Day 13.
84596F,SMALL MARSHMALLOWS PINK BOWL,8.3587,2011-11-26,2011-12-09,reorder_now,210,114.1926,350.1926,14,Inventory-position-based recommendation from Day 13.
84596G,SMALL CHOCOLATES PINK BOWL,2.1986,2011-11-26,2011-12-09,reorder_now,60,37.1948,101.6948,14,Inventory-position-based recommendation from Day 13.
84596J,MIXED NUTS LIGHT GREEN BOWL,0.0875,2011-11-26,2011-12-09,no_order_required,0,0.0000,0.0000,5,Inventory-position-based recommendation from Day 13.
84596K,JELLY BABIES YELLOW SMALL BOWL,0.0875,2011-11-26,2011-12-09,no_order_required,0,0.0000,0.0000,10,Inventory-position-based recommendation from Day 13.
84596L,BISCUITS SMALL BOWL LIGHT BLUE,0.0875,2011-11-26,2011-12-09,no_order_required,0,0.0000,0.0000,5,Inventory-position-based recommendation from Day 13.
84597C,RETRO PINK BALL ASHTRAY,0.0875,2011-11-26,2011-12-09,no_order_required,0,0.0000,0.0000,3,Inventory-position-based recommendation from Day 13.
84598,BOYS ALPHABET IRON ON PATCHES,1.9859,2011-11-26,2011-12-09,reorder_now,281,154.4180,196.4180,3,Inventory-position-based recommendation from Day 13.
84600,NEW BAROQUE JEWELLERY BOX,0.3658,2011-11-26,2011-12-09,reorder_now,9,4.9377,6.9734,3,Inventory-position-based recommendation from Day 13.
84609,TALL ROCOCO CANDLE HOLDER,0.3532,2011-11-26,2011-12-09,reorder_now,22,13.9709,18.9709,5,Inventory-position-based recommendation from Day 13.
84620,BLUE GINGHAM ROSE CUSHION COVER,0.0875,2011-11-26,2011-12-09,no_order_required,0,0.0000,0.0000,14,Inventory-position-based recommendation from Day 13.
84625A,PINK NEW BAROQUECANDLESTICK CANDLE,0.1624,2011-11-26,2011-12-09,reorder_now,37,23.1510,32.0795,10,Inventory-position-based recommendation from Day 13.
84625C,BLUE NEW BAROQUE CANDLESTICK CANDLE,0.0875,2011-11-26,2011-12-09,no_order_required,0,0.0000,0.0000,10,Inventory-position-based recommendation from Day 13.
84625D,WHITE NEWBAROQUE CANDLESTICK CANDLE,0.0875,2011-11-26,2011-12-09,no_order_required,0,0.0000,0.0000,3,Inventory-position-based recommendation from Day 13.
84631,FRUIT TREE AND BIRDS WALL PLAQUE,0.0875,2011-11-26,2011-12-09,no_order_required,0,0.0000,0.0000,5,Inventory-position-based recommendation from Day 13.
84637,KITCHEN FLOWER POTS WALL PLAQUE,0.0875,2011-11-26,2011-12-09,no_order_required,0,0.0000,0.0000,7,Inventory-position-based recommendation from Day 13.
84638,SMALL KITCHEN FLOWER POTS PLAQUE,0.0875,2011-11-26,2011-12-09,no_order_required,0,0.0000,0.0000,5,Inventory-position-based recommendation from Day 13.
84658,WHITE STITCHED CUSHION COVER,0.1464,2011-11-26,2011-12-09,reorder_now,4,3.5578,5.0578,7,Inventory-position-based recommendation from Day 13.
84659A,WHITE TRAVEL ALARM CLOCK,0.1913,2011-11-26,2011-12-09,reorder_now,6,4.1268,5.3768,5,Inventory-position-based recommendation from Day 13.
84660A,WHITE STITCHED WALL CLOCK,0.0875,2011-11-26,2011-12-09,no_order_required,0,0.0000,0.0000,10,Inventory-position-based recommendation from Day 13.
84660B,BLACK STITCHED WALL CLOCK,0.0875,2011-11-26,2011-12-09,no_order_required,0,0.0000,0.0000,7,Inventory-position-based recommendation from Day 13.
84660C,UNKNOWN,0.0875,2011-11-26,2011-12-09,no_order_required,0,0.0000,0.0000,3,Inventory-position-based recommendation from Day 13.
84661A,WHITE SQUARE TABLE CLOCK,0.2652,2011-11-26,2011-12-09,reorder_now,68,40.2914,56.5414,7,Inventory-position-based recommendation from Day 13.
84661B,BLACK SQUARE TABLE CLOCK,0.4144,2011-11-26,2011-12-09,reorder_now,48,27.0790,39.8290,7,Inventory-position-based recommendation from Day 13.
84663A,UNKNOWN,0.2380,2011-11-26,2011-12-09,reorder_now,9,5.1832,7.0046,3,Inventory-position-based recommendation from Day 13.
84665,SQUARE CHERRY BLOSSOM CABINET,0.1009,2011-11-26,2011-12-09,no_order_required,0,0.0000,0.0000,10,Inventory-position-based recommendation from Day 13.
84670,UNKNOWN,0.0875,2011-11-26,2011-12-09,no_order_required,0,0.0000,0.0000,10,Inventory-position-based recommendation from Day 13.
84673A,PINK FLY SWAT,0.1489,2011-11-26,2011-12-09,no_order_required,0,1.4674,1.8960,3,Inventory-position-based recommendation from Day 13.
84673B,BLUE FLY SWAT,0.3313,2011-11-26,2011-12-09,reorder_now,17,8.7563,17.2563,14,Inventory-position-based recommendation from Day 13.
84674,FLYING PIG WATERING CAN,0.2325,2011-11-26,2011-12-09,no_order_required,0,2.2145,3.9645,7,Inventory-position-based recommendation from Day 13.
84675,FROG KING WATERING CAN,0.0875,2011-11-26,2011-12-09,no_order_required,0,0.0000,0.0000,7,Inventory-position-based recommendation from Day 13.
84676,BATH DUCK WATERING CAN,0.0875,2011-11-26,2011-12-09,no_order_required,0,0.0000,0.0000,7,Inventory-position-based recommendation from Day 13.
84678,CLASSICAL ROSE SMALL VASE,0.0875,2011-11-26,2011-12-09,no_order_required,0,0.0000,0.0000,14,Inventory-position-based recommendation from Day 13.
84682,CLASSICAL ROSE DISH,0.0875,2011-11-26,2011-12-09,no_order_required,0,0.0000,0.0000,3,Inventory-position-based recommendation from Day 13.
84683,CLASSICAL ROSE CANDLESTAND,0.0875,2011-11-26,2011-12-09,no_order_required,0,0.0000,0.0000,14,Inventory-position-based recommendation from Day 13.
84684,UNKNOWN,0.0875,2011-11-26,2011-12-09,no_order_required,0,0.0000,0.0000,10,Inventory-position-based recommendation from Day 13.
84685,BEACH HUT KEY CABINET,0.0875,2011-11-26,2011-12-09,no_order_required,0,0.0000,0.0000,3,Inventory-position-based recommendation from Day 13.
84686,UNKNOWN,0.0875,2011-11-26,2011-12-09,no_order_required,0,0.0000,0.0000,14,Inventory-position-based recommendation from Day 13.
84687,BEACH HUT SHELF W 3 DRAWERS,0.0935,2011-11-26,2011-12-09,no_order_required,0,1.1421,1.6421,14,Inventory-position-based recommendation from Day 13.
84688,BEACH HUT DESIGN BLACKBOARD,0.0875,2011-11-26,2011-12-09,no_order_required,0,0.0000,0.0000,14,Inventory-position-based recommendation from Day 13.
84689,S/2 BEACH HUT TREASURE CHESTS,0.0875,2011-11-26,2011-12-09,no_order_required,0,0.0000,0.0000,14,Inventory-position-based recommendation from Day 13.
84691,PACK 20 DOLLY PEGS,0.0875,2011-11-26,2011-12-09,no_order_required,0,0.0000,0.0000,5,Inventory-position-based recommendation from Day 13.
84692,BOX OF 24 COCKTAIL PARASOLS,9.7816,2011-11-26,2011-12-09,reorder_now,141,142.2822,415.2822,14,Inventory-position-based recommendation from Day 13.
84707A,SILVER JEWELLED MIRROR TRINKET TRAY,0.3897,2011-11-26,2011-12-09,reorder_now,37,18.7284,33.7284,10,Inventory-position-based recommendation from Day 13.
84707B,PINK JEWELLED MIRROR TRINKET TRAY,0.1181,2011-11-26,2011-12-09,reorder_now,15,9.5548,12.2334,5,Inventory-position-based recommendation from Day 13.
84708B,PINK JEWELLED PHOTO FRAME,0.3211,2011-11-26,2011-12-09,reorder_now,15,7.6269,14.6269,14,Inventory-position-based recommendation from Day 13.
84709B,UNKNOWN,0.0875,2011-11-26,2011-12-09,no_order_required,0,0.0000,0.0000,7,Inventory-position-based recommendation from Day 13.
84712B,PINK JEWELLED PHOTO FRAME,0.2252,2011-11-26,2011-12-09,reorder_now,3,3.9011,7.4011,14,Inventory-position-based recommendation from Day 13.
84715,SET OF 6 ICE CREAM SKITTLES,0.0875,2011-11-26,2011-12-09,no_order_required,0,0.0000,0.0000,7,Inventory-position-based recommendation from Day 13.
84741C,CITRUS GARLAND FELT FLOWERS,0.0875,2011-11-26,2011-12-09,no_order_required,0,0.0000,0.0000,5,Inventory-position-based recommendation from Day 13.
84748,FOLK FELT HANGING MULTICOL GARLAND,0.1797,2011-11-26,2011-12-09,reorder_now,3,2.1536,4.1536,14,Inventory-position-based recommendation from Day 13.
84750A,PINK SMALL GLASS CAKE STAND,0.0875,2011-11-26,2011-12-09,no_order_required,0,0.0000,0.0000,5,Inventory-position-based recommendation from Day 13.
84750B,BLACK SMALL GLASS CAKE STAND,0.0875,2011-11-26,2011-12-09,no_order_required,0,0.0000,0.0000,7,Inventory-position-based recommendation from Day 13.
84754,S/15 SILVER GLASS BAUBLES IN BAG,0.0875,2011-11-26,2011-12-09,no_order_required,0,0.0000,0.0000,5,Inventory-position-based recommendation from Day 13.
84755,COLOUR GLASS T-LIGHT HOLDER HANGING,8.0612,2011-11-26,2011-12-09,reorder_now,612,253.7285,506.5856,10,Inventory-position-based recommendation from Day 13.
84760S,UNKNOWN,0.0875,2011-11-26,2011-12-09,no_order_required,0,0.0000,0.0000,3,Inventory-position-based recommendation from Day 13.
84761,IVORY HANGING BIRD PLANTER,0.0875,2011-11-26,2011-12-09,no_order_required,0,0.0000,0.0000,10,Inventory-position-based recommendation from Day 13.
84762B,PINK PICNIC BARBECUE BUCKET,0.0875,2011-11-26,2011-12-09,no_order_required,0,0.0000,0.0000,5,Inventory-position-based recommendation from Day 13.
84762C,GREEN PICNIC BARBECUE BUCKET,0.0875,2011-11-26,2011-12-09,no_order_required,0,0.0000,0.0000,3,Inventory-position-based recommendation from Day 13.
84763,ZINC FINISH 15CM PLANTER POTS,0.0875,2011-11-26,2011-12-09,no_order_required,0,0.0000,0.0000,10,Inventory-position-based recommendation from Day 13.
84773,UNKNOWN,0.0875,2011-11-26,2011-12-09,no_order_required,0,0.0000,0.0000,5,Inventory-position-based recommendation from Day 13.
84789,UNKNOWN,0.0875,2011-11-26,2011-12-09,no_order_required,0,0.0000,0.0000,5,Inventory-position-based recommendation from Day 13.
84791,GINGHAM HEART DECORATION,0.0875,2011-11-26,2011-12-09,no_order_required,0,0.0000,0.0000,3,Inventory-position-based recommendation from Day 13.
84792,ENCHANTED BIRD COATHANGER 5 HOOK,1.8498,2011-11-26,2011-12-09,no_order_required,0,10.9738,19.5452,3,Inventory-position-based recommendation from Day 13.
84795A,UNKNOWN,0.0875,2011-11-26,2011-12-09,no_order_required,0,0.0000,0.0000,3,Inventory-position-based recommendation from Day 13.
84795B,SUNSET CHECK HAMMOCK,0.1184,2011-11-26,2011-12-09,no_order_required,0,0.8076,1.0576,7,Inventory-position-based recommendation from Day 13.
84795C,UNKNOWN,0.0875,2011-11-26,2011-12-09,no_order_required,0,0.0000,0.0000,5,Inventory-position-based recommendation from Day 13.
84795D,UNKNOWN,0.0875,2011-11-26,2011-12-09,no_order_required,0,0.0000,0.0000,14,Inventory-position-based recommendation from Day 13.
84796A,PINK HAWAIIAN PICNIC HAMPER FOR 2,0.1245,2011-11-26,2011-12-09,reorder_now,1,1.0574,1.2717,3,Inventory-position-based recommendation from Day 13.
84796B,BLUE SAVANNAH PICNIC HAMPER FOR 2,0.0903,2011-11-26,2011-12-09,no_order_required,0,0.0000,0.0000,10,Inventory-position-based recommendation from Day 13.
84800L,LARGE WHITE/PINK ROSE ART FLOWER,0.0875,2011-11-26,2011-12-09,no_order_required,0,0.0000,0.0000,5,Inventory-position-based recommendation from Day 13.
84806B,WHITE CANDYSTUFT ARTIFICIAL FLOWER,0.1982,2011-11-26,2011-12-09,reorder_now,39,23.2402,32.8831,10,Inventory-position-based recommendation from Day 13.
84813,SET OF 4 DIAMOND NAPKIN RINGS,0.2111,2011-11-26,2011-12-09,reorder_now,28,17.7886,22.9672,5,Inventory-position-based recommendation from Day 13.
84815,SET OF 3 DANISH ROSE PLANTERS,0.0875,2011-11-26,2011-12-09,no_order_required,0,0.0000,0.0000,10,Inventory-position-based recommendation from Day 13.
84817,DANISH ROSE DECORATIVE PLATE,0.5885,2011-11-26,2011-12-09,reorder_now,192,85.1230,142.6230,7,Inventory-position-based recommendation from Day 13.
84818,DANISH ROSE PHOTO FRAME,0.0878,2011-11-26,2011-12-09,no_order_required,0,0.0000,0.0000,5,Inventory-position-based recommendation from Day 13.
84819,DANISH ROSE ROUND SEWING BOX,0.8390,2011-11-26,2011-12-09,reorder_now,173,68.3292,123.5792,7,Inventory-position-based recommendation from Day 13.
84820,DANISH ROSE TRINKET TRAYS,0.2559,2011-11-26,2011-12-09,reorder_now,52,28.3452,41.8452,7,Inventory-position-based recommendation from Day 13.
84821,DANISH ROSE DELUXE COASTER,0.3175,2011-11-26,2011-12-09,reorder_now,58,33.4719,45.7933,5,Inventory-position-based recommendation from Day 13.
84826,ASSTD DESIGN 3D PAPER STICKERS,0.7900,2011-11-26,2011-12-09,reorder_now,11138,6628.3117,7981.7403,3,Inventory-position-based recommendation from Day 13.
84828,JUNGLE POPSICLES ICE LOLLY MOULDS,0.9607,2011-11-26,2011-12-09,reorder_now,35,26.7556,52.4699,10,Inventory-position-based recommendation from Day 13.
84832,ZINC WILLIE WINKIE CANDLE STICK,8.4014,2011-11-26,2011-12-09,reorder_now,203,61.9420,122.1562,3,Inventory-position-based recommendation from Day 13.
84836,ZINC METAL HEART DECORATION,9.5437,2011-11-26,2011-12-09,reorder_now,158,98.0225,248.7368,10,Inventory-position-based recommendation from Day 13.
84837,UNKNOWN,0.0875,2011-11-26,2011-12-09,no_order_required,0,0.0000,0.0000,14,Inventory-position-based recommendation from Day 13.
84839,SWEETHEART KEY CABINET,0.0875,2011-11-26,2011-12-09,no_order_required,0,0.0000,0.0000,14,Inventory-position-based recommendation from Day 13.
84840,UNKNOWN,0.0875,2011-11-26,2011-12-09,no_order_required,0,0.0000,0.0000,5,Inventory-position-based recommendation from Day 13.
84842,HELLO SAILOR BATHROOM SET,0.1384,2011-11-26,2011-12-09,no_order_required,0,1.1208,1.6208,7,Inventory-position-based recommendation from Day 13.
84843,WHITE SOAP RACK WITH 2 BOTTLES,0.2697,2011-11-26,2011-12-09,reorder_now,8,4.0470,8.5470,14,Inventory-position-based recommendation from Day 13.
84846A,SCENTED CANDLE IN DIGITALIS TIN,0.0875,2011-11-26,2011-12-09,no_order_required,0,0.0000,0.0000,3,Inventory-position-based recommendation from Day 13.
84847,UNKNOWN,0.0875,2011-11-26,2011-12-09,no_order_required,0,0.0000,0.0000,7,Inventory-position-based recommendation from Day 13.
84849A,HELLO SAILOR BLUE SOAP HOLDER,0.2052,2011-11-26,2011-12-09,reorder_now,6,3.5051,5.6479,10,Inventory-position-based recommendation from Day 13.
84849B,FAIRY SOAP SOAP HOLDER,0.0875,2011-11-26,2011-12-09,no_order_required,0,0.0000,0.0000,3,Inventory-position-based recommendation from Day 13.
84849D,HOT BATHS SOAP HOLDER,0.4134,2011-11-26,2011-12-09,reorder_now,65,37.9566,46.9566,3,Inventory-position-based recommendation from Day 13.
84854,GIRLY PINK TOOL SET,0.0875,2011-11-26,2011-12-09,no_order_required,0,0.0000,0.0000,5,Inventory-position-based recommendation from Day 13.
84856L,LARGE TAHITI BEACH BAG,0.0875,2011-11-26,2011-12-09,no_order_required,0,0.0000,0.0000,10,Inventory-position-based recommendation from Day 13.
84856S,SMALL TAHITI BEACH BAG,0.0875,2011-11-26,2011-12-09,no_order_required,0,0.0000,0.0000,5,Inventory-position-based recommendation from Day 13.
84859A,SILVER DISCO HANDBAG,0.4217,2011-11-26,2011-12-09,reorder_now,34,16.2033,29.0605,10,Inventory-position-based recommendation from Day 13.
84865,NEW BAROQUE BLACK PHOTO ALBUM,0.0875,2011-11-26,2011-12-09,no_order_required,0,0.0000,0.0000,10,Inventory-position-based recommendation from Day 13.
84870B,BLUE GEISHA GIRL,0.1147,2011-11-26,2011-12-09,reorder_now,1,0.9653,1.3224,10,Inventory-position-based recommendation from Day 13.
84870C,GREEN GEISHA GIRL,0.0883,2011-11-26,2011-12-09,no_order_required,0,0.0000,0.0000,5,Inventory-position-based recommendation from Day 13.
84872A,TEATIME FUNKY FLOWER BACKPACK FOR 2,0.0875,2011-11-26,2011-12-09,no_order_required,0,0.0000,0.0000,14,Inventory-position-based recommendation from Day 13.
84874B,BLUE TRAVEL FIRST AID KIT,0.0875,2011-11-26,2011-12-09,no_order_required,0,0.0000,0.0000,5,Inventory-position-based recommendation from Day 13.
84876D,BLUE HEART COMPACT MIRROR,0.0875,2011-11-26,2011-12-09,no_order_required,0,0.0000,0.0000,14,Inventory-position-based recommendation from Day 13.
84877B,GREEN ROUND COMPACT MIRROR,0.1572,2011-11-26,2011-12-09,reorder_now,2,1.5861,1.9075,3,Inventory-position-based recommendation from Day 13.
84877D,BLUE ROUND COMPACT MIRROR,0.0875,2011-11-26,2011-12-09,no_order_required,0,0.0000,0.0000,3,Inventory-position-based recommendation from Day 13.
84879,ASSORTED COLOUR BIRD ORNAMENT,18.5338,2011-11-26,2011-12-09,reorder_now,2982,678.1285,2112.7714,10,Inventory-position-based recommendation from Day 13.
84880,WHITE WIRE EGG HOLDER,0.2375,2011-11-26,2011-12-09,reorder_now,6,3.2918,5.0775,5,Inventory-position-based recommendation from Day 13.
84882,GREEN WIRE STANDING CANDLE HOLDER,0.1391,2011-11-26,2011-12-09,no_order_required,0,1.6152,2.1152,7,Inventory-position-based recommendation from Day 13.
84884A,ANT WHITE WIRE HEART SPIRAL,0.3579,2011-11-26,2011-12-09,reorder_now,12,6.9092,9.5878,3,Inventory-position-based recommendation from Day 13.
84898F,YELLOW FLOWERS FELT HANDBAG KIT,0.0875,2011-11-26,2011-12-09,no_order_required,0,0.0000,0.0000,14,Inventory-position-based recommendation from Day 13.
84899F,YELLOW PURPLE DAISY FELT PURSE KIT,0.0875,2011-11-26,2011-12-09,no_order_required,0,0.0000,0.0000,3,Inventory-position-based recommendation from Day 13.
84901,BLACK FACE LAMB WITH PANTS,0.0875,2011-11-26,2011-12-09,no_order_required,0,0.0000,0.0000,14,Inventory-position-based recommendation from Day 13.
84902,PINK KNITTED COW STUFFED TOY,0.0875,2011-11-26,2011-12-09,no_order_required,0,0.0000,0.0000,3,Inventory-position-based recommendation from Day 13.
84905,PINK BUTTERFLY CUSHION COVER,0.0875,2011-11-26,2011-12-09,no_order_required,0,0.0000,0.0000,10,Inventory-position-based recommendation from Day 13.
84907,PINK YELLOW PATCH CUSHION COVER,0.0875,2011-11-26,2011-12-09,no_order_required,0,0.0000,0.0000,3,Inventory-position-based recommendation from Day 13.
84908A,PINK 5 PATCH FLOWER CUSHION COVER,0.0875,2011-11-26,2011-12-09,no_order_required,0,0.0000,0.0000,5,Inventory-position-based recommendation from Day 13.
84908B,BLUE 5 PATCH FLOWER CUSHION COVER,0.0875,2011-11-26,2011-12-09,no_order_required,0,0.0000,0.0000,10,Inventory-position-based recommendation from Day 13.
84910A,PINK PAISLEY CUSHION COVER,0.0875,2011-11-26,2011-12-09,no_order_required,0,0.0000,0.0000,3,Inventory-position-based recommendation from Day 13.
84912A,UNKNOWN,0.0875,2011-11-26,2011-12-09,no_order_required,0,0.0000,0.0000,10,Inventory-position-based recommendation from Day 13.
84912B,GREEN ROSE WASHBAG,0.9453,2011-11-26,2011-12-09,no_order_required,0,6.4376,11.0447,3,Inventory-position-based recommendation from Day 13.
84913A,SOFT PINK ROSE TOWEL,0.0899,2011-11-26,2011-12-09,no_order_required,0,0.0000,0.0000,10,Inventory-position-based recommendation from Day 13.
84913B,MINT GREEN ROSE TOWEL,0.2516,2011-11-26,2011-12-09,reorder_now,12,8.5048,12.7905,10,Inventory-position-based recommendation from Day 13.
84915,HAND TOWEL PINK FLOWER AND DAISY,0.1530,2011-11-26,2011-12-09,reorder_now,3,1.5330,2.0687,3,Inventory-position-based recommendation from Day 13.
84916,HAND TOWEL PALE BLUE W FLOWERS,0.0875,2011-11-26,2011-12-09,no_order_required,0,0.0000,0.0000,5,Inventory-position-based recommendation from Day 13.
84917,UNKNOWN,0.0875,2011-11-26,2011-12-09,no_order_required,0,0.0000,0.0000,7,Inventory-position-based recommendation from Day 13.
84918,CREAM CUSHION COVER WITH FLOWERS,0.0875,2011-11-26,2011-12-09,no_order_required,0,0.0000,0.0000,3,Inventory-position-based recommendation from Day 13.
84919,BLUE CUSHION COVER WITH FLOWER,0.0875,2011-11-26,2011-12-09,no_order_required,0,0.0000,0.0000,14,Inventory-position-based recommendation from Day 13.
84920,PINK FLOWER FABRIC PONY,0.1350,2011-11-26,2011-12-09,reorder_now,2,2.5253,3.5253,7,Inventory-position-based recommendation from Day 13.
84923,PINK BUTTERFLY HANDBAG W BOBBLES,0.4732,2011-11-26,2011-12-09,reorder_now,17,9.5177,23.0177,14,Inventory-position-based recommendation from Day 13.
84924A,WAKE UP COCKEREL CALENDAR SIGN,0.3098,2011-11-26,2011-12-09,reorder_now,21,11.6590,17.7305,10,Inventory-position-based recommendation from Day 13.
84925F,PSYCHEDELIC WALL THERMOMETER,0.0875,2011-11-26,2011-12-09,no_order_required,0,0.0000,0.0000,14,Inventory-position-based recommendation from Day 13.
84926A,WAKE UP COCKEREL TILE COASTER,0.7394,2011-11-26,2011-12-09,reorder_now,64,30.8888,48.0317,5,Inventory-position-based recommendation from Day 13.
84926D,LA PALMIERA TILE COASTER,0.3588,2011-11-26,2011-12-09,reorder_now,33,17.1203,24.0846,5,Inventory-position-based recommendation from Day 13.
84926E,FLOWERS TILE COASTER,0.4429,2011-11-26,2011-12-09,reorder_now,61,30.0489,40.7631,3,Inventory-position-based recommendation from Day 13.
84926F,PSYCHEDELIC TILE COASTER,0.6414,2011-11-26,2011-12-09,reorder_now,45,22.6373,33.1730,5,Inventory-position-based recommendation from Day 13.
84927A,WAKE UP COCKEREL TILE HOOK,0.0875,2011-11-26,2011-12-09,no_order_required,0,0.0000,0.0000,7,Inventory-position-based recommendation from Day 13.
84927F,PSYCHEDELIC TILE HOOK,0.6675,2011-11-26,2011-12-09,reorder_now,57,36.3895,59.9610,10,Inventory-position-based recommendation from Day 13.
84929,ASSTD FRUIT+FLOWERS FRIDGE MAGNETS,0.4050,2011-11-26,2011-12-09,reorder_now,17,16.1880,26.1880,14,Inventory-position-based recommendation from Day 13.
84931A,PINK SCOTTIE DOG W FLOWER PATTERN,0.3077,2011-11-26,2011-12-09,reorder_now,7,4.3088,6.0946,5,Inventory-position-based recommendation from Day 13.
84931B,BLUE SCOTTIE DOG W FLOWER PATTERN,0.5180,2011-11-26,2011-12-09,reorder_now,47,23.5287,33.8859,5,Inventory-position-based recommendation from Day 13.
84932C,SMALL ORIENTAL BLUE FOLDING STOOL,0.0875,2011-11-26,2011-12-09,no_order_required,0,0.0000,0.0000,7,Inventory-position-based recommendation from Day 13.
84937,UNKNOWN,0.0875,2011-11-26,2011-12-09,no_order_required,0,0.0000,0.0000,10,Inventory-position-based recommendation from Day 13.
84944,SET OF 6 KASHMIR FOLKART BAUBLES,0.0946,2011-11-26,2011-12-09,no_order_required,0,0.0000,0.0000,7,Inventory-position-based recommendation from Day 13.
84945,MULTI COLOUR SILVER T-LIGHT HOLDER,13.3745,2011-11-26,2011-12-09,reorder_now,890,281.0247,580.1318,5,Inventory-position-based recommendation from Day 13.
84946,ANTIQUE SILVER T-LIGHT GLASS,17.7276,2011-11-26,2011-12-09,reorder_now,1372,327.6292,966.6292,7,Inventory-position-based recommendation from Day 13.
84947,ANTIQUE SILVER TEA GLASS ENGRAVED,9.9163,2011-11-26,2011-12-09,reorder_now,574,220.3811,353.6669,3,Inventory-position-based recommendation from Day 13.
84949,SILVER HANGING T-LIGHT HOLDER,6.7048,2011-11-26,2011-12-09,reorder_now,564,189.3407,359.1621,5,Inventory-position-based recommendation from Day 13.
84950,ASSORTED COLOUR T-LIGHT HOLDER,2.6919,2011-11-26,2011-12-09,reorder_now,126,45.3850,86.0993,5,Inventory-position-based recommendation from Day 13.
84951A,SET OF 4 PISTACHIO LOVEBIRD COASTER,0.3869,2011-11-26,2011-12-09,reorder_now,48,31.9819,48.4819,14,Inventory-position-based recommendation from Day 13.
84951B,SET OF 4 BLACK LOVEBIRD COASTERS,0.8186,2011-11-26,2011-12-09,reorder_now,49,21.4463,30.7678,3,Inventory-position-based recommendation from Day 13.
84952A,CLEAR LOVE BIRD T-LIGHT HOLDER,0.1142,2011-11-26,2011-12-09,no_order_required,0,0.6826,0.8611,5,Inventory-position-based recommendation from Day 13.
84952B,BLACK LOVE BIRD T-LIGHT HOLDER,0.1068,2011-11-26,2011-12-09,reorder_now,2,1.1208,1.6208,7,Inventory-position-based recommendation from Day 13.
84952C,MIRROR LOVE BIRD T-LIGHT HOLDER,0.0875,2011-11-26,2011-12-09,no_order_required,0,0.0000,0.0000,7,Inventory-position-based recommendation from Day 13.
84968A,SET OF 16 VINTAGE ROSE CUTLERY,0.1936,2011-11-26,2011-12-09,reorder_now,2,1.7177,2.6106,5,Inventory-position-based recommendation from Day 13.
84968B,SET OF 16 VINTAGE IVORY CUTLERY,0.0875,2011-11-26,2011-12-09,no_order_required,0,0.0000,0.0000,7,Inventory-position-based recommendation from Day 13.
84968C,SET OF 16 VINTAGE PISTACHIO CUTLERY,0.1575,2011-11-26,2011-12-09,reorder_now,2,1.5228,2.5228,7,Inventory-position-based recommendation from Day 13.
84968D,SET OF 16 VINTAGE RED CUTLERY,0.1322,2011-11-26,2011-12-09,reorder_now,3,1.8201,3.2487,10,Inventory-position-based recommendation from Day 13.
84968E,SET OF 16 VINTAGE BLACK CUTLERY,0.1393,2011-11-26,2011-12-09,no_order_required,0,1.5228,2.5228,7,Inventory-position-based recommendation from Day 13.
84968F,SET OF 16 VINTAGE SKY BLUE CUTLERY,0.1018,2011-11-26,2011-12-09,no_order_required,0,0.6826,0.8611,5,Inventory-position-based recommendation from Day 13.
84969,BOX OF 6 ASSORTED COLOUR TEASPOONS,0.7317,2011-11-26,2011-12-09,reorder_now,26,19.5550,39.0550,14,Inventory-position-based recommendation from Day 13.
84970L,SINGLE HEART ZINC T-LIGHT HOLDER,5.2555,2011-11-26,2011-12-09,reorder_now,170,69.9585,140.8513,5,Inventory-position-based recommendation from Day 13.
84970S,HANGING HEART ZINC T-LIGHT HOLDER,6.8653,2011-11-26,2011-12-09,reorder_now,513,195.3890,374.8890,7,Inventory-position-based recommendation from Day 13.
84971L,LARGE HEART FLOWERS HOOK,0.1874,2011-11-26,2011-12-09,reorder_now,2,1.4674,1.8960,3,Inventory-position-based recommendation from Day 13.
84971S,SMALL HEART FLOWERS HOOK,0.8680,2011-11-26,2011-12-09,reorder_now,93,46.5557,77.0557,7,Inventory-position-based recommendation from Day 13.
84972L,GIANT PINK HEART MEMO HOLDER,0.0875,2011-11-26,2011-12-09,no_order_required,0,0.0000,0.0000,7,Inventory-position-based recommendation from Day 13.
84974,S/2 ZINC HEART DESIGN PLANTERS,0.0881,2011-11-26,2011-12-09,no_order_required,0,0.0000,0.0000,3,Inventory-position-based recommendation from Day 13.
84975,HEART SHAPED MIRROR,0.0875,2011-11-26,2011-12-09,no_order_required,0,0.0000,0.0000,10,Inventory-position-based recommendation from Day 13.
84976,RECTANGULAR SHAPED MIRROR,0.2138,2011-11-26,2011-12-09,reorder_now,18,9.8923,14.1423,7,Inventory-position-based recommendation from Day 13.
84977,UNKNOWN,0.0875,2011-11-26,2011-12-09,no_order_required,0,0.0000,0.0000,10,Inventory-position-based recommendation from Day 13.
84978,HANGING HEART JAR T-LIGHT HOLDER,10.9848,2011-11-26,2011-12-09,reorder_now,563,245.1303,488.8803,7,Inventory-position-based recommendation from Day 13.
84985A,SET OF 72 GREEN PAPER DOILIES,0.0875,2011-11-26,2011-12-09,no_order_required,0,0.0000,0.0000,3,Inventory-position-based recommendation from Day 13.
84986B,SET OF 36 SILVER PAPER DOILIES,0.0875,2011-11-26,2011-12-09,no_order_required,0,0.0000,0.0000,10,Inventory-position-based recommendation from Day 13.
84987,SET OF 36 TEATIME PAPER DOILIES,3.0718,2011-11-26,2011-12-09,reorder_now,86,51.7182,132.2182,14,Inventory-position-based recommendation from Day 13.
84988,SET OF 72 PINK HEART PAPER DOILIES,4.7122,2011-11-26,2011-12-09,reorder_now,297,165.2040,216.5254,3,Inventory-position-based recommendation from Day 13.
84989A,75 GREEN FAIRY CAKE CASES,0.2074,2011-11-26,2011-12-09,reorder_now,5,3.6403,6.4974,10,Inventory-position-based recommendation from Day 13.
84989B,75 BLACK FAIRY CAKE CASES,0.0875,2011-11-26,2011-12-09,no_order_required,0,0.0000,0.0000,3,Inventory-position-based recommendation from Day 13.
84990,UNKNOWN,0.0875,2011-11-26,2011-12-09,no_order_required,0,0.0000,0.0000,10,Inventory-position-based recommendation from Day 13.
84991,60 TEATIME FAIRY CAKE CASES,10.9718,2011-11-26,2011-12-09,reorder_now,846,340.9550,756.6693,10,Inventory-position-based recommendation from Day 13.
84992,72 SWEETHEART FAIRY CAKE CASES,9.7500,2011-11-26,2011-12-09,reorder_now,763,284.4368,640.1511,10,Inventory-position-based recommendation from Day 13.
84993A,75 GREEN PETIT FOUR CASES,0.4514,2011-11-26,2011-12-09,reorder_now,62,27.3485,43.2414,5,Inventory-position-based recommendation from Day 13.
84993B,75 BLACK PETIT FOUR CASES,0.0875,2011-11-26,2011-12-09,no_order_required,0,0.0000,0.0000,14,Inventory-position-based recommendation from Day 13.
84997A,CHILDRENS CUTLERY POLKADOT GREEN,2.6726,2011-11-26,2011-12-09,reorder_now,124,52.4199,77.1699,3,Inventory-position-based recommendation from Day 13.
84997B,CHILDRENS CUTLERY RETROSPOT RED,5.4514,2011-11-26,2011-12-09,reorder_now,224,117.0002,252.3574,10,Inventory-position-based recommendation from Day 13.
84997C,CHILDRENS CUTLERY POLKADOT BLUE,5.1553,2011-11-26,2011-12-09,reorder_now,700,339.8924,631.3924,14,Inventory-position-based recommendation from Day 13.
84997D,CHILDRENS CUTLERY POLKADOT PINK,7.2819,2011-11-26,2011-12-09,reorder_now,619,300.5631,439.6702,5,Inventory-position-based recommendation from Day 13.
85006,SET 4 NURSERY DES ROUND BOXES,0.0875,2011-11-26,2011-12-09,no_order_required,0,0.0000,0.0000,3,Inventory-position-based recommendation from Day 13.
85008,UNKNOWN,0.0875,2011-11-26,2011-12-09,no_order_required,0,0.0000,0.0000,10,Inventory-position-based recommendation from Day 13.
85014A,BLACK/BLUE POLKADOT UMBRELLA,1.5113,2011-11-26,2011-12-09,reorder_now,67,34.4937,50.5652,5,Inventory-position-based recommendation from Day 13.
85014B,RED RETROSPOT UMBRELLA,2.4312,2011-11-26,2011-12-09,reorder_now,52,56.5709,122.5709,14,Inventory-position-based recommendation from Day 13.
85014C,BLUE/BROWN DOTS RUFFLED UMBRELLA,0.0875,2011-11-26,2011-12-09,no_order_required,0,0.0000,0.0000,7,Inventory-position-based recommendation from Day 13.
85014D,UNKNOWN,0.0875,2011-11-26,2011-12-09,no_order_required,0,0.0000,0.0000,10,Inventory-position-based recommendation from Day 13.
85015,SET OF 12 VINTAGE POSTCARD SET,4.4079,2011-11-26,2011-12-09,reorder_now,93,40.0767,70.7195,3,Inventory-position-based recommendation from Day 13.
85016,SET OF 6 VINTAGE NOTELETS KIT,0.0875,2011-11-26,2011-12-09,no_order_required,0,0.0000,0.0000,10,Inventory-position-based recommendation from Day 13.
85017A,ENVELOPE 50 ROMANTIC IMAGES,0.0875,2011-11-26,2011-12-09,no_order_required,0,0.0000,0.0000,14,Inventory-position-based recommendation from Day 13.
85017B,ENVELOPE 50 BLOSSOM IMAGES,0.1153,2011-11-26,2011-12-09,no_order_required,0,0.0000,0.0000,7,Inventory-position-based recommendation from Day 13.
85017C,adjustment,0.0875,2011-11-26,2011-12-09,no_order_required,0,0.0000,0.0000,5,Inventory-position-based recommendation from Day 13.
85018D,YULETIDE IMAGES S/6 PAPER BOXES,0.0875,2011-11-26,2011-12-09,no_order_required,0,0.0000,0.0000,5,Inventory-position-based recommendation from Day 13.
85019A,ROMANTIC IMAGES NOTEBOOK SET,0.3349,2011-11-26,2011-12-09,reorder_now,91,45.4237,83.9237,14,Inventory-position-based recommendation from Day 13.
85019B,BLOSSOM IMAGES NOTEBOOK SET,0.5150,2011-11-26,2011-12-09,reorder_now,40,18.8131,26.4202,3,Inventory-position-based recommendation from Day 13.
85020,ROUND PINK HEART MIRROR,0.2585,2011-11-26,2011-12-09,reorder_now,18,10.6633,15.4133,7,Inventory-position-based recommendation from Day 13.
85023B,EAU DE NILE JEWELLED PHOTOFRAME,0.1283,2011-11-26,2011-12-09,no_order_required,0,0.9472,1.3044,5,Inventory-position-based recommendation from Day 13.
85024C,PINK SMALL JEWELLED PHOTOFRAME,0.1182,2011-11-26,2011-12-09,reorder_now,1,0.9472,1.3044,5,Inventory-position-based recommendation from Day 13.
85025B,EAU DE NILE HEART SHAPE PHOTO FRAME,0.4274,2011-11-26,2011-12-09,reorder_now,13,6.7699,9.2342,3,Inventory-position-based recommendation from Day 13.
85025C,PINK HEART SHAPE PHOTO FRAME,0.0875,2011-11-26,2011-12-09,no_order_required,0,0.0000,0.0000,3,Inventory-position-based recommendation from Day 13.
85027L,UNKNOWN,0.0875,2011-11-26,2011-12-09,no_order_required,0,0.0000,0.0000,5,Inventory-position-based recommendation from Day 13.
85028S,FRENCH CHATEAU SMALL FRUITBOWL,0.0875,2011-11-26,2011-12-09,no_order_required,0,0.0000,0.0000,14,Inventory-position-based recommendation from Day 13.
85031A,ROMANTIC IMAGES SCRAP BOOK SET,0.0875,2011-11-26,2011-12-09,no_order_required,0,0.0000,0.0000,10,Inventory-position-based recommendation from Day 13.
85031B,BLOSSOM IMAGES SCRAP BOOK SET,0.0875,2011-11-26,2011-12-09,no_order_required,0,0.0000,0.0000,10,Inventory-position-based recommendation from Day 13.
85031C,CURIOUS IMAGES SCRAP BOOK SET,0.0875,2011-11-26,2011-12-09,no_order_required,0,0.0000,0.0000,5,Inventory-position-based recommendation from Day 13.
85032A,ROMANTIC IMAGES GIFT WRAP SET,1.7567,2011-11-26,2011-12-09,reorder_now,24,12.6954,21.6954,3,Inventory-position-based recommendation from Day 13.
85032B,BLOSSOM IMAGES GIFT WRAP SET,1.4772,2011-11-26,2011-12-09,reorder_now,81,28.4291,64.8576,10,Inventory-position-based recommendation from Day 13.
85032C,CURIOUS IMAGES GIFT WRAP SET,1.2374,2011-11-26,2011-12-09,reorder_now,52,20.3766,41.8766,7,Inventory-position-based recommendation from Day 13.
85032D,YULETIDE IMAGES GIFT WRAP SET,0.0875,2011-11-26,2011-12-09,no_order_required,0,0.0000,0.0000,5,Inventory-position-based recommendation from Day 13.
85033S,UNKNOWN,0.0875,2011-11-26,2011-12-09,no_order_required,0,0.0000,0.0000,3,Inventory-position-based recommendation from Day 13.
85034A,check,0.5660,2011-11-26,2011-12-09,reorder_now,31,17.6093,22.7522,3,Inventory-position-based recommendation from Day 13.
85034B,3 WHITE CHOC MORRIS BOXED CANDLES,6.0768,2011-11-26,2011-12-09,reorder_now,178,90.9469,237.7326,10,Inventory-position-based recommendation from Day 13.
85034C,3 ROSE MORRIS BOXED CANDLES,8.3935,2011-11-26,2011-12-09,reorder_now,205,95.7366,211.9866,7,Inventory-position-based recommendation from Day 13.
85035A,GARDENIA 3 WICK MORRIS BOXED CANDLE,0.0875,2011-11-26,2011-12-09,no_order_required,0,0.0000,0.0000,10,Inventory-position-based recommendation from Day 13.
85035B,CHOCOLATE 3 WICK MORRIS BOX CANDLE,0.0875,2011-11-26,2011-12-09,no_order_required,0,0.0000,0.0000,3,Inventory-position-based recommendation from Day 13.
85035C,ROSE 3 WICK MORRIS BOX CANDLE,2.1264,2011-11-26,2011-12-09,reorder_now,50,23.4003,34.0074,3,Inventory-position-based recommendation from Day 13.
85036A,GARDENIA 1 WICK MORRIS BOXED CANDLE,0.0880,2011-11-26,2011-12-09,no_order_required,0,0.0000,0.0000,5,Inventory-position-based recommendation from Day 13.
85036B,CHOCOLATE 1 WICK MORRIS BOX CANDLE,0.2277,2011-11-26,2011-12-09,reorder_now,6,6.8407,10.4121,10,Inventory-position-based recommendation from Day 13.
85036C,ROSE 1 WICK MORRIS BOXED CANDLE,0.9121,2011-11-26,2011-12-09,no_order_required,0,5.1672,7.2029,3,Inventory-position-based recommendation from Day 13.
85038,6 CHOCOLATE LOVE HEART T-LIGHTS,1.7099,2011-11-26,2011-12-09,reorder_now,282,145.5132,214.9775,5,Inventory-position-based recommendation from Day 13.
85039A,SET/4 RED MINI ROSE CANDLE IN BOWL,1.0367,2011-11-26,2011-12-09,reorder_now,29,12.4368,29.1868,7,Inventory-position-based recommendation from Day 13.
85039B,S/4 IVORY MINI ROSE CANDLE IN BOWL,0.8563,2011-11-26,2011-12-09,reorder_now,23,16.0622,41.0622,14,Inventory-position-based recommendation from Day 13.
85039C,S/4 BLACK MINI ROSE CANDLE IN BOWL,0.2323,2011-11-26,2011-12-09,reorder_now,10,7.2602,13.7602,14,Inventory-position-based recommendation from Day 13.
85040A,S/4 PINK FLOWER CANDLES IN BOWL,0.9178,2011-11-26,2011-12-09,reorder_now,33,14.2474,25.9974,7,Inventory-position-based recommendation from Day 13.
85040B,SET/4 BLUE FLOWER CANDLES IN BOWL,0.0875,2011-11-26,2011-12-09,no_order_required,0,0.0000,0.0000,5,Inventory-position-based recommendation from Day 13.
85041,UNKNOWN,0.0875,2011-11-26,2011-12-09,no_order_required,0,0.0000,0.0000,7,Inventory-position-based recommendation from Day 13.
85042,ANTIQUE LILY FAIRY LIGHTS,0.0875,2011-11-26,2011-12-09,no_order_required,0,0.0000,0.0000,10,Inventory-position-based recommendation from Day 13.
85044,UNKNOWN,0.0875,2011-11-26,2011-12-09,no_order_required,0,0.0000,0.0000,10,Inventory-position-based recommendation from Day 13.
85045,UNKNOWN,0.1242,2011-11-26,2011-12-09,reorder_now,1,1.0574,1.2717,3,Inventory-position-based recommendation from Day 13.
85047,WHITE BEADED GARLAND STRING 20LIGHT,0.0875,2011-11-26,2011-12-09,no_order_required,0,0.0000,0.0000,14,Inventory-position-based recommendation from Day 13.
85048,15CM CHRISTMAS GLASS BALL 20 LIGHTS,9.4694,2011-11-26,2011-12-09,reorder_now,154,53.3556,97.1770,3,Inventory-position-based recommendation from Day 13.
85049A,TRADITIONAL CHRISTMAS RIBBONS,11.2781,2011-11-26,2011-12-09,reorder_now,298,149.4690,470.9690,14,Inventory-position-based recommendation from Day 13.
85049B,LUSH GREENS RIBBONS,0.0875,2011-11-26,2011-12-09,no_order_required,0,0.0000,0.0000,10,Inventory-position-based recommendation from Day 13.
85049C,ROMANTIC PINKS RIBBONS,1.5063,2011-11-26,2011-12-09,reorder_now,42,21.0753,44.8253,7,Inventory-position-based recommendation from Day 13.
85049D,UNKNOWN,0.0875,2011-11-26,2011-12-09,no_order_required,0,0.0000,0.0000,10,Inventory-position-based recommendation from Day 13.
85049E,SCANDINAVIAN REDS RIBBONS,9.3990,2011-11-26,2011-12-09,reorder_now,119,48.4704,140.4704,7,Inventory-position-based recommendation from Day 13.
85049F,BABY BOOM RIBBONS,0.0875,2011-11-26,2011-12-09,no_order_required,0,0.0000,0.0000,10,Inventory-position-based recommendation from Day 13.
85049G,CHOCOLATE BOX RIBBONS,2.1145,2011-11-26,2011-12-09,reorder_now,91,37.2302,64.5517,5,Inventory-position-based recommendation from Day 13.
85049H,URBAN BLACK RIBBONS,2.2886,2011-11-26,2011-12-09,reorder_now,50,24.7783,54.7783,7,Inventory-position-based recommendation from Day 13.
85053,FRENCH ENAMEL CANDLEHOLDER,4.4243,2011-11-26,2011-12-09,reorder_now,127,62.9504,138.4504,7,Inventory-position-based recommendation from Day 13.
85054,FRENCH ENAMEL POT W LID,0.3477,2011-11-26,2011-12-09,no_order_required,0,4.8264,8.0407,10,Inventory-position-based recommendation from Day 13.
85055,FRENCH ENAMEL UTENSIL HOLDER,0.0875,2011-11-26,2011-12-09,no_order_required,0,0.0000,0.0000,7,Inventory-position-based recommendation from Day 13.
85059,FRENCH ENAMEL WATER BASIN,0.5330,2011-11-26,2011-12-09,reorder_now,13,5.4338,8.6481,3,Inventory-position-based recommendation from Day 13.
85060,WOOD FAN WITH FLOWER DESIGN,0.0875,2011-11-26,2011-12-09,no_order_required,0,0.0000,0.0000,7,Inventory-position-based recommendation from Day 13.
85061W,WHITE JEWELLED HEART DECORATION,2.5725,2011-11-26,2011-12-09,reorder_now,132,65.3266,175.8266,14,Inventory-position-based recommendation from Day 13.
85062,PEARL CRYSTAL PUMPKIN T-LIGHT HLDR,1.0941,2011-11-26,2011-12-09,reorder_now,52,22.2444,34.1373,3,Inventory-position-based recommendation from Day 13.
85063,CREAM SWEETHEART MAGAZINE RACK,0.0875,2011-11-26,2011-12-09,no_order_required,0,0.0000,0.0000,14,Inventory-position-based recommendation from Day 13.
85064,CREAM SWEETHEART LETTER RACK,0.0875,2011-11-26,2011-12-09,no_order_required,0,0.0000,0.0000,10,Inventory-position-based recommendation from Day 13.
85065,UNKNOWN,0.0875,2011-11-26,2011-12-09,no_order_required,0,0.0000,0.0000,14,Inventory-position-based recommendation from Day 13.
85066,CREAM SWEETHEART MINI CHEST,4.0626,2011-11-26,2011-12-09,reorder_now,131,60.7442,134.6728,10,Inventory-position-based recommendation from Day 13.
85067,CREAM SWEETHEART WALL CABINET,0.0875,2011-11-26,2011-12-09,no_order_required,0,0.0000,0.0000,5,Inventory-position-based recommendation from Day 13.
85068,CREAM SWEETHEART SHELF + HOOKS,0.0875,2011-11-26,2011-12-09,no_order_required,0,0.0000,0.0000,10,Inventory-position-based recommendation from Day 13.
85071A,BLUE CHARLIE+LOLA PERSONAL DOORSIGN,0.9615,2011-11-26,2011-12-09,reorder_now,76,37.3193,56.2479,5,Inventory-position-based recommendation from Day 13.
85071B,RED CHARLIE+LOLA PERSONAL DOORSIGN,1.3246,2011-11-26,2011-12-09,reorder_now,87,45.5141,69.0855,5,Inventory-position-based recommendation from Day 13.
85071C,"CHARLIE+LOLA""EXTREMELY BUSY"" SIGN",1.0124,2011-11-26,2011-12-09,reorder_now,101,40.0325,87.5325,14,Inventory-position-based recommendation from Day 13.
85071D,CHARLIE+LOLA MY ROOM DOOR SIGN,0.6417,2011-11-26,2011-12-09,reorder_now,14,7.2656,11.2299,3,Inventory-position-based recommendation from Day 13.
85078,SCANDINAVIAN 3 HEARTS NAPKIN RING,0.0935,2011-11-26,2011-12-09,no_order_required,0,0.0000,0.0000,10,Inventory-position-based recommendation from Day 13.
85084,HOLLY TOP CHRISTMAS STOCKING,0.0875,2011-11-26,2011-12-09,no_order_required,0,0.0000,0.0000,7,Inventory-position-based recommendation from Day 13.
85086A,CANDY SPOT HEART DECORATION,0.0875,2011-11-26,2011-12-09,no_order_required,0,0.0000,0.0000,3,Inventory-position-based recommendation from Day 13.
85087,CANDY SPOT CUSHION COVER,0.0875,2011-11-26,2011-12-09,no_order_required,0,0.0000,0.0000,14,Inventory-position-based recommendation from Day 13.
85088,CANDY SPOT HAND BAG,0.3543,2011-11-26,2011-12-09,reorder_now,61,41.0384,61.5384,14,Inventory-position-based recommendation from Day 13.
85090,CANDY SPOT APRON,0.0875,2011-11-26,2011-12-09,no_order_required,0,0.0000,0.0000,14,Inventory-position-based recommendation from Day 13.
85093,CANDY SPOT EGG WARMER HARE,0.0958,2011-11-26,2011-12-09,no_order_required,0,0.0000,0.0000,10,Inventory-position-based recommendation from Day 13.
85094,CANDY SPOT EGG WARMER RABBIT,0.5410,2011-11-26,2011-12-09,reorder_now,20,9.1478,13.9692,3,Inventory-position-based recommendation from Day 13.
85095,THREE CANVAS LUGGAGE TAGS,0.1743,2011-11-26,2011-12-09,no_order_required,0,1.1376,1.6733,5,Inventory-position-based recommendation from Day 13.
85096,HILDA CANDY SPOT RABBIT,0.1424,2011-11-26,2011-12-09,reorder_now,1,1.5035,2.0392,5,Inventory-position-based recommendation from Day 13.
85097B,BLUE ROCKING SINGING CANARY,0.0875,2011-11-26,2011-12-09,no_order_required,0,0.0000,0.0000,5,Inventory-position-based recommendation from Day 13.
85098B,BLUE FLYING SINGING CANARY,0.0875,2011-11-26,2011-12-09,no_order_required,0,0.0000,0.0000,7,Inventory-position-based recommendation from Day 13.
85099B,JUMBO BAG RED RETROSPOT,18.5187,2011-11-26,2011-12-09,reorder_now,2256,671.9215,1647.6715,7,Inventory-position-based recommendation from Day 13.
85099C,JUMBO BAG BAROQUE BLACK WHITE,13.0628,2011-11-26,2011-12-09,reorder_now,627,181.0851,333.1208,3,Inventory-position-based recommendation from Day 13.
85099F,JUMBO BAG STRAWBERRY,8.5787,2011-11-26,2011-12-09,reorder_now,610,247.2932,502.6504,10,Inventory-position-based recommendation from Day 13.
85103,SILVER T-LIGHT SETTING,0.0875,2011-11-26,2011-12-09,no_order_required,0,0.0000,0.0000,14,Inventory-position-based recommendation from Day 13.
85104,SILVER GLASS T-LIGHT SET,0.1892,2011-11-26,2011-12-09,reorder_now,19,13.7066,20.1351,10,Inventory-position-based recommendation from Day 13.
85106,CUT GLASS HEXAGON T-LIGHT HOLDER,0.1902,2011-11-26,2011-12-09,no_order_required,0,4.2524,6.3953,10,Inventory-position-based recommendation from Day 13.
85107,CUT GLASS T-LIGHT HOLDER OCTAGON,1.7670,2011-11-26,2011-12-09,reorder_now,627,361.1658,542.2372,10,Inventory-position-based recommendation from Day 13.
85111,SILVER GLITTER FLOWER VOTIVE HOLDER,0.7452,2011-11-26,2011-12-09,reorder_now,78,42.4185,74.9185,14,Inventory-position-based recommendation from Day 13.
85113,UNKNOWN,0.0875,2011-11-26,2011-12-09,no_order_required,0,0.0000,0.0000,3,Inventory-position-based recommendation from Day 13.
85114A,BLACK ENCHANTED FOREST PLACEMAT,0.4181,2011-11-26,2011-12-09,reorder_now,7,5.5357,7.6786,3,Inventory-position-based recommendation from Day 13.
85114B,IVORY ENCHANTED FOREST PLACEMAT,0.6016,2011-11-26,2011-12-09,reorder_now,20,10.2787,18.3144,5,Inventory-position-based recommendation from Day 13.
85114C,RED ENCHANTED FOREST PLACEMAT,1.7450,2011-11-26,2011-12-09,reorder_now,44,23.8570,38.4285,3,Inventory-position-based recommendation from Day 13.
85116,BLACK CANDELABRA T-LIGHT HOLDER,0.0875,2011-11-26,2011-12-09,no_order_required,0,0.0000,0.0000,5,Inventory-position-based recommendation from Day 13.
85117,NIGHTINGALE COATHOOK WHITE,0.0875,2011-11-26,2011-12-09,no_order_required,0,0.0000,0.0000,10,Inventory-position-based recommendation from Day 13.
85118,HEART T-LIGHT HOLDER,0.0875,2011-11-26,2011-12-09,no_order_required,0,0.0000,0.0000,5,Inventory-position-based recommendation from Day 13.
85119,WATERING CAN SINGLE HOOK PISTACHIO,0.0875,2011-11-26,2011-12-09,no_order_required,0,0.0000,0.0000,14,Inventory-position-based recommendation from Day 13.
85121B,UNKNOWN,0.0875,2011-11-26,2011-12-09,no_order_required,0,0.0000,0.0000,7,Inventory-position-based recommendation from Day 13.
85121C,RETRO LAUNDRY TUB PISTACHIO,0.0875,2011-11-26,2011-12-09,no_order_required,0,0.0000,0.0000,5,Inventory-position-based recommendation from Day 13.
85123A,CREAM HANGING HEART T-LIGHT HOLDER,18.0985,2011-11-26,2011-12-09,reorder_now,1482,351.4512,747.7726,3,Inventory-position-based recommendation from Day 13.
85124A,UNKNOWN,0.0875,2011-11-26,2011-12-09,no_order_required,0,0.0000,0.0000,10,Inventory-position-based recommendation from Day 13.
85124B,BLUE JUICY FRUIT PHOTO FRAME,0.1288,2011-11-26,2011-12-09,no_order_required,0,0.5287,0.6358,3,Inventory-position-based recommendation from Day 13.
85124C,GREEN JUICY FRUIT PHOTO FRAME,0.0875,2011-11-26,2011-12-09,no_order_required,0,0.0000,0.0000,14,Inventory-position-based recommendation from Day 13.
85125,SMALL ROUND CUT GLASS CANDLESTICK,0.2302,2011-11-26,2011-12-09,reorder_now,48,29.8685,40.1185,7,Inventory-position-based recommendation from Day 13.
85126,LARGE ROUND CUTGLASS CANDLESTICK,0.0875,2011-11-26,2011-12-09,no_order_required,0,0.0000,0.0000,10,Inventory-position-based recommendation from Day 13.
85127,SMALL SQUARE CUT GLASS CANDLESTICK,0.3677,2011-11-26,2011-12-09,reorder_now,22,10.8622,19.0765,10,Inventory-position-based recommendation from Day 13.
85129A,UNKNOWN,0.0875,2011-11-26,2011-12-09,no_order_required,0,0.0000,0.0000,5,Inventory-position-based recommendation from Day 13.
85129B,BEADED CRYSTAL HEART GREEN SMALL,0.1383,2011-11-26,2011-12-09,no_order_required,0,0.9472,1.3044,5,Inventory-position-based recommendation from Day 13.
85129C,BEADED CRYSTAL HEART BLUE SMALL,0.0963,2011-11-26,2011-12-09,no_order_required,0,0.9653,1.3224,10,Inventory-position-based recommendation from Day 13.
85129D,BEADED CRYSTAL HEART PINK SMALL,0.3202,2011-11-26,2011-12-09,reorder_now,28,16.8741,23.6241,7,Inventory-position-based recommendation from Day 13.
85130A,BEADED PEARL HEART WHITE LARGE,0.0875,2011-11-26,2011-12-09,no_order_required,0,0.0000,0.0000,3,Inventory-position-based recommendation from Day 13.
85130B,BEADED CRYSTAL HEART GREEN LARGE,0.2182,2011-11-26,2011-12-09,reorder_now,22,12.8526,16.0669,3,Inventory-position-based recommendation from Day 13.
85130C,BEADED CRYSTAL HEART BLUE LARGE,0.2749,2011-11-26,2011-12-09,reorder_now,9,4.6627,7.1627,5,Inventory-position-based recommendation from Day 13.
85130D,BEADED CRYSTAL HEART PINK LARGE,0.1964,2011-11-26,2011-12-09,reorder_now,5,2.6435,3.6078,3,Inventory-position-based recommendation from Day 13.
85131A,BEADED PEARL HEART WHITE ON STICK,0.0881,2011-11-26,2011-12-09,no_order_required,0,0.0000,0.0000,10,Inventory-position-based recommendation from Day 13.
85131B,BEADED CRYSTAL HEART GREEN ON STICK,0.8768,2011-11-26,2011-12-09,reorder_now,55,25.0137,35.9423,3,Inventory-position-based recommendation from Day 13.
85131C,BEADED CRYSTAL HEART BLUE ON STICK,0.1113,2011-11-26,2011-12-09,reorder_now,5,2.7302,3.4445,5,Inventory-position-based recommendation from Day 13.
85131D,BEADED CRYSTAL HEART PINK ON STICK,0.4400,2011-11-26,2011-12-09,reorder_now,33,17.0429,34.0429,14,Inventory-position-based recommendation from Day 13.
85132A,CHARLIE + LOLA BISCUITS TINS,0.0875,2011-11-26,2011-12-09,no_order_required,0,0.0000,0.0000,7,Inventory-position-based recommendation from Day 13.
85132B,CHARLIE AND LOLA TABLE TINS,0.0875,2011-11-26,2011-12-09,no_order_required,0,0.0000,0.0000,7,Inventory-position-based recommendation from Day 13.
85132C,CHARLIE AND LOLA FIGURES TINS,0.0875,2011-11-26,2011-12-09,no_order_required,0,0.0000,0.0000,7,Inventory-position-based recommendation from Day 13.
85135A,YELLOW DRAGONFLY HELICOPTER,0.2914,2011-11-26,2011-12-09,reorder_now,9,6.1015,8.0301,3,Inventory-position-based recommendation from Day 13.
85135B,UNKNOWN,0.1403,2011-11-26,2011-12-09,no_order_required,0,1.7789,2.5289,7,Inventory-position-based recommendation from Day 13.
85135C,RED DRAGONFLY HELICOPTER,0.4286,2011-11-26,2011-12-09,reorder_now,38,24.6655,33.4155,5,Inventory-position-based recommendation from Day 13.
85136A,YELLOW SHARK HELICOPTER,0.3796,2011-11-26,2011-12-09,reorder_now,6,1.9386,3.3314,3,Inventory-position-based recommendation from Day 13.
85136B,BLUE SHARK HELICOPTER,0.0875,2011-11-26,2011-12-09,no_order_required,0,0.0000,0.0000,14,Inventory-position-based recommendation from Day 13.
85136C,RED SHARK HELICOPTER,0.4514,2011-11-26,2011-12-09,reorder_now,7,6.0681,12.8538,10,Inventory-position-based recommendation from Day 13.
85141,UNKNOWN,0.0875,2011-11-26,2011-12-09,no_order_required,0,0.0000,0.0000,5,Inventory-position-based recommendation from Day 13.
85142,JARDIN ETCHED GLASS GINGER JAR,0.0875,2011-11-26,2011-12-09,no_order_required,0,0.0000,0.0000,10,Inventory-position-based recommendation from Day 13.
85144,JARDIN ETCHED GLASS CHEESE DISH,0.0875,2011-11-26,2011-12-09,no_order_required,0,0.0000,0.0000,14,Inventory-position-based recommendation from Day 13.
85150,LADIES & GENTLEMEN METAL SIGN,5.3843,2011-11-26,2011-12-09,reorder_now,73,40.7748,71.2034,3,Inventory-position-based recommendation from Day 13.
85152,HAND OVER THE CHOCOLATE SIGN,3.7701,2011-11-26,2011-12-09,reorder_now,775,340.6792,474.0720,3,Inventory-position-based recommendation from Day 13.
85159A,"BLACK TEA,COFFEE,SUGAR JARS",0.2699,2011-11-26,2011-12-09,reorder_now,13,7.1042,9.1399,3,Inventory-position-based recommendation from Day 13.
85159B,"WHITE TEA,COFFEE,SUGAR JARS",0.3936,2011-11-26,2011-12-09,reorder_now,47,30.1531,48.6531,14,Inventory-position-based recommendation from Day 13.
85160A,WHITE BIRD GARDEN DESIGN MUG,0.0875,2011-11-26,2011-12-09,no_order_required,0,0.0000,0.0000,7,Inventory-position-based recommendation from Day 13.
85160B,BLACK BIRD GARDEN DESIGN MUG,0.1368,2011-11-26,2011-12-09,reorder_now,4,4.0953,5.1667,5,Inventory-position-based recommendation from Day 13.
85163A,WHITE BAROQUE WALL CLOCK,0.1495,2011-11-26,2011-12-09,no_order_required,0,1.1646,1.4860,3,Inventory-position-based recommendation from Day 13.
85163B,BLACK BAROQUE WALL CLOCK,0.1539,2011-11-26,2011-12-09,no_order_required,0,3.5714,5.5714,14,Inventory-position-based recommendation from Day 13.
85164B,BLACK BAROQUE CUCKOO CLOCK,0.0875,2011-11-26,2011-12-09,no_order_required,0,0.0000,0.0000,3,Inventory-position-based recommendation from Day 13.
85165,CANDY PINK FRENCH BOUDOIR CLOCK,0.0875,2011-11-26,2011-12-09,no_order_required,0,0.0000,0.0000,14,Inventory-position-based recommendation from Day 13.
85166B,BLACK METAL BAROQUE PHOTO FRAME,0.0875,2011-11-26,2011-12-09,no_order_required,0,0.0000,0.0000,3,Inventory-position-based recommendation from Day 13.
85167B,BLACK GRAND BAROQUE PHOTO FRAME,0.0875,2011-11-26,2011-12-09,no_order_required,0,0.0000,0.0000,5,Inventory-position-based recommendation from Day 13.
85168B,BLACK BAROQUE CARRIAGE CLOCK,0.2447,2011-11-26,2011-12-09,reorder_now,7,2.8538,4.9967,5,Inventory-position-based recommendation from Day 13.
85169A,IVORY LOVE BIRD CANDLE,0.4494,2011-11-26,2011-12-09,reorder_now,30,16.3232,29.8232,14,Inventory-position-based recommendation from Day 13.
85169B,BLACK LOVE BIRD CANDLE,0.2713,2011-11-26,2011-12-09,reorder_now,12,5.3118,11.3118,14,Inventory-position-based recommendation from Day 13.
85169C,EAU DE NIL LOVE BIRD CANDLE,0.1329,2011-11-26,2011-12-09,reorder_now,4,2.6920,4.1920,7,Inventory-position-based recommendation from Day 13.
85169D,PINK LOVE BIRD CANDLE,0.2551,2011-11-26,2011-12-09,reorder_now,11,8.1948,10.6948,5,Inventory-position-based recommendation from Day 13.
85170A,UNKNOWN,0.0875,2011-11-26,2011-12-09,no_order_required,0,0.0000,0.0000,14,Inventory-position-based recommendation from Day 13.
85170B,SET/6 BLACK BIRD T-LIGHT CANDLES,0.1467,2011-11-26,2011-12-09,no_order_required,0,0.8812,1.2026,3,Inventory-position-based recommendation from Day 13.
85170C,SET/6 EAU DE NIL BIRD T-LIGHTS,0.2024,2011-11-26,2011-12-09,reorder_now,10,8.0940,13.0940,14,Inventory-position-based recommendation from Day 13.
85170D,SET/6 PINK BIRD T-LIGHT CANDLES,0.3262,2011-11-26,2011-12-09,reorder_now,11,6.3786,13.1643,10,Inventory-position-based recommendation from Day 13.
85172,HYACINTH BULB T-LIGHT CANDLES,0.8412,2011-11-26,2011-12-09,reorder_now,435,248.3052,368.3052,10,Inventory-position-based recommendation from Day 13.
85173,SET/6 FROG PRINCE T-LIGHT CANDLES,0.4513,2011-11-26,2011-12-09,reorder_now,46,22.1702,41.0988,10,Inventory-position-based recommendation from Day 13.
85174,S/4 CACTI CANDLES,1.3095,2011-11-26,2011-12-09,reorder_now,78,45.7459,88.2459,14,Inventory-position-based recommendation from Day 13.
85175,UNKNOWN,2.7168,2011-11-26,2011-12-09,reorder_now,458,208.0633,375.2062,10,Inventory-position-based recommendation from Day 13.
85176,SEWING SUSAN 21 NEEDLE SET,1.2725,2011-11-26,2011-12-09,reorder_now,29,11.9055,20.7984,3,Inventory-position-based recommendation from Day 13.
85177,BASKET OF FLOWERS SEWING KIT,0.5901,2011-11-26,2011-12-09,reorder_now,25,9.5810,22.5810,14,Inventory-position-based recommendation from Day 13.
85178,VICTORIAN SEWING KIT,1.6652,2011-11-26,2011-12-09,reorder_now,612,342.6604,549.6604,14,Inventory-position-based recommendation from Day 13.
85179A,GREEN BITTY LIGHT CHAIN,1.4346,2011-11-26,2011-12-09,reorder_now,79,35.8680,74.4394,10,Inventory-position-based recommendation from Day 13.
85179B,WHITE BITTY LIGHT CHAIN,0.0875,2011-11-26,2011-12-09,no_order_required,0,0.0000,0.0000,7,Inventory-position-based recommendation from Day 13.
85180A,RED HEARTS LIGHT CHAIN,0.1616,2011-11-26,2011-12-09,reorder_now,3,2.5253,3.5253,7,Inventory-position-based recommendation from Day 13.
85180B,PINK HEARTS LIGHT CHAIN,0.2204,2011-11-26,2011-12-09,reorder_now,10,5.7486,8.7486,7,Inventory-position-based recommendation from Day 13.
85183A,CHARLIE & LOLA WASTEPAPER BIN BLUE,0.6481,2011-11-26,2011-12-09,reorder_now,42,19.0622,30.6693,5,Inventory-position-based recommendation from Day 13.
85183B,CHARLIE & LOLA WASTEPAPER BIN FLORA,1.4160,2011-11-26,2011-12-09,reorder_now,83,31.3650,69.5793,10,Inventory-position-based recommendation from Day 13.
85184C,SET 4 VALENTINE DECOUPAGE HEART BOX,0.7569,2011-11-26,2011-12-09,reorder_now,18,11.2124,24.4267,10,Inventory-position-based recommendation from Day 13.
85184D,S/4 BLUE ROUND DECOUPAGE BOXES,0.0875,2011-11-26,2011-12-09,no_order_required,0,0.0000,0.0000,7,Inventory-position-based recommendation from Day 13.
85185B,PINK HORSE SOCK PUPPET KIT,0.4137,2011-11-26,2011-12-09,reorder_now,12,9.4796,18.4796,14,Inventory-position-based recommendation from Day 13.
85185D,UNKNOWN,0.0875,2011-11-26,2011-12-09,no_order_required,0,0.0000,0.0000,7,Inventory-position-based recommendation from Day 13.
85186A,EASTER BUNNY GARLAND OF FLOWERS,0.0875,2011-11-26,2011-12-09,no_order_required,0,0.0000,0.0000,14,Inventory-position-based recommendation from Day 13.
85186C,BUNNY EGG GARLAND,0.0875,2011-11-26,2011-12-09,no_order_required,0,0.0000,0.0000,7,Inventory-position-based recommendation from Day 13.
85187,S/12 MINI RABBIT EASTER,0.1637,2011-11-26,2011-12-09,reorder_now,3,2.7302,3.4445,5,Inventory-position-based recommendation from Day 13.
85188A,GREEN METAL SWINGING BUNNY,0.0875,2011-11-26,2011-12-09,no_order_required,0,0.0000,0.0000,14,Inventory-position-based recommendation from Day 13.
85188B,PINK METAL SWINGING BUNNY,0.0875,2011-11-26,2011-12-09,no_order_required,0,0.0000,0.0000,14,Inventory-position-based recommendation from Day 13.
85189,HANGING BUTTERFLY EGG,0.0875,2011-11-26,2011-12-09,no_order_required,0,0.0000,0.0000,3,Inventory-position-based recommendation from Day 13.
85194L,HANGING SPRING FLOWER EGG LARGE,0.1740,2011-11-26,2011-12-09,reorder_now,15,10.6180,14.5466,10,Inventory-position-based recommendation from Day 13.
85194S,HANGING SPRING FLOWER EGG SMALL,0.9581,2011-11-26,2011-12-09,reorder_now,186,93.1100,171.6100,14,Inventory-position-based recommendation from Day 13.
85196,UNKNOWN,0.0875,2011-11-26,2011-12-09,no_order_required,0,0.0000,0.0000,3,Inventory-position-based recommendation from Day 13.
85197,SET OF 12 MINI BUNNIES IN A BUCKET,0.0875,2011-11-26,2011-12-09,no_order_required,0,0.0000,0.0000,7,Inventory-position-based recommendation from Day 13.
85198,ASSORTED FARMYARD ANIMALS IN BUCKET,0.0875,2011-11-26,2011-12-09,no_order_required,0,0.0000,0.0000,14,Inventory-position-based recommendation from Day 13.
85199L,LARGE HANGING IVORY & RED WOOD BIRD,0.6986,2011-11-26,2011-12-09,reorder_now,112,52.8630,78.7558,5,Inventory-position-based recommendation from Day 13.
85199S,SMALL HANGING IVORY/RED WOOD BIRD,10.8653,2011-11-26,2011-12-09,reorder_now,457,151.0438,408.9009,10,Inventory-position-based recommendation from Day 13.
85200,UNKNOWN,0.0875,2011-11-26,2011-12-09,no_order_required,0,0.0000,0.0000,5,Inventory-position-based recommendation from Day 13.
85202,HANGING WOOD AND FELT HEART,0.5053,2011-11-26,2011-12-09,reorder_now,14,10.7186,17.2186,7,Inventory-position-based recommendation from Day 13.
85203,HANGING WOOD AND FELT BUTTERFLY,0.6501,2011-11-26,2011-12-09,reorder_now,53,29.5054,54.8626,10,Inventory-position-based recommendation from Day 13.
85204,HANGING WOOD AND FELT FLOWER,1.2132,2011-11-26,2011-12-09,reorder_now,184,91.0065,135.4708,5,Inventory-position-based recommendation from Day 13.
85205B,PINK FELT EASTER RABBIT GARLAND,0.0875,2011-11-26,2011-12-09,no_order_required,0,0.0000,0.0000,7,Inventory-position-based recommendation from Day 13.
85206A,UNKNOWN,0.0875,2011-11-26,2011-12-09,no_order_required,0,0.0000,0.0000,3,Inventory-position-based recommendation from Day 13.
85206B,PINK FELT EASTER EGG BASKET,0.0875,2011-11-26,2011-12-09,no_order_required,0,0.0000,0.0000,14,Inventory-position-based recommendation from Day 13.
85208,SET/12 FUNKY FELT FLOWER PEG IN BAG,0.1156,2011-11-26,2011-12-09,no_order_required,0,1.1421,1.6421,14,Inventory-position-based recommendation from Day 13.
85211,UNKNOWN,0.0875,2011-11-26,2011-12-09,no_order_required,0,0.0000,0.0000,14,Inventory-position-based recommendation from Day 13.
85212,MINI PAINTED GARDEN DECORATION,0.6475,2011-11-26,2011-12-09,reorder_now,40,16.7413,24.4556,3,Inventory-position-based recommendation from Day 13.
85213,MINI ZINC GARDEN DECORATIONS,0.0875,2011-11-26,2011-12-09,no_order_required,0,0.0000,0.0000,14,Inventory-position-based recommendation from Day 13.
85214,UNKNOWN,0.0875,2011-11-26,2011-12-09,no_order_required,0,0.0000,0.0000,5,Inventory-position-based recommendation from Day 13.
85215,ASSORTED CHEESE FRIDGE MAGNETS,0.0875,2011-11-26,2011-12-09,no_order_required,0,0.0000,0.0000,10,Inventory-position-based recommendation from Day 13.
85216,ASSORTED CAKES FRIDGE MAGNETS,0.0996,2011-11-26,2011-12-09,no_order_required,0,1.1421,1.6421,14,Inventory-position-based recommendation from Day 13.
85217,UNKNOWN,0.0875,2011-11-26,2011-12-09,no_order_required,0,0.0000,0.0000,7,Inventory-position-based recommendation from Day 13.
85221,ASSORTED COLOUR SILK COIN PURSE,0.0875,2011-11-26,2011-12-09,no_order_required,0,0.0000,0.0000,14,Inventory-position-based recommendation from Day 13.
85222,UNKNOWN,0.0875,2011-11-26,2011-12-09,no_order_required,0,0.0000,0.0000,10,Inventory-position-based recommendation from Day 13.
85224,ASSORTED COLOUR SILK GLASSES CASE,0.0875,2011-11-26,2011-12-09,no_order_required,0,0.0000,0.0000,14,Inventory-position-based recommendation from Day 13.
85226A,UNKNOWN,0.0875,2011-11-26,2011-12-09,no_order_required,0,0.0000,0.0000,5,Inventory-position-based recommendation from Day 13.
85226C,BLUE PULL BACK RACING CAR,0.0875,2011-11-26,2011-12-09,no_order_required,0,0.0000,0.0000,5,Inventory-position-based recommendation from Day 13.
85227,SET OF 6 3D KIT CARDS FOR KIDS,4.8402,2011-11-26,2011-12-09,reorder_now,140,43.2358,104.2358,7,Inventory-position-based recommendation from Day 13.
85230A,OPIUM SCENTED VOTIVE CANDLE,0.3546,2011-11-26,2011-12-09,reorder_now,40,22.7335,31.3050,5,Inventory-position-based recommendation from Day 13.
85230B,CINNAMON SCENTED VOTIVE CANDLE,1.1123,2011-11-26,2011-12-09,reorder_now,152,77.9904,103.7047,3,Inventory-position-based recommendation from Day 13.
85230E,STRAWBRY SCENTED VOTIVE CANDLE,0.0875,2011-11-26,2011-12-09,no_order_required,0,0.0000,0.0000,7,Inventory-position-based recommendation from Day 13.
85230F,JASMINE VOTIVE CANDLE,0.1107,2011-11-26,2011-12-09,no_order_required,0,0.0000,0.0000,5,Inventory-position-based recommendation from Day 13.
85230G,ORANGE VOTIVE CANDLE,0.3713,2011-11-26,2011-12-09,reorder_now,32,17.6093,22.7522,3,Inventory-position-based recommendation from Day 13.
85231B,CINAMMON SET OF 9 T-LIGHTS,1.7770,2011-11-26,2011-12-09,reorder_now,100,41.2199,97.2199,14,Inventory-position-based recommendation from Day 13.
85231E,STRAWBERRY SCENTED SET/9 T-LIGHTS,0.0875,2011-11-26,2011-12-09,no_order_required,0,0.0000,0.0000,14,Inventory-position-based recommendation from Day 13.
85231G,amazon,0.1084,2011-11-26,2011-12-09,reorder_now,1,0.9653,1.3224,10,Inventory-position-based recommendation from Day 13.
85231L,UNKNOWN,0.0875,2011-11-26,2011-12-09,no_order_required,0,0.0000,0.0000,10,Inventory-position-based recommendation from Day 13.
85232A,SET/3 POLKADOT STACKING TINS,0.0875,2011-11-26,2011-12-09,no_order_required,0,0.0000,0.0000,14,Inventory-position-based recommendation from Day 13.
85232B,UNKNOWN,0.0875,2011-11-26,2011-12-09,no_order_required,0,0.0000,0.0000,7,Inventory-position-based recommendation from Day 13.
85232D,SET/3 DECOUPAGE STACKING TINS,0.5211,2011-11-26,2011-12-09,reorder_now,11,5.6943,8.4800,3,Inventory-position-based recommendation from Day 13.
90000D,COPPER/OLIVE GREEN FLOWER NECKLACE,0.1189,2011-11-26,2011-12-09,no_order_required,0,0.8076,1.0576,7,Inventory-position-based recommendation from Day 13.
90002D,FLOWER BURST SILVER RING CRYSTAL,0.0875,2011-11-26,2011-12-09,no_order_required,0,0.0000,0.0000,14,Inventory-position-based recommendation from Day 13.
90005A,JADE GREEN ENAMEL HAIR COMB,0.0875,2011-11-26,2011-12-09,no_order_required,0,0.0000,0.0000,14,Inventory-position-based recommendation from Day 13.
90010B,BLACK/WHITE GLASS/SILVER BRACELET,0.0875,2011-11-26,2011-12-09,no_order_required,0,0.0000,0.0000,7,Inventory-position-based recommendation from Day 13.
90010E,AMBER GLASS/SILVER BRACELET,0.1477,2011-11-26,2011-12-09,reorder_now,2,2.1262,3.1976,10,Inventory-position-based recommendation from Day 13.
90013A,MIDNIGHT BLUE VINTAGE EARRINGS,0.1377,2011-11-26,2011-12-09,reorder_now,3,1.7117,2.2474,3,Inventory-position-based recommendation from Day 13.
90013B,BLACK VINTAGE EARRINGS,0.3146,2011-11-26,2011-12-09,no_order_required,0,4.3685,8.8685,14,Inventory-position-based recommendation from Day 13.
90013C,GREEN VINTAGE EARRINGS,0.2257,2011-11-26,2011-12-09,reorder_now,5,1.8734,2.8377,3,Inventory-position-based recommendation from Day 13.
90014A,SILVER M.O.P. ORBIT NECKLACE,0.1045,2011-11-26,2011-12-09,no_order_required,0,1.3396,2.0539,10,Inventory-position-based recommendation from Day 13.
90018A,SILVER M.O.P ORBIT DROP EARRINGS,0.2832,2011-11-26,2011-12-09,no_order_required,0,2.2098,3.8169,5,Inventory-position-based recommendation from Day 13.
90019A,SILVER M.O.P ORBIT BRACELET,0.1563,2011-11-26,2011-12-09,no_order_required,0,2.7099,4.7099,14,Inventory-position-based recommendation from Day 13.
90019C,SILVER BLACK ORBIT BRACELET,0.1276,2011-11-26,2011-12-09,reorder_now,5,3.5714,5.5714,14,Inventory-position-based recommendation from Day 13.
90040A,MURANO STYLE GLASS BRACELET RED,0.0875,2011-11-26,2011-12-09,no_order_required,0,0.0000,0.0000,10,Inventory-position-based recommendation from Day 13.
90040B,MURANO STYLE GLASS BRACELET BLACK,0.0875,2011-11-26,2011-12-09,no_order_required,0,0.0000,0.0000,10,Inventory-position-based recommendation from Day 13.
90042A,FRESHWATER PEARL BRACELET GOLD,0.0875,2011-11-26,2011-12-09,no_order_required,0,0.0000,0.0000,3,Inventory-position-based recommendation from Day 13.
90059A,DIAMANTE HAIR GRIP PACK/2 CRYSTAL,0.2325,2011-11-26,2011-12-09,reorder_now,3,1.4954,2.3525,3,Inventory-position-based recommendation from Day 13.
90059D,DIAMANTE HAIR GRIP PACK/2 PERIDOT,0.1169,2011-11-26,2011-12-09,reorder_now,2,1.5035,2.0392,5,Inventory-position-based recommendation from Day 13.
90062,CARNIVAL BRACELET,0.0875,2011-11-26,2011-12-09,no_order_required,0,0.0000,0.0000,7,Inventory-position-based recommendation from Day 13.
90070,RUBY GLASS CLUSTER BRACELET,0.1213,2011-11-26,2011-12-09,reorder_now,2,0.6826,0.8611,5,Inventory-position-based recommendation from Day 13.
90071,RUBY GLASS CLUSTER EARRINGS,0.2117,2011-11-26,2011-12-09,reorder_now,5,2.5471,4.6900,10,Inventory-position-based recommendation from Day 13.
90073,VINTAGE ENAMEL & CRYSTAL EARRINGS,0.1434,2011-11-26,2011-12-09,reorder_now,2,2.7099,4.7099,14,Inventory-position-based recommendation from Day 13.
90081C,LILY BROOCH OLIVE COLOUR,0.1725,2011-11-26,2011-12-09,reorder_now,2,1.2870,2.0013,5,Inventory-position-based recommendation from Day 13.
90082D,DIAMANTE BOW BROOCH BLACK COLOUR,0.1172,2011-11-26,2011-12-09,no_order_required,0,0.5287,0.6358,3,Inventory-position-based recommendation from Day 13.
90086,CRYSTAL FROG PHONE CHARM,0.3672,2011-11-26,2011-12-09,reorder_now,78,47.1289,71.0575,10,Inventory-position-based recommendation from Day 13.
90087,CRYSTAL SEA HORSE PHONE CHARM,0.3159,2011-11-26,2011-12-09,reorder_now,74,42.5737,61.5737,7,Inventory-position-based recommendation from Day 13.
90094,NECKLACE+BRACELET SET FRUIT SALAD,0.1791,2011-11-26,2011-12-09,reorder_now,2,1.8201,3.2487,10,Inventory-position-based recommendation from Day 13.
90096,NECKLACE+BRACELET SET BLUE BLOSSOM,0.1049,2011-11-26,2011-12-09,reorder_now,6,4.0380,5.2880,7,Inventory-position-based recommendation from Day 13.
90098,NECKLACE+BRACELET PINK BUTTERFLY,0.1495,2011-11-26,2011-12-09,no_order_required,0,1.1208,1.6208,7,Inventory-position-based recommendation from Day 13.
90104,UNKNOWN,0.0875,2011-11-26,2011-12-09,no_order_required,0,0.0000,0.0000,7,Inventory-position-based recommendation from Day 13.
90114,SUMMER DAISIES BAG CHARM,0.3760,2011-11-26,2011-12-09,reorder_now,66,42.3419,60.9133,10,Inventory-position-based recommendation from Day 13.
90115,SUMMER BUTTERFLIES BAG CHARM,0.0875,2011-11-26,2011-12-09,no_order_required,0,0.0000,0.0000,7,Inventory-position-based recommendation from Day 13.
90116,FRUIT SALAD BAG CHARM,0.2841,2011-11-26,2011-12-09,reorder_now,17,9.8838,14.3838,7,Inventory-position-based recommendation from Day 13.
90119,METALIC LEAVES BAG CHARMS,0.4776,2011-11-26,2011-12-09,reorder_now,32,17.3003,34.8003,14,Inventory-position-based recommendation from Day 13.
90120A,PINK MURANO TWIST BRACELET,0.0875,2011-11-26,2011-12-09,no_order_required,0,0.0000,0.0000,14,Inventory-position-based recommendation from Day 13.
90120B,BLUE MURANO TWIST BRACELET,0.1474,2011-11-26,2011-12-09,reorder_now,11,6.9854,9.4854,5,Inventory-position-based recommendation from Day 13.
90120C,GREEN MURANO TWIST BRACELET,0.1390,2011-11-26,2011-12-09,reorder_now,12,8.1816,11.4316,7,Inventory-position-based recommendation from Day 13.
90120D,WHITE MURANO TWIST BRACELET,0.0875,2011-11-26,2011-12-09,no_order_required,0,0.0000,0.0000,7,Inventory-position-based recommendation from Day 13.
90125D,PURPLE BERTIE GLASS BEAD BAG CHARM,0.0875,2011-11-26,2011-12-09,no_order_required,0,0.0000,0.0000,14,Inventory-position-based recommendation from Day 13.
90129A,PINK GLASS TASSLE BAG CHARM,0.0875,2011-11-26,2011-12-09,no_order_required,0,0.0000,0.0000,7,Inventory-position-based recommendation from Day 13.
90129B,TURQUOISE GLASS TASSLE BAG CHARM,0.1583,2011-11-26,2011-12-09,reorder_now,11,9.1898,14.1898,14,Inventory-position-based recommendation from Day 13.
90129C,GREEN GLASS TASSLE BAG CHARM,0.1056,2011-11-26,2011-12-09,reorder_now,1,1.3396,2.0539,10,Inventory-position-based recommendation from Day 13.
90129D,AMBER GLASS TASSLE BAG CHARM,0.0875,2011-11-26,2011-12-09,no_order_required,0,0.0000,0.0000,14,Inventory-position-based recommendation from Day 13.
90129E,PURPLE GLASS TASSLE BAG CHARM,0.1369,2011-11-26,2011-12-09,no_order_required,0,1.1208,1.6208,7,Inventory-position-based recommendation from Day 13.
90129F,RED GLASS TASSLE BAG CHARM,0.1369,2011-11-26,2011-12-09,reorder_now,10,6.1556,7.9413,5,Inventory-position-based recommendation from Day 13.
90130B,TURQ STONE/CRYSTAL EARRINGS,0.2886,2011-11-26,2011-12-09,reorder_now,4,1.9791,3.5862,5,Inventory-position-based recommendation from Day 13.
90134,OLD ROSE COMBO BEAD NECKLACE,0.2167,2011-11-26,2011-12-09,no_order_required,0,2.1664,3.5950,5,Inventory-position-based recommendation from Day 13.
90143,SILVER BRACELET W PASTEL FLOWER,0.1120,2011-11-26,2011-12-09,no_order_required,0,0.5287,0.6358,3,Inventory-position-based recommendation from Day 13.
90144,SILVER DROP EARRINGS WITH FLOWER,0.1468,2011-11-26,2011-12-09,reorder_now,2,1.9035,3.4035,14,Inventory-position-based recommendation from Day 13.
90145,SILVER HOOP EARRINGS WITH FLOWER,0.1557,2011-11-26,2011-12-09,no_order_required,0,2.1536,4.1536,14,Inventory-position-based recommendation from Day 13.
90147,CHUNKY SILVER NECKLACE PASTEL FLOWE,0.1746,2011-11-26,2011-12-09,no_order_required,0,1.2544,1.6830,3,Inventory-position-based recommendation from Day 13.
90158,ST TROPEZ NECKLACE,0.1878,2011-11-26,2011-12-09,reorder_now,5,4.2022,6.4522,7,Inventory-position-based recommendation from Day 13.
90160C,TURQ+RED BOUDICCA LARGE BRACELET,0.1986,2011-11-26,2011-12-09,reorder_now,10,6.8445,9.1659,5,Inventory-position-based recommendation from Day 13.
90161A,ANT COPPER RED BOUDICCA BRACELET,0.1205,2011-11-26,2011-12-09,reorder_now,3,1.6195,2.3338,5,Inventory-position-based recommendation from Day 13.
90161B,ANT COPPER TURQ BOUDICCA BRACELET,0.2856,2011-11-26,2011-12-09,reorder_now,12,5.1562,7.2990,3,Inventory-position-based recommendation from Day 13.
90161C,ANT COPPER LIME BOUDICCA BRACELET,0.3641,2011-11-26,2011-12-09,reorder_now,22,11.7877,22.7877,14,Inventory-position-based recommendation from Day 13.
90161D,ANT COPPER PINK BOUDICCA BRACELET,0.2347,2011-11-26,2011-12-09,reorder_now,9,4.8631,8.6131,7,Inventory-position-based recommendation from Day 13.
90164B,WHITE ROSEBUD PEARL BRACELET,0.3161,2011-11-26,2011-12-09,reorder_now,7,4.4070,5.9070,3,Inventory-position-based recommendation from Day 13.
90167,UNKNOWN,0.0875,2011-11-26,2011-12-09,no_order_required,0,0.0000,0.0000,5,Inventory-position-based recommendation from Day 13.
90170,DAISY HAIR BAND,0.4008,2011-11-26,2011-12-09,reorder_now,9,4.3851,8.8851,7,Inventory-position-based recommendation from Day 13.
90173,PAIR BUTTERFLY HAIR CLIPS,0.0875,2011-11-26,2011-12-09,no_order_required,0,0.0000,0.0000,10,Inventory-position-based recommendation from Day 13.
90175A,WHITE GLASS CHUNKY CHARM BRACELET,0.1403,2011-11-26,2011-12-09,reorder_now,4,2.0519,3.1233,5,Inventory-position-based recommendation from Day 13.
90175D,TIGRIS EYE CHUNKY CHARM BRACELET,0.1991,2011-11-26,2011-12-09,reorder_now,3,2.3314,3.5814,5,Inventory-position-based recommendation from Day 13.
90184B,AMETHYST CHUNKY BEAD BRACELET W STR,0.2454,2011-11-26,2011-12-09,no_order_required,0,2.8148,4.8148,7,Inventory-position-based recommendation from Day 13.
90184C,BLACK CHUNKY BEAD BRACELET W STRAP,0.1382,2011-11-26,2011-12-09,reorder_now,1,0.8812,1.2026,3,Inventory-position-based recommendation from Day 13.
90185D,CRYSTAL DIAMANTE EXPANDABLE RING,0.0875,2011-11-26,2011-12-09,no_order_required,0,0.0000,0.0000,7,Inventory-position-based recommendation from Day 13.
90186A,AMETHYST HOOP EARRING FLORAL LEAF,0.1150,2011-11-26,2011-12-09,reorder_now,1,0.8076,1.0576,7,Inventory-position-based recommendation from Day 13.
90192,JADE DROP EARRINGS W FILIGREE,0.2477,2011-11-26,2011-12-09,reorder_now,5,2.4185,4.0257,5,Inventory-position-based recommendation from Day 13.
90195A,PURPLE GEMSTONE BRACELET,0.1305,2011-11-26,2011-12-09,reorder_now,6,4.0953,5.1667,5,Inventory-position-based recommendation from Day 13.
90197B,BLACK GLASS BRACELET W HEART CHARMS,0.2421,2011-11-26,2011-12-09,no_order_required,0,3.9808,7.9808,14,Inventory-position-based recommendation from Day 13.
90198A,VINTAGE ROSE BEAD BRACELET RASPBERR,0.3996,2011-11-26,2011-12-09,reorder_now,13,5.7486,8.7486,3,Inventory-position-based recommendation from Day 13.
90198B,VINTAGE ROSE BEAD BRACELET BLACK,0.1646,2011-11-26,2011-12-09,reorder_now,8,5.3532,6.6389,3,Inventory-position-based recommendation from Day 13.
90200A,PURPLE SWEETHEART BRACELET,0.3622,2011-11-26,2011-12-09,reorder_now,27,15.0689,28.0689,14,Inventory-position-based recommendation from Day 13.
90200B,BLACK SWEETHEART BRACELET,0.2235,2011-11-26,2011-12-09,reorder_now,6,3.5247,4.8104,3,Inventory-position-based recommendation from Day 13.
90200C,BLUE SWEETHEART BRACELET,0.0875,2011-11-26,2011-12-09,no_order_required,0,0.0000,0.0000,10,Inventory-position-based recommendation from Day 13.
90200D,PINK SWEETHEART BRACELET,0.4384,2011-11-26,2011-12-09,reorder_now,32,16.6166,33.1166,14,Inventory-position-based recommendation from Day 13.
90200E,GREEN SWEETHEART BRACELET,0.3283,2011-11-26,2011-12-09,reorder_now,9,4.6460,7.6818,5,Inventory-position-based recommendation from Day 13.
90201A,PURPLE ENAMEL FLOWER RING,0.1206,2011-11-26,2011-12-09,reorder_now,8,4.1472,7.1472,14,Inventory-position-based recommendation from Day 13.
90201B,BLACK ENAMEL FLOWER RING,0.1518,2011-11-26,2011-12-09,reorder_now,8,6.9508,10.9508,14,Inventory-position-based recommendation from Day 13.
90201C,RED ENAMEL FLOWER RING,0.1015,2011-11-26,2011-12-09,reorder_now,2,1.9035,3.4035,14,Inventory-position-based recommendation from Day 13.
90201D,GREEN ENAMEL FLOWER RING,0.1685,2011-11-26,2011-12-09,reorder_now,3,2.3571,4.8571,14,Inventory-position-based recommendation from Day 13.
90203,UNKNOWN,0.0875,2011-11-26,2011-12-09,no_order_required,0,0.0000,0.0000,3,Inventory-position-based recommendation from Day 13.
90204,PAIR OF ENAMEL BUTTERFLY HAIRCLIP,0.1940,2011-11-26,2011-12-09,reorder_now,5,3.2970,5.7970,10,Inventory-position-based recommendation from Day 13.
90206C,CRYSTAL DIAMANTE STAR BROOCH,0.2693,2011-11-26,2011-12-09,reorder_now,4,2.8387,4.8029,5,Inventory-position-based recommendation from Day 13.
90208,PAIR OF PINK FLOWER CLUSTER SLIDE,0.2852,2011-11-26,2011-12-09,reorder_now,10,5.1266,9.1266,7,Inventory-position-based recommendation from Day 13.
90209B,UNKNOWN,0.0875,2011-11-26,2011-12-09,no_order_required,0,0.0000,0.0000,10,Inventory-position-based recommendation from Day 13.
90209C,PINK ENAMEL+GLASS HAIR COMB,0.0885,2011-11-26,2011-12-09,no_order_required,0,0.0000,0.0000,10,Inventory-position-based recommendation from Day 13.
90214A,"LETTER ""A"" BLING KEY RING",0.2715,2011-11-26,2011-12-09,reorder_now,28,13.9511,21.0940,5,Inventory-position-based recommendation from Day 13.
90214B,"LETTER ""B"" BLING KEY RING",0.1511,2011-11-26,2011-12-09,reorder_now,17,11.5833,15.8690,10,Inventory-position-based recommendation from Day 13.
90214C,"LETTER ""C"" BLING KEY RING",0.2364,2011-11-26,2011-12-09,reorder_now,24,12.2796,18.1725,5,Inventory-position-based recommendation from Day 13.
90214D,"LETTER ""D"" BLING KEY RING",0.1967,2011-11-26,2011-12-09,reorder_now,28,16.7932,27.5075,10,Inventory-position-based recommendation from Day 13.
90214E,"LETTER ""E"" BLING KEY RING",0.1974,2011-11-26,2011-12-09,reorder_now,37,20.6322,36.1322,14,Inventory-position-based recommendation from Day 13.
90214G,"LETTER ""G"" BLING KEY RING",0.2029,2011-11-26,2011-12-09,reorder_now,23,12.9517,16.2732,3,Inventory-position-based recommendation from Day 13.
90214H,"LETTER ""H"" BLING KEY RING",0.2075,2011-11-26,2011-12-09,reorder_now,24,12.7883,20.2883,10,Inventory-position-based recommendation from Day 13.
90214J,"LETTER ""J"" BLING KEY RING",0.1915,2011-11-26,2011-12-09,reorder_now,19,12.7450,19.5308,10,Inventory-position-based recommendation from Day 13.
90214K,"LETTER ""K"" BLING KEY RING",0.2123,2011-11-26,2011-12-09,reorder_now,26,12.3056,18.0199,5,Inventory-position-based recommendation from Day 13.
90214L,"LETTER ""L"" BLING KEY RING",0.1930,2011-11-26,2011-12-09,reorder_now,38,21.3469,30.3469,7,Inventory-position-based recommendation from Day 13.
90214M,"LETTER ""M"" BLING KEY RING",0.1738,2011-11-26,2011-12-09,reorder_now,22,12.7572,19.1858,10,Inventory-position-based recommendation from Day 13.
90214N,"LETTER ""N"" BLING KEY RING",0.2197,2011-11-26,2011-12-09,reorder_now,15,8.9197,11.9554,5,Inventory-position-based recommendation from Day 13.
90214P,"LETTER ""P"" BLING KEY RING",0.1746,2011-11-26,2011-12-09,reorder_now,27,14.0218,20.2718,7,Inventory-position-based recommendation from Day 13.
90214R,"LETTER ""R"" BLING KEY RING",0.1568,2011-11-26,2011-12-09,reorder_now,12,8.1938,10.5152,5,Inventory-position-based recommendation from Day 13.
90214S,"LETTER ""S"" BLING KEY RING",0.2084,2011-11-26,2011-12-09,reorder_now,22,10.8767,14.8410,3,Inventory-position-based recommendation from Day 13.
C2,CARRIAGE,0.6943,2011-11-26,2011-12-09,reorder_now,12,5.4478,13.3049,10,Inventory-position-based recommendation from Day 13.
DOT,DOTCOM POSTAGE,1.2772,2011-11-26,2011-12-09,no_order_required,0,5.2592,14.0092,5,Inventory-position-based recommendation from Day 13.
M,Manual,3.7137,2011-11-26,2011-12-09,reorder_now,1872,970.2306,1249.6592,3,Inventory-position-based recommendation from Day 13.
POST,POSTAGE,10.1267,2011-11-26,2011-12-09,no_order_required,0,44.1016,122.6731,5,Inventory-position-based recommendation from Day 13.
