sku_id,description,analysis_weeks,positive_demand_weeks,zero_demand_week_pct,mean_weekly_demand,std_weekly_demand,coefficient_of_variation,average_demand_interval_weeks,lag_1_autocorrelation,first_13_week_average,last_13_week_average,trend_slope_units_per_week,recent_vs_initial_13_week_change_pct
10002,INFLATABLE POLITICAL GLOBE,104,69,33.65,83.76,167.24,1.997,1.51,0.072,82.92,0.00,-1.809,-100.00
10002R,ROBOT PENCIL SHARPNER,104,2,98.08,0.03,0.22,7.572,52.00,-0.018,0.23,0.00,-0.002,-100.00
10080,GROOVY CACTUS INFLATABLE,104,20,80.77,5.70,21.63,3.794,5.20,0.177,0.00,13.77,0.168,
10109,BENDY COLOUR PENCILS,104,0,100.00,0.00,0.00,0.000,0.00,,0.00,0.00,0.000,
10120,DOGGY RUBBER,104,41,60.58,5.42,11.33,2.090,2.54,-0.020,8.77,5.54,-0.034,-36.84
10123C,HEARTS WRAPPING TAPE,104,34,67.31,6.21,23.66,3.810,3.06,-0.025,13.92,0.00,-0.172,-100.00
10123G,ARMY CAMO WRAPPING TAPE,104,10,90.38,22.42,158.21,7.056,10.40,-0.020,0.00,0.00,-0.325,
10124A,SPOTS ON RED BOOKCOVER TAPE,104,17,83.65,1.29,7.57,5.874,6.12,-0.010,5.85,0.31,-0.038,-94.74
10124G,ARMY CAMO BOOKCOVER TAPE,104,10,90.38,0.32,1.07,3.381,10.40,-0.081,0.00,0.62,0.001,
10125,MINI FUNKY DESIGN TAPES,104,69,33.65,19.46,30.30,1.557,1.51,0.024,12.00,25.31,0.150,110.90
10133,COLOURING PENCILS BROWN TUBE,104,73,29.81,36.08,59.58,1.651,1.42,0.717,26.08,2.31,0.593,-91.15
10134,COLOURING PENCILS BROWN TUBE,104,28,73.08,5.79,23.69,4.092,3.71,-0.003,21.46,0.00,-0.211,-100.00
10135,COLOURING PENCILS BROWN TUBE,104,92,11.54,39.67,87.13,2.196,1.13,0.037,75.31,26.15,-0.198,-65.27
10138,ASSORTED COLOUR JUMBO PEN,104,8,92.31,1.02,4.17,4.088,13.00,-0.019,5.54,0.00,-0.048,-100.00
11001,ASSTD DESIGN RACING CAR PEN,104,85,18.27,45.68,88.83,1.945,1.22,0.186,18.85,23.77,-0.078,26.12
15030,FAN BLACK FRAME,104,24,76.92,3.87,16.13,4.174,4.33,0.004,1.92,2.69,0.047,40.00
15034,PAPER POCKET TRAVELING FAN,104,90,13.46,97.58,193.89,1.987,1.16,0.135,48.38,209.38,1.338,332.75
15036,ASSORTED COLOURS SILK FAN,104,100,3.85,423.47,526.51,1.243,1.04,0.158,101.00,178.15,1.351,76.39
15039,SANDALWOOD FAN,104,92,11.54,48.51,79.19,1.632,1.13,0.143,48.15,31.00,-0.099,-35.62
15044A,PINK PAPER PARASOL,104,80,23.08,47.71,345.24,7.236,1.30,0.008,9.62,5.38,-1.117,-44.00
15044B,BLUE PAPER PARASOL,104,68,34.62,16.05,55.46,3.456,1.53,0.122,3.23,0.46,-0.308,-85.71
15044C,PURPLE PAPER PARASOL,104,82,21.15,9.27,14.62,1.577,1.27,0.201,6.38,3.62,-0.097,-43.37
15044D,RED PAPER PARASOL,104,81,22.12,15.26,23.50,1.540,1.28,0.161,14.00,15.15,-0.087,8.24
15056BL,EDWARDIAN PARASOL BLACK,104,102,1.92,82.75,136.37,1.648,1.02,0.096,212.31,75.85,-0.976,-64.28
15056N,EDWARDIAN PARASOL NATURAL,104,102,1.92,102.71,113.48,1.105,1.02,-0.002,170.23,62.62,-0.897,-63.22
15056P,EDWARDIAN PARASOL PINK,104,99,4.81,18.49,27.30,1.477,1.05,0.045,17.46,14.69,-0.045,-15.86
15058A,BLUE POLKADOT GARDEN PARASOL,104,54,48.08,4.77,9.86,2.067,1.93,0.620,0.23,0.85,-0.020,266.67
15058B,PINK POLKADOT GARDEN PARASOL,104,55,47.12,4.21,8.07,1.916,1.89,0.504,0.38,0.31,0.001,-20.00
15058C,ICE CREAM DESIGN GARDEN PARASOL,104,50,51.92,4.51,10.25,2.272,2.08,0.307,0.15,0.31,0.001,100.00
15059A,ENGLISH ROSE EDWARDIAN PARASOL,104,0,100.00,0.00,0.00,0.000,0.00,,0.00,0.00,0.000,
15060B,FAIRY CAKE DESIGN UMBRELLA,104,95,8.65,13.63,14.51,1.064,1.09,0.254,14.00,9.31,-0.105,-33.52
16008,SMALL FOLDING SCISSOR(POINTED EDGE),104,42,59.62,27.20,66.31,2.438,2.48,0.311,0.00,117.46,1.055,
16010,FOLDING CAMPING SCISSOR W/KNIF & S,104,4,96.15,0.31,1.76,5.712,26.00,-0.031,0.15,0.00,0.001,-100.00
16011,ANIMAL STICKERS,104,65,37.50,36.18,49.63,1.372,1.60,0.155,27.77,38.62,0.059,39.06
16012,FOOD/DRINK SPONGE STICKERS,104,49,52.88,26.62,47.15,1.772,2.12,0.057,38.92,14.85,-0.063,-61.86
16014,SMALL CHINESE STYLE SCISSOR,104,58,44.23,281.49,725.99,2.579,1.79,0.027,351.85,362.85,-0.393,3.13
16015,MEDIUM CHINESE STYLE SCISSOR,104,53,49.04,18.38,69.80,3.796,1.96,-0.031,7.46,3.85,0.028,-48.45
16016,LARGE CHINESE STYLE SCISSOR,104,67,35.58,21.38,45.20,2.114,1.55,-0.041,20.92,18.46,0.013,-11.76
16020C,CLEAR STATIONERY BOX SET,104,24,76.92,1.54,4.80,3.122,4.33,0.378,0.92,0.00,0.005,-100.00
16033,UNKNOWN,104,36,65.38,146.55,420.02,2.866,2.89,0.084,304.62,0.00,-4.542,-100.00
16043,POP ART PUSH DOWN RUBBER,104,11,89.42,20.62,132.62,6.430,9.45,-0.024,3.69,0.00,-0.286,-100.00
16044,UNKNOWN,104,4,96.15,60.47,602.42,9.962,26.00,-0.010,483.77,0.00,-3.046,-100.00
16045,POPART WOODEN PENCILS ASST,104,35,66.35,88.58,185.50,2.094,2.97,0.490,7.85,315.38,3.406,3919.61
16046,TEATIME PEN CASE & PENS,104,41,60.58,95.96,635.24,6.620,2.54,-0.023,24.77,0.31,-1.469,-98.76
16047,POP ART PEN CASE & PENS,104,21,79.81,102.03,715.13,7.009,4.95,-0.015,4.46,0.00,-1.493,-100.00
16048,TEATIME ROUND PENCIL SHARPENER,104,57,45.19,33.27,96.44,2.899,1.82,-0.078,61.62,37.08,-0.060,-39.83
16049,UNKNOWN,104,19,81.73,27.03,97.38,3.603,5.47,-0.060,120.00,0.00,-0.779,-100.00
16050,TEATIME PENCIL WITH RUBBER,104,7,93.27,1.45,7.40,5.095,14.86,0.466,5.31,0.00,-0.062,-100.00
16051,UNKNOWN,104,4,96.15,9.39,85.18,9.067,26.00,-0.012,69.62,0.00,-0.461,-100.00
16052,TEATIME PUSH DOWN RUBBER,104,28,73.08,14.69,75.84,5.162,3.71,-0.015,6.08,0.00,-0.169,-100.00
16053,POPART COL BALLPOINT PEN ASST,104,10,90.38,41.47,275.82,6.651,10.40,-0.023,8.08,0.00,-0.640,-100.00
16054,POPART RECT PENCIL SHARPENER ASST,104,26,75.00,11.63,28.24,2.428,4.00,0.479,0.23,56.15,0.500,24233.33
16119,FUNKY GIRL ADDRESS BOOK,104,3,97.12,2.62,19.41,7.396,34.67,0.427,21.00,0.00,-0.146,-100.00
16151A,FLOWERS HANDBAG blue and orange,104,5,95.19,0.98,6.44,6.571,20.80,0.018,0.00,0.00,0.007,
16156L,WRAP CAROUSEL,104,33,68.27,9.13,14.80,1.621,3.15,-0.046,13.46,7.69,-0.009,-42.86
16156N,"WRAP, FRIENDSHIP ON GREEN",104,22,78.85,14.39,35.56,2.470,4.73,0.477,65.38,0.00,-0.641,-100.00
16156S,WRAP PINK FAIRY CAKES,104,95,8.65,159.00,161.42,1.015,1.09,0.019,223.92,144.23,-1.340,-35.59
16161C,UNKNOWN,104,1,99.04,8.81,89.82,10.198,104.00,-0.010,70.46,0.00,-0.484,-100.00
16161E,WRAP BOUDOIR,104,6,94.23,7.21,52.33,7.257,17.33,0.033,57.69,0.00,-0.386,-100.00
16161G,WRAP BAD HAIR DAY,104,28,73.08,9.38,18.16,1.938,3.71,0.133,5.77,26.92,0.196,366.67
16161M,WRAP PINK FLOCK,104,30,71.15,9.60,16.80,1.751,3.47,0.258,21.15,0.00,-0.283,-100.00
16161P,WRAP ENGLISH ROSE,104,87,16.35,124.79,102.01,0.817,1.20,0.329,94.23,153.85,0.789,63.27
16161U,WRAP SUKI AND FRIENDS,104,96,7.69,94.96,100.30,1.056,1.08,-0.046,126.92,111.54,-0.314,-12.12
16162L,THE KING GIFT BAG,104,26,75.00,79.37,525.39,6.620,4.00,-0.021,42.38,0.62,-1.345,-98.55
16162M,THE KING GIFT BAG 25x24x12cm,104,12,88.46,2.52,14.58,5.789,8.67,-0.017,0.00,0.92,-0.031,
16168M,FUNKY MONKEY GIFT BAG MEDIUM,104,64,38.46,16.39,60.34,3.680,1.62,0.002,64.69,7.92,-0.477,-87.75
16168S,UNKNOWN,104,6,94.23,12.62,78.18,6.197,17.33,0.400,100.92,0.00,-0.682,-100.00
16169A,WRAP CHRISTMAS DECOUPAGE,104,1,99.04,0.24,2.45,10.198,104.00,-0.010,0.00,0.00,-0.008,
16169C,WRAP BLUE REINDEER,104,11,89.42,12.02,44.61,3.712,9.45,0.534,19.23,0.00,-0.212,-100.00
16169D,WRAP WINTER FOREST,104,1,99.04,1.44,14.71,10.198,104.00,,11.54,0.00,-0.082,-100.00
16169E,WRAP 50'S CHRISTMAS,104,20,80.77,41.47,109.06,2.630,5.20,0.793,0.00,297.15,2.066,
16169F,WRAP BLIZZARD,104,10,90.38,8.65,36.83,4.256,10.40,0.576,15.38,0.00,-0.178,-100.00
16169G,WRAP ROMANTIC DECOUPAGE,104,1,99.04,0.24,2.45,10.198,104.00,,1.92,0.00,-0.014,-100.00
16169K,WRAP FOLK ART,104,33,68.27,19.71,63.35,3.214,3.15,0.274,7.69,1.92,-0.290,-75.00
16169M,WRAP DAISY CARPET,104,42,59.62,19.57,62.04,3.170,2.48,0.359,9.62,13.46,-0.119,40.00
16169N,WRAP BLUE RUSSIAN FOLKART,104,28,73.08,18.99,71.77,3.780,3.71,0.249,30.77,0.00,-0.464,-100.00
16169P,WRAP GREEN RUSSIAN FOLKART,104,30,71.15,16.59,59.79,3.605,3.47,0.331,21.15,0.00,-0.398,-100.00
16192,PINK BALLET OPENING CUBE BOX,104,1,99.04,0.03,0.29,10.198,104.00,-0.010,0.23,0.00,-0.002,-100.00
16195,UNKNOWN,104,1,99.04,0.01,0.10,10.198,104.00,-0.010,0.08,0.00,-0.001,-100.00
16201A,PASTEL PINK PHOTO ALBUM,104,6,94.23,0.74,4.07,5.497,17.33,-0.027,0.92,0.00,-0.026,-100.00
16201B,PASTEL BLUE PHOTO ALBUM,104,1,99.04,0.05,0.49,10.198,104.00,,0.38,0.00,-0.003,-100.00
16202A,PASTEL PINK PHOTO ALBUM,104,17,83.65,6.36,41.51,6.531,6.12,-0.018,0.15,0.00,-0.096,-100.00
16202B,PASTEL BLUE PHOTO ALBUM,104,20,80.77,10.17,61.34,6.030,5.20,-0.027,0.92,0.00,-0.156,-100.00
16202C,BEIGE PHOTO ALBUM,104,8,92.31,0.82,4.33,5.298,13.00,-0.034,4.23,0.00,-0.036,-100.00
16202E,BLACK PHOTO ALBUM,104,11,89.42,0.79,3.28,4.162,9.45,-0.005,2.15,0.00,-0.020,-100.00
16206B,RED PURSE WITH PINK HEART,104,13,87.50,1.85,10.58,5.728,8.00,-0.003,7.77,0.00,-0.056,-100.00
16207A,UNKNOWN,104,40,61.54,2.62,11.95,4.552,2.60,0.023,1.69,0.77,-0.048,-54.55
16207B,PINK HEART RED HANDBAG,104,22,78.85,2.63,13.35,5.066,4.73,0.448,18.38,0.00,-0.118,-100.00
16212,UNKNOWN,104,28,73.08,4.04,11.19,2.770,3.71,0.007,6.46,0.00,-0.128,-100.00
16215,FUNKY GIRLZ MAGNETIC TO DO LIST,104,0,100.00,0.00,0.00,0.000,0.00,,0.00,0.00,0.000,
16216,LETTER SHAPE PENCIL SHARPENER,104,51,50.96,38.88,164.58,4.234,2.04,-0.017,10.00,58.46,0.880,484.62
16218,CARTOON PENCIL SHARPENERS,104,51,50.96,43.55,90.08,2.069,2.04,0.159,2.77,127.38,1.262,4500.00
16219,HOUSE SHAPE PENCIL SHARPENER,104,59,43.27,32.18,84.91,2.638,1.76,0.284,4.92,99.15,1.100,1914.06
16225,RATTLE SNAKE EGGS,104,59,43.27,13.54,43.52,3.215,1.76,0.077,35.31,19.31,-0.128,-45.32
16235,RECYCLED PENCIL WITH RABBIT ERASER,104,91,12.50,54.83,83.19,1.517,1.14,0.026,53.31,39.38,0.034,-26.12
16236,KITTY PENCIL ERASERS,104,88,15.38,25.39,29.25,1.152,1.18,0.151,20.00,41.23,0.182,106.15
16237,SLEEPING CAT ERASERS,104,101,2.88,94.46,87.06,0.922,1.03,0.207,60.46,120.62,0.228,99.49
16238,PARTY TIME PENCIL ERASERS,104,84,19.23,22.79,26.46,1.161,1.24,0.111,8.46,31.38,0.212,270.91
16239,BALLERINA HEART DECORATION.,104,8,92.31,3.31,28.91,8.739,13.00,0.035,26.46,0.00,-0.163,-100.00
16243B,BROWN COZY SQUARE PHOTO ALBUM,104,4,96.15,2.02,20.10,9.954,26.00,-0.010,0.38,0.00,-0.087,-100.00
16244A,UNKNOWN,104,11,89.42,1.76,10.51,5.974,9.45,0.116,5.92,0.00,-0.079,-100.00
16244B,MAXWELL 2 TONE BLUE 60 PAGE PHOTO A,104,14,86.54,3.28,25.00,7.625,7.43,0.003,6.08,0.00,-0.140,-100.00
16245A,PINK MINI STATIONERY SET W CASE,104,6,94.23,0.11,0.52,4.915,17.33,-0.042,0.00,0.00,-0.003,
16248B,BLUE HOLE PUNCH,104,10,90.38,1.21,9.01,7.440,10.40,-0.011,0.00,0.69,-0.003,
16254,TRANSPARENT ACRYLIC TAPE DISPENSER,104,25,75.96,9.72,85.57,8.803,4.16,0.082,73.38,1.77,-0.448,-97.59
16256B,UNKNOWN,104,21,79.81,5.34,15.79,2.958,4.95,0.127,14.46,0.00,-0.218,-100.00
16256C,HEARTS PENCIL/RUBBER+5 MINI PENCILS,104,10,90.38,1.62,6.61,4.068,10.40,0.087,4.85,0.00,-0.071,-100.00
16258A,SWIRLY CIRCULAR RUBBERS IN BAG,104,51,50.96,8.80,24.60,2.796,2.04,-0.041,21.92,10.38,-0.098,-52.63
16258B,DAISY ERASERS IN BAG,104,3,97.12,8.99,60.82,6.765,34.67,0.504,71.92,0.00,-0.499,-100.00
16259,PIECE OF CAMO STATIONERY SET,104,37,64.42,52.62,96.16,1.827,2.81,0.466,35.54,28.31,0.520,-20.35
17001,HEAVENS SCENT FRAGRANCE OILS ASSTD,104,16,84.62,17.53,81.08,4.625,6.50,-0.037,40.08,0.00,-0.529,-100.00
17003,BROCADE RING PURSE,104,96,7.69,672.30,1405.78,2.091,1.08,0.053,281.38,426.23,-1.795,51.48
17007B,S/3 POT POURI CUSHIONS BLUE COLOURS,104,6,94.23,0.33,1.74,5.314,17.33,-0.036,0.23,0.00,0.001,-100.00
17011A,ORIGAMI VANILLA INCENSE+FLOWER,104,10,90.38,2.51,19.55,7.790,10.40,-0.007,0.62,0.00,-0.050,-100.00
17011B,ORIGAMI JASMINE INCENSE+FLOWER,104,2,98.08,0.18,1.59,8.722,52.00,-0.013,0.00,0.00,-0.004,
17011C,ORIGAMI LAVENDER INCENSE+FLOWER,104,1,99.04,3.22,32.85,10.198,104.00,-0.010,25.77,0.00,-0.180,-100.00
17011D,ORIGAMI ROSE INCENSE+FLOWER,104,3,97.12,2.01,18.97,9.438,34.67,-0.011,14.85,0.00,-0.107,-100.00
17011E,ORIGAMI OPIUM SCENT INCENSE+FLOWER,104,1,99.04,1.19,12.16,10.198,104.00,-0.010,9.54,0.00,-0.067,-100.00
17011F,ORIGAMI SANDLEWOOD INCENSE+FLOWER,104,19,81.73,3.70,19.80,5.347,5.47,-0.010,14.77,0.00,-0.112,-100.00
17012A,ORIGAMI VANILLA INCENSE/CANDLE SET,104,52,50.00,7.54,23.13,3.069,2.00,0.067,2.00,12.77,0.012,538.46
17012B,ORIGAMI JASMINE INCENSE/CANDLE SET,104,58,44.23,6.93,16.12,2.325,1.79,0.047,2.15,14.00,0.128,550.00
17012C,ORIGAMI LAVENDER INCENSE/CANDL SET,104,59,43.27,8.13,28.33,3.482,1.76,0.005,29.77,14.31,-0.061,-51.94
17012D,ORIGAMI ROSE INCENSE/CANDLE SET,104,49,52.88,4.61,11.01,2.389,2.12,0.474,0.00,23.31,0.177,
17012E,ORIGAMI OPIUM INCENSE/CANDLE SET,104,17,83.65,2.53,19.03,7.527,6.12,-0.002,15.08,0.00,-0.107,-100.00
17012F,ORIGAMI SANDLEWOOD INCENSE/CAND SET,104,48,53.85,5.65,14.40,2.547,2.17,0.362,1.85,22.69,0.170,1129.17
17013B,ORIGAMI JASMINE INCENSE IN TUBE,104,2,98.08,2.46,17.67,7.178,52.00,0.720,19.69,0.00,-0.139,-100.00
17013C,ORIGAMI LAVENDER INCENSE IN TUBE,104,2,98.08,2.05,14.77,7.211,52.00,-0.020,16.38,0.00,-0.103,-100.00
17013D,ORIGAMI ROSE INCENSE IN TUBE,104,27,74.04,10.27,33.85,3.297,3.85,0.004,22.62,0.00,-0.127,-100.00
17013F,ORIGAMI SANDLEWOOD INCENSE IN TUBE,104,5,95.19,0.60,5.50,9.219,20.80,-0.012,0.15,0.00,-0.012,-100.00
17014A,ORIGAMI VANILLA INCENSE CONES,104,16,84.62,4.61,22.76,4.941,6.50,-0.040,7.15,0.00,-0.089,-100.00
17014C,ORIGAMI LAVENDER INCENSE CONES,104,1,99.04,0.01,0.10,10.198,104.00,,0.08,0.00,-0.001,-100.00
17014D,ORIGAMI ROSE INCENSE CONES,104,7,93.27,4.61,27.81,6.038,14.86,-0.028,29.69,0.00,-0.193,-100.00
17014E,ORIGAMI OPIUM INCENSE CONES,104,6,94.23,1.84,12.84,6.992,17.33,-0.015,0.00,0.00,-0.047,
17014F,ORIGAMI SANDLEWOOD INCENSE CONES,104,5,95.19,0.66,5.64,8.497,20.80,-0.014,0.08,0.00,-0.013,-100.00
17021,NAMASTE SWAGAT INCENSE,104,53,49.04,35.42,104.06,2.938,1.96,-0.022,54.92,24.92,-0.028,-54.62
17027A,INCENSE BAZAAR CANNABIS,104,2,98.08,2.19,16.28,7.425,52.00,-0.018,11.08,0.00,-0.101,-100.00
17028J,INCENSE BAZAAR PEACH,104,1,99.04,0.06,0.59,10.198,104.00,-0.010,0.00,0.00,0.001,
17033,UNKNOWN,104,25,75.96,30.87,89.51,2.900,4.16,0.368,80.15,0.00,-1.245,-100.00
17038,PORCELAIN BUDAH INCENSE HOLDER,104,44,57.69,24.58,48.78,1.985,2.36,-0.113,7.69,39.15,0.178,409.00
17039,INLAID WOOD INCENSE HOLDER,104,27,74.04,35.63,135.77,3.810,3.85,0.108,50.38,0.00,-1.163,-100.00
17061,ASSORTED SHAPED STENCIL FOR HENNA,104,1,99.04,0.50,5.10,10.198,104.00,,4.00,0.00,-0.029,-100.00
17084A,TRANQUILITY MASALA INCENSE,104,17,83.65,4.25,10.06,2.366,6.12,-0.122,4.23,1.92,-0.018,-54.55
17084G,MOON INCENSE,104,1,99.04,0.24,2.45,10.198,104.00,,1.92,0.00,-0.014,-100.00
17084J,LOVE POTION MASALA INCENSE,104,18,82.69,4.37,10.69,2.449,5.78,-0.113,2.23,1.92,-0.014,-13.79
17084N,FAIRY DREAMS INCENSE,104,80,23.08,25.85,41.52,1.606,1.30,0.093,12.46,37.54,0.048,201.23
17084P,DRAGONS BLOOD INCENSE,104,45,56.73,9.26,23.64,2.553,2.31,0.023,5.92,9.08,-0.040,53.25
17084R,ASSORTED INCENSE PACK,104,45,56.73,100.78,318.18,3.157,2.31,0.043,271.77,66.46,-1.484,-75.54
17090A,LAVENDER INCENSE 40 CONES IN TIN,104,24,76.92,1.66,5.75,3.455,4.33,-0.002,0.69,1.15,-0.003,66.67
17090D,VANILLA INCENSE 40 CONES IN TIN,104,25,75.96,0.85,2.08,2.452,4.16,0.081,0.92,0.00,-0.010,-100.00
17091A,LAVENDER INCENSE IN TIN,104,58,44.23,21.65,44.46,2.053,1.79,0.208,41.62,0.00,-0.526,-100.00
17091B,JASMINE TEA INCENSE IN TIN,104,29,72.12,2.64,7.67,2.902,3.59,0.118,9.62,0.00,-0.094,-100.00
17091F,SANDALWOOD INCENSE IN TIN,104,3,97.12,0.16,0.96,5.851,34.67,0.375,1.31,0.00,-0.009,-100.00
17091J,VANILLA INCENSE IN TIN,104,79,24.04,36.03,52.08,1.445,1.32,0.044,46.69,35.38,-0.045,-24.22
17096,ASSORTED LAQUERED INCENSE HOLDERS,104,52,50.00,59.99,221.22,3.688,2.00,-0.022,90.54,0.00,-0.918,-100.00
17107D,FLOWER FAIRY 5 DRAWER LINERS,104,49,52.88,2.91,4.25,1.459,2.12,0.089,2.23,4.31,0.010,93.10
17108D,FLOWER FAIRY SUMMER BOUQUET SACHET,104,11,89.42,3.18,10.75,3.377,9.45,0.419,22.69,0.00,-0.156,-100.00
17109A,UNKNOWN,104,8,92.31,7.37,41.12,5.583,13.00,-0.015,30.85,0.00,-0.333,-100.00
17109B,FLOWER FAIRY INCENSE LAVENDER,104,10,90.38,44.27,382.29,8.636,10.40,0.025,354.15,0.00,-2.242,-100.00
17109C,FLOWER FAIRY INCENSE ROSE,104,8,92.31,29.96,248.71,8.301,13.00,0.043,239.69,0.00,-1.527,-100.00
17109D,Adjustment,104,28,73.08,12.16,49.05,4.033,3.71,-0.057,47.46,0.00,-0.489,-100.00
17129C,wrong invc,104,11,89.42,1.96,14.65,7.466,9.45,-0.018,4.54,0.00,-0.078,-100.00
17129D,CLEAR COLOUR GLASS GEMS IN BAG,104,11,89.42,20.49,142.72,6.965,9.45,0.098,163.92,0.00,-1.048,-100.00
17129F,BLUE GLASS GEMS IN BAG,104,79,24.04,15.16,21.48,1.416,1.32,0.142,15.69,4.08,-0.105,-74.02
17136A,check,104,28,73.08,6.94,16.25,2.341,3.71,-0.078,9.62,14.92,0.030,55.20
17164B,ASS COL SMALL SAND GECKO P'WEIGHT,104,43,58.65,32.97,179.98,5.459,2.42,0.017,166.62,0.00,-1.359,-100.00
17164D,ASS COL SMALL SAND FROG P'WEIGHT,104,11,89.42,15.43,84.06,5.447,9.45,0.091,109.00,0.00,-0.801,-100.00
17165B,UNKNOWN,104,30,71.15,4.73,12.37,2.614,3.47,0.110,5.92,0.00,-0.142,-100.00
17165D,UNKNOWN,104,43,58.65,6.56,14.17,2.160,2.42,0.105,5.00,0.00,-0.131,-100.00
17174,ASSTD RASTA KEY-CHAINS,104,6,94.23,0.35,2.42,6.993,17.33,0.004,1.85,0.62,-0.007,-66.67
17178,FLAT PALM T-LIGHT HOLDER,104,16,84.62,1.28,4.50,3.520,6.50,-0.041,2.85,0.00,-0.043,-100.00
17181,CIRCLE OF FRIENDS CANDLE HOLDER,104,26,75.00,3.30,10.97,3.328,4.00,0.178,8.62,0.00,-0.124,-100.00
17191A,ROSE FLOWER CANDLE+INCENSE 16X16CM,104,10,90.38,0.32,1.19,3.759,10.40,-0.037,0.38,0.31,-0.005,-20.00
18007,ESSENTIAL BALM 3.5g TIN IN ENVELOPE,104,42,59.62,109.48,480.29,4.387,2.48,0.026,98.08,0.00,0.157,-100.00
18010,ASSORTED FRAGRANCE BATH CONFETTI,104,4,96.15,0.48,2.89,6.017,26.00,0.738,3.85,0.00,-0.027,-100.00
18094C,WHITE AND BLUE CERAMIC OIL BURNER,104,59,43.27,4.09,5.67,1.388,1.76,0.171,2.31,1.00,-0.010,-56.67
18096C,WHITE ROUND PORCELAIN TLIGHT HOLDER,104,8,92.31,1.09,6.62,6.089,13.00,0.140,8.69,0.00,-0.056,-100.00
18097A,PINK TALL PORCELAIN T-LIGHT HOLDER,104,10,90.38,0.16,0.59,3.628,10.40,0.226,0.08,0.00,-0.000,-100.00
18097B,UNKNOWN,104,3,97.12,0.12,0.71,6.194,34.67,-0.022,0.92,0.00,-0.006,-100.00
18097C,WHITE TALL PORCELAIN T-LIGHT HOLDER,104,78,25.00,16.76,38.24,2.281,1.33,-0.023,32.92,3.31,-0.161,-89.95
18098A,PINK PORCELAIN B'FLY OIL BURNER,104,1,99.04,0.02,0.20,10.198,104.00,-0.010,0.15,0.00,-0.001,-100.00
18098B,BLUE PORCELAIN B'FLY OIL BURNER,104,3,97.12,0.03,0.17,5.830,34.67,0.394,0.23,0.00,-0.002,-100.00
18098C,PORCELAIN BUTTERFLY OIL BURNER,104,67,35.58,14.57,21.41,1.470,1.55,0.540,34.00,0.00,-0.348,-100.00
20615,BLUE POLKADOT PASSPORT COVER,104,78,25.00,6.08,13.55,2.229,1.33,0.119,17.62,8.08,-0.041,-54.15
20616,CHERRY BLOSSOM PASSPORT COVER,104,61,41.35,2.69,5.79,2.150,1.70,0.065,3.77,2.62,0.014,-30.61
20617,FIRST CLASS PASSPORT COVER,104,64,38.46,4.76,19.84,4.168,1.62,0.015,5.00,1.38,-0.038,-72.31
20618,QUEEN OF THE SKIES PASSPORT COVER,104,72,30.77,2.83,4.08,1.443,1.44,0.183,5.77,1.23,-0.014,-78.67
20619,TROPICAL PASSPORT COVER,104,81,22.12,5.55,11.95,2.153,1.28,0.067,15.00,1.31,-0.080,-91.28
20620,RED SPOTTY PASSPORT COVER,104,6,94.23,0.12,0.55,4.725,17.33,0.388,0.92,0.00,-0.006,-100.00
20621,UNKNOWN,104,20,80.77,3.52,19.03,5.408,5.20,0.129,17.62,0.00,-0.148,-100.00
20622,VIP PASSPORT COVER,104,66,36.54,5.39,20.57,3.814,1.58,0.067,3.92,1.69,-0.018,-56.86
20652,BLUE POLKADOT LUGGAGE TAG,104,74,28.85,14.40,62.44,4.335,1.41,0.002,78.92,5.15,-0.471,-93.47
20653,CHERRY BLOSSOM LUGGAGE TAG,104,44,57.69,19.22,176.37,9.176,2.36,-0.011,142.77,1.15,-0.821,-99.19
20654,FIRST CLASS LUGGAGE TAG,104,63,39.42,3.77,5.73,1.521,1.65,-0.028,3.77,2.23,-0.021,-40.82
20655,QUEEN OF SKIES LUGGAGE TAG,104,81,22.12,3.88,4.72,1.214,1.28,0.249,6.46,1.85,-0.020,-71.43
20657,TROPICAL LUGGAGE TAG,104,61,41.35,18.05,122.30,6.776,1.70,-0.012,130.54,1.23,-0.794,-99.06
20658,RED RETROSPOT LUGGAGE TAG,104,86,17.31,14.71,13.84,0.941,1.21,0.297,22.31,0.62,-0.248,-97.24
20659,ECONOMY LUGGAGE TAG,104,66,36.54,3.25,4.25,1.307,1.58,0.073,3.31,3.15,-0.005,-4.65
20660,VIP LUGGAGE TAG,104,11,89.42,0.61,2.81,4.637,9.45,0.006,3.77,0.00,-0.029,-100.00
20661,BLUE POLKADOT PURSE,104,57,45.19,8.62,41.45,4.806,1.82,0.003,5.54,1.08,-0.138,-80.56
20662,FIRST CLASS HOLIDAY PURSE,104,32,69.23,6.99,41.57,5.947,3.25,-0.019,4.15,0.23,-0.114,-94.44
20663,QUEEN OF THE SKIES HOLIDAY PURSE,104,30,71.15,10.33,68.93,6.674,3.47,-0.022,2.31,0.08,-0.153,-96.67
20664,TROPICAL HOLIDAY PURSE,104,25,75.96,0.63,1.59,2.504,4.16,0.137,0.31,0.00,0.005,-100.00
20665,RED RETROSPOT PURSE,104,93,10.58,12.70,11.61,0.914,1.12,0.116,20.54,5.23,-0.123,-74.53
20666,ECONOMY HOLIDAY PURSE,104,28,73.08,8.76,55.18,6.300,3.71,-0.022,3.85,0.00,-0.134,-100.00
20667,CHERRY BLOSSOM PURSE,104,18,82.69,0.38,1.01,2.620,5.78,0.081,0.23,0.00,0.000,-100.00
20668,DISCO BALL CHRISTMAS DECORATION,104,74,28.85,187.86,331.81,1.766,1.41,0.551,120.38,588.92,3.424,389.20
20669,RED HEART LUGGAGE TAG,104,76,26.92,7.48,9.60,1.283,1.37,0.149,13.85,4.23,-0.067,-69.44
20670,VIP HOLIDAY PURSE,104,32,69.23,6.67,41.62,6.237,3.25,-0.010,1.38,0.31,-0.103,-77.78
20671,BLUE TEATIME PRINT BOWL,104,49,52.88,7.52,15.23,2.026,2.12,0.194,9.00,0.00,-0.196,-100.00
20672,UNKNOWN,104,12,88.46,1.31,4.94,3.780,8.67,0.589,10.38,0.00,-0.066,-100.00
20673,UNKNOWN,104,1,99.04,0.06,0.59,10.198,104.00,-0.010,0.46,0.00,-0.003,-100.00
20674,GREEN POLKADOT BOWL,104,101,2.88,31.76,27.13,0.854,1.03,-0.062,23.46,28.46,-0.076,21.31
20675,BLUE POLKADOT BOWL,104,102,1.92,60.54,50.56,0.835,1.02,0.145,50.31,47.69,-0.168,-5.20
20676,RED RETROSPOT BOWL,104,102,1.92,99.47,74.61,0.750,1.02,0.152,66.46,70.77,-0.228,6.48
20677,PINK POLKADOT BOWL,104,102,1.92,72.57,59.11,0.815,1.02,0.108,72.23,48.77,-0.270,-32.48
20678,LARGE BLACK DIAMANTE HAIRSLIDE,104,1,99.04,0.04,0.39,10.198,104.00,-0.010,0.00,0.31,0.002,
20679,EDWARDIAN PARASOL RED,104,101,2.88,50.48,117.28,2.323,1.03,0.105,166.31,42.77,-0.825,-74.28
20680,PINK FLOWERS CHILDS UMBRELLA,104,3,97.12,0.06,0.41,7.176,34.67,0.041,0.46,0.00,-0.003,-100.00
20681,PINK POLKADOT CHILDRENS UMBRELLA,104,64,38.46,13.06,16.27,1.246,1.62,0.520,31.31,0.00,-0.331,-100.00
20682,RED RETROSPOT CHILDRENS UMBRELLA,104,101,2.88,28.18,23.24,0.825,1.03,0.157,43.62,32.92,-0.128,-24.51
20683,UNKNOWN,104,2,98.08,0.02,0.14,7.176,52.00,-0.014,0.15,0.00,-0.001,-100.00
20684,UNKNOWN,104,68,34.62,5.49,10.26,1.869,1.53,0.207,7.15,0.00,-0.091,-100.00
20685,DOORMAT RED RETROSPOT,104,101,2.88,92.08,88.72,0.964,1.03,0.111,166.92,55.23,-0.608,-66.91
20686,DOLLY MIXTURE CHILDREN'S UMBRELLA,104,82,21.15,5.47,6.94,1.269,1.27,0.133,8.77,9.31,0.005,6.14
20688,BEAUTY SPEED EXPRESSO CUPS,104,6,94.23,8.49,57.97,6.828,17.33,0.489,3.31,0.00,-0.363,-100.00
20689,RETRO SISTERS EXPRESSO CUPS,104,21,79.81,4.50,33.39,7.419,4.95,0.113,5.46,0.00,-0.191,-100.00
20691,UNKNOWN,104,1,99.04,0.19,1.96,10.198,104.00,-0.010,1.54,0.00,-0.011,-100.00
20692,UNKNOWN,104,32,69.23,7.62,20.42,2.678,3.25,0.184,16.77,0.00,-0.288,-100.00
20693,FLORAL DINOSAUR GREEN,104,8,92.31,0.30,1.17,3.936,13.00,0.223,2.00,0.00,-0.015,-100.00
20694,FLORAL PINK MONSTER,104,36,65.38,1.59,3.88,2.444,2.89,0.270,4.08,1.00,-0.026,-75.47
20695,FLORAL BLUE MONSTER,104,29,72.12,1.31,4.42,3.382,3.59,0.191,4.62,0.23,-0.040,-95.00
20696,FLORAL SOFT CAR TOY,104,41,60.58,1.41,2.82,1.998,2.54,-0.056,1.69,1.31,-0.012,-22.73
20697,LITTLE GREEN MONSTER SOFT TOY,104,17,83.65,0.38,1.07,2.790,6.12,-0.086,0.69,0.54,-0.001,-22.22
20698,LITTLE PINK MONSTER SOFT TOY,104,20,80.77,1.03,5.97,5.798,5.20,0.086,5.77,0.69,-0.032,-88.00
20699,MOUSEY LONG LEGS SOFT TOY,104,46,55.77,2.77,4.98,1.799,2.26,0.206,4.54,0.23,-0.046,-94.92
20700,GREEN CAT FLORAL CUSHION COVER,104,51,50.96,4.04,17.27,4.277,2.04,0.213,24.62,1.38,-0.149,-94.38
20701,PINK CAT FLORAL CUSHION COVER,104,20,80.77,3.38,17.64,5.227,5.20,0.257,24.23,0.00,-0.158,-100.00
20702,PINK PADDED MOBILE,104,78,25.00,7.60,9.38,1.234,1.33,0.261,8.15,0.46,-0.139,-94.34
20703,BLUE PADDED SOFT MOBILE,104,48,53.85,4.36,6.25,1.436,2.17,0.607,7.23,0.00,-0.126,-100.00
20704,MR ROBOT SOFT TOY,104,45,56.73,3.15,9.46,2.998,2.31,0.106,7.92,1.85,-0.038,-76.70
20705,MRS ROBOT SOFT TOY,104,39,62.50,2.55,7.53,2.956,2.67,0.126,6.77,1.08,-0.042,-84.09
20707,CRAZY DAISY HEART DECORATION,104,72,30.77,15.49,68.28,4.408,1.44,0.137,75.31,2.85,-0.437,-96.22
20711,JUMBO BAG TOYS,104,102,1.92,120.38,129.87,1.079,1.02,-0.006,105.00,83.23,-0.556,-20.73
20712,JUMBO BAG WOODLAND ANIMALS,104,95,8.65,168.33,134.55,0.799,1.09,0.214,135.62,245.15,0.914,80.77
20713,JUMBO BAG OWLS,104,90,13.46,215.28,250.71,1.165,1.16,0.077,151.23,433.62,2.120,186.72
20714,UNKNOWN,104,4,96.15,15.34,102.12,6.659,26.00,0.472,122.69,0.00,-0.858,-100.00
20715,LITTLE FLOWER SHOPPER BAG,104,1,99.04,3.85,39.22,10.198,104.00,-0.010,30.77,0.00,-0.203,-100.00
20716,UNKNOWN,104,73,29.81,14.44,16.54,1.145,1.42,0.215,17.23,0.00,-0.233,-100.00
20717,STRAWBERRY SHOPPER BAG,104,102,1.92,60.12,67.13,1.117,1.02,-0.032,81.31,32.77,-0.395,-59.70
20718,RED RETROSPOT SHOPPER BAG,104,102,1.92,124.27,95.97,0.772,1.02,0.071,148.31,83.15,-1.045,-43.93
20719,WOODLAND CHARLOTTE BAG,104,101,2.88,231.21,124.97,0.540,1.03,0.115,161.00,242.08,0.772,50.36
20721,UNKNOWN,104,2,98.08,0.02,0.14,7.176,52.00,-0.014,0.15,0.00,-0.001,-100.00
20723,STRAWBERRY CHARLOTTE BAG,104,102,1.92,172.69,101.23,0.586,1.02,0.143,94.38,209.38,0.825,121.84
20724,RED RETROSPOT CHARLOTTE BAG,104,102,1.92,301.55,155.72,0.516,1.02,0.053,182.15,449.38,1.868,146.71
20725,LUNCH BAG RED RETROSPOT,104,102,1.92,382.18,176.04,0.461,1.02,0.148,301.23,387.77,0.333,28.73
20726,LUNCH BAG WOODLAND,104,102,1.92,210.07,256.67,1.222,1.02,-0.013,173.15,155.92,-0.587,-9.95
20727,LUNCH BAG BLACK SKULL.,104,102,1.92,252.78,276.81,1.095,1.02,-0.015,155.85,275.38,-0.025,76.70
20728,LUNCH BAG CARS BLUE,104,102,1.92,234.20,260.44,1.112,1.02,-0.022,182.15,214.62,0.085,17.82
20729,UNKNOWN,104,24,76.92,50.46,414.94,8.223,4.33,0.004,392.31,0.00,-2.350,-100.00
20730,STRAWBERRY CANDY BAG,104,23,77.88,21.17,141.06,6.662,4.52,0.064,165.15,0.00,-0.996,-100.00
20731,UNKNOWN,104,43,58.65,41.00,275.30,6.715,2.42,0.019,299.15,0.00,-1.865,-100.00
20733,GOLD MINI TAPE MEASURE,104,79,24.04,18.02,61.34,3.404,1.32,0.065,9.08,11.69,0.070,28.81
20734,SILVER MINI TAPE MEASURE,104,57,45.19,15.70,47.64,3.034,1.82,-0.014,13.54,0.00,-0.273,-100.00
20735,BLACK MINI TAPE MEASURE,104,66,36.54,14.46,33.75,2.334,1.58,0.003,9.77,1.62,-0.059,-83.46
20736,PINK MINI TAPE MEASURE,104,8,92.31,4.27,22.85,5.352,13.00,0.089,34.08,0.00,-0.232,-100.00
20737,UNKNOWN,104,1,99.04,0.01,0.10,10.198,104.00,-0.010,0.08,0.00,-0.001,-100.00
20738,GREEN MINI TAPE MEASURE,104,36,65.38,15.07,40.25,2.671,2.89,0.087,19.85,0.00,-0.392,-100.00
20739,*USB Office Glitter Lamp,104,0,100.00,0.00,0.00,0.000,0.00,,0.00,0.00,0.000,
20743,UNKNOWN,104,1,99.04,0.01,0.10,10.198,104.00,-0.010,0.08,0.00,-0.001,-100.00
20747,UNKNOWN,104,21,79.81,7.93,27.18,3.426,4.95,0.554,46.15,0.00,-0.360,-100.00
20748,KENSINGTON COFFEE SET,104,65,37.50,15.81,91.68,5.800,1.60,0.251,108.77,1.69,-0.696,-98.44
20749,ASSORTED COLOUR MINI CASES,104,100,3.85,27.98,28.66,1.024,1.04,-0.007,18.77,44.08,0.156,134.84
20750,RED RETROSPOT MINI CASES,104,101,2.88,34.52,22.14,0.641,1.03,-0.060,32.08,38.46,-0.023,19.90
20751,FUNKY WASHING UP GLOVES ASSORTED,104,101,2.88,26.79,23.70,0.885,1.03,0.088,51.38,13.15,-0.332,-74.40
20752,BLUE POLKADOT WASHING UP GLOVES,104,90,13.46,14.13,37.02,2.619,1.16,0.015,54.46,5.38,-0.331,-90.11
20753,RETRO PINK SPOT WASHING UP GLOVES,104,6,94.23,1.42,10.74,7.547,17.33,0.383,11.38,0.00,-0.080,-100.00
20754,RETROSPOT RED WASHING UP GLOVES,104,100,3.85,48.46,50.95,1.051,1.04,0.268,97.00,19.31,-0.713,-80.10
20755,BLUE PAISLEY POCKET BOOK,104,52,50.00,49.36,425.34,8.618,2.00,-0.008,344.00,11.15,-2.107,-96.76
20756,GREEN FERN POCKET BOOK,104,31,70.19,55.05,519.78,9.442,3.35,-0.007,411.62,2.31,-2.601,-99.44
20757,RED DAISY POCKET BOOK,104,40,61.54,51.41,472.56,9.191,2.60,-0.004,394.23,5.62,-2.467,-98.58
20758,ABSTRACT CIRCLES POCKET BOOK,104,50,51.92,52.08,473.21,9.087,2.08,-0.005,380.00,4.77,-2.371,-98.74
20759,CHRYSANTHEMUM POCKET BOOK,104,35,66.35,55.54,519.63,9.356,2.97,-0.007,414.62,2.69,-2.619,-99.35
20760,GARDEN PATH POCKET BOOK,104,43,58.65,53.55,425.80,7.952,2.42,-0.015,344.77,3.08,-2.066,-99.11
20761,BLUE PAISLEY SKETCHBOOK,104,70,32.69,4.35,11.13,2.562,1.49,0.223,13.31,3.15,-0.085,-76.30
20762,GREEN FERN SKETCHBOOK,104,63,39.42,4.38,11.58,2.640,1.65,0.325,15.62,1.54,-0.105,-90.15
20763,DAISY SKETCHBOOK,104,46,55.77,2.56,7.41,2.896,2.26,-0.044,5.85,2.31,-0.039,-60.53
20764,ABSTRACT CIRCLES SKETCHBOOK,104,77,25.96,6.42,14.18,2.208,1.35,0.264,21.15,3.54,-0.154,-83.27
20765,CHRYSANTHEMUM SKETCHBOOK,104,65,37.50,3.92,11.78,3.003,1.60,0.234,16.15,1.69,-0.099,-89.52
20766,GARDEN PATH SKETCHBOOK,104,70,32.69,4.96,12.78,2.576,1.49,0.331,18.92,2.77,-0.112,-85.37
20767,BLUE PAISLEY JOURNAL,104,79,24.04,7.66,16.09,2.100,1.32,0.282,22.15,4.31,-0.112,-80.56
20768,GREEN FERN JOURNAL,104,68,34.62,7.01,18.72,2.671,1.53,0.312,24.77,4.54,-0.150,-81.68
20769,DAISY JOURNAL,104,46,55.77,4.14,14.45,3.487,2.26,0.424,19.85,2.46,-0.127,-87.60
20770,ABSTRACT CIRCLE JOURNAL,104,76,26.92,9.82,21.39,2.179,1.37,0.144,26.92,0.46,-0.227,-98.29
20771,CHRYSANTHEMUM JOURNAL,104,65,37.50,5.62,15.18,2.698,1.60,0.472,21.08,3.00,-0.139,-85.77
20772,GARDEN PATH JOURNAL,104,66,36.54,9.23,23.80,2.578,1.58,0.299,35.00,10.62,-0.174,-69.67
20773,BLUE PAISLEY NOTEBOOK,104,56,46.15,32.02,300.22,9.376,1.86,-0.011,241.31,0.15,-1.412,-99.94
20774,GREEN FERN NOTEBOOK,104,54,48.08,33.75,315.03,9.334,1.93,-0.006,255.85,2.69,-1.459,-98.95
20775,DAISY NOTEBOOK,104,53,49.04,35.20,329.57,9.362,1.96,-0.011,267.00,6.85,-1.497,-97.44
20776,ABSTRACT CIRCLES NOTEBOOK,104,28,73.08,31.21,298.15,9.552,3.71,-0.008,244.46,0.00,-1.432,-100.00
20777,CHRYSANTHEMUM NOTEBOOK,104,66,36.54,34.88,313.51,8.987,1.58,-0.009,252.85,8.15,-1.412,-96.78
20778,UNKNOWN,104,42,59.62,34.68,329.57,9.502,2.48,-0.008,264.77,0.00,-1.555,-100.00
20780,BLACK EAR MUFF HEADPHONES,104,39,62.50,1.81,5.42,2.999,2.67,0.417,8.69,0.92,-0.053,-89.38
20781,GOLD EAR MUFF HEADPHONES,104,36,65.38,0.96,2.21,2.300,2.89,0.356,3.62,1.00,-0.019,-72.34
20782,CAMOUFLAGE EAR MUFF HEADPHONES,104,34,67.31,1.37,3.07,2.245,3.06,0.271,4.15,0.92,-0.024,-77.78
20783,HEART EAR MUFF HEADPHONES,104,21,79.81,1.46,5.67,3.876,4.95,0.292,7.69,0.00,-0.071,-100.00
20784,RED RETRO BAR STOOL,104,23,77.88,1.02,2.97,2.913,4.52,0.405,0.23,0.00,-0.026,-100.00
20785,FUSCHIA RETRO BAR STOOL,104,26,75.00,1.35,5.74,4.265,4.00,0.260,1.15,0.00,-0.037,-100.00
20786,BLACK RETRO BAR STOOL,104,19,81.73,1.01,3.67,3.632,5.47,0.434,1.08,0.00,-0.030,-100.00
20787,UNKNOWN,104,17,83.65,0.73,2.78,3.810,6.12,0.445,0.31,0.00,-0.023,-100.00
20791,UNKNOWN,104,2,98.08,0.07,0.53,7.819,52.00,-0.017,0.54,0.00,-0.003,-100.00
20793,BLUE TILED TRAY,104,19,81.73,2.66,23.52,8.831,5.47,-0.005,0.62,0.08,-0.078,-87.50
20794,BLUE TILE HOOK,104,40,61.54,2.02,3.64,1.801,2.60,0.009,2.00,1.31,-0.014,-34.62
20795,LARGE BLUE PROVENCAL CERAMIC BALL,104,24,76.92,1.29,4.08,3.165,4.33,-0.023,3.31,1.77,-0.013,-46.51
20796,SMALL BLUE PROVENCAL CERAMIC BALL,104,19,81.73,0.95,2.77,2.914,5.47,-0.050,1.00,1.00,0.010,0.00
20798,UNKNOWN,104,41,60.58,5.31,11.09,2.089,2.54,0.134,8.31,0.00,-0.142,-100.00
20799,damaged,104,15,85.58,1.89,10.76,5.679,6.93,0.104,5.00,0.00,-0.080,-100.00
20800,LARGE GLASS SUNDAE DISH CLEAR,104,5,95.19,9.66,97.26,10.065,20.80,-0.010,0.54,0.00,-0.403,-100.00
20801,UNKNOWN,104,45,56.73,10.56,29.35,2.780,2.31,0.476,0.77,0.00,0.120,-100.00
20802,SMALL GLASS SUNDAE DISH CLEAR,104,72,30.77,10.11,21.74,2.151,1.44,0.152,3.77,5.85,0.053,55.10
20803,SMALL PINK GLASS SUNDAE DISH,104,47,54.81,11.05,34.68,3.139,2.21,0.343,5.08,0.00,0.067,-100.00
20804,GLASS CHICKEN BUTTER DISH,104,16,84.62,3.28,15.29,4.665,6.50,0.156,21.85,0.00,-0.163,-100.00
20812,EMBOSSED FLOWER TRELLIS PHOTO FRAME,104,1,99.04,0.02,0.20,10.198,104.00,-0.010,0.15,0.00,-0.001,-100.00
20814,SILVER FINCH DECORATION,104,5,95.19,1.55,9.20,5.941,20.80,0.276,12.38,0.00,-0.082,-100.00
20816,GOLD FLOWER CUSHION COVER,104,6,94.23,0.23,1.10,4.763,17.33,0.003,0.08,0.00,-0.002,-100.00
20818,GOLD TEDDY BEAR,104,19,81.73,0.74,2.88,3.894,5.47,-0.045,1.00,0.00,-0.018,-100.00
20819,SILVER TEDDY BEAR,104,42,59.62,1.85,5.70,3.086,2.48,-0.056,1.62,2.69,-0.010,66.67
20820,SILVER LOOKING MIRROR,104,8,92.31,0.11,0.42,3.934,13.00,-0.066,0.15,0.00,-0.001,-100.00
20821,GOLDIE LOOKING MIRROR,104,23,77.88,0.51,1.46,2.868,4.52,-0.006,0.38,0.15,-0.001,-60.00
20822,SILVER WINE GOBLET,104,1,99.04,0.02,0.20,10.198,104.00,-0.010,0.15,0.00,-0.001,-100.00
20823,GOLD WINE GOBLET,104,12,88.46,1.96,10.49,5.346,8.67,0.026,0.31,0.00,0.030,-100.00
20825,GOLD WINE GLASS,104,4,96.15,3.00,28.25,9.418,26.00,-0.011,0.00,0.00,-0.032,
20826,SILVER APERITIF GLASS,104,10,90.38,2.95,16.17,5.477,10.40,0.094,0.00,0.00,0.057,
20827,GOLD APERITIF GLASS,104,6,94.23,1.20,8.79,7.312,17.33,-0.010,0.00,0.00,0.016,
20828,GLITTER BUTTERFLY CLIPS,104,100,3.85,41.23,54.57,1.323,1.04,0.155,60.38,21.92,-0.523,-63.69
20829,GLITTER HANGING BUTTERFLY STRING,104,100,3.85,45.84,82.11,1.791,1.04,0.068,21.62,25.00,-0.318,15.66
20830,SILVER PHOTO FRAME,104,53,49.04,3.88,10.73,2.761,1.96,0.000,8.77,0.31,-0.061,-96.49
20831,GOLD PHOTO FRAME,104,51,50.96,4.07,13.33,3.278,2.04,-0.015,11.31,2.23,-0.049,-80.27
20832,RED FLOCK LOVE HEART PHOTO FRAME,104,61,41.35,16.51,32.28,1.955,1.70,0.360,37.15,36.62,0.129,-1.45
20833,SHAKER THROW QUILTED,104,3,97.12,0.48,3.71,7.723,34.67,-0.016,2.92,0.00,-0.022,-100.00
20835,FRENCH LATTICE CUSHION COVER,104,9,91.35,0.77,2.98,3.869,11.56,0.103,0.92,1.85,0.017,100.00
20836,FRENCH PAISLEY CUSHION COVER,104,19,81.73,2.15,5.14,2.388,5.47,0.196,0.92,6.92,0.047,650.00
20837,FRENCH FLORAL CUSHION COVER,104,13,87.50,1.53,4.32,2.828,8.00,0.340,0.92,4.38,0.044,375.00
20838,FRENCH LATTICE CUSHION COVER,104,33,68.27,4.28,9.60,2.243,3.15,0.202,3.31,11.69,0.121,253.49
20839,FRENCH PAISLEY CUSHION COVER,104,46,55.77,5.81,10.44,1.798,2.26,0.517,0.54,22.23,0.197,4028.57
20840,FRENCH FLORAL CUSHION COVER,104,44,57.69,8.35,24.79,2.970,2.36,0.111,7.00,9.62,0.044,37.36
20845,ZINC HEART LATTICE 2 WALL PLANTER,104,17,83.65,0.95,3.53,3.704,6.12,-0.048,4.00,0.00,-0.030,-100.00
20846,ZINC HEART LATTICE T-LIGHT HOLDER,104,77,25.96,13.55,16.98,1.253,1.35,0.105,14.46,11.92,-0.031,-17.55
20847,ZINC HEART LATTICE CHARGER LARGE,104,24,76.92,0.72,1.95,2.708,4.33,0.063,0.31,0.54,0.007,75.00
20848,ZINC HEART LATTICE CHARGER SMALL,104,12,88.46,0.38,1.44,3.829,8.67,-0.030,0.38,0.38,-0.001,0.00
20849,UNKNOWN,104,20,80.77,6.68,56.71,8.486,5.20,-0.003,47.77,0.00,-0.293,-100.00
20850,ZINC HEART LATTICE PLANTER BOWL,104,15,85.58,7.88,68.63,8.704,6.93,0.040,60.31,0.00,-0.357,-100.00
20851,UNKNOWN,104,24,76.92,3.23,28.41,8.794,4.33,-0.013,23.38,0.00,-0.138,-100.00
20854,BLUE PATCH PURSE PINK HEART,104,45,56.73,4.23,12.40,2.931,2.31,0.210,4.00,0.00,-0.033,-100.00
20855,PINK PATCH PURSE BLUE HEART,104,25,75.96,1.35,3.72,2.766,4.16,0.406,5.15,0.00,-0.052,-100.00
20856,DENIM PATCH PURSE PINK BUTTERFLY,104,58,44.23,3.91,5.05,1.291,1.79,0.288,1.38,0.00,-0.003,-100.00
20857,BLUE ROSE PATCH PURSE PINK BUTTERFL,104,41,60.58,2.38,4.30,1.804,2.54,0.236,4.08,0.00,-0.059,-100.00
20858,SILVER PURSE GOLD PINK BUTTERFLY,104,1,99.04,0.04,0.39,10.198,104.00,-0.010,0.31,0.00,-0.002,-100.00
20859,UNKNOWN,104,1,99.04,0.14,1.47,10.198,104.00,-0.010,1.15,0.00,-0.008,-100.00
20860,GOLD COSMETICS BAG WITH BUTTERFLY,104,9,91.35,0.19,0.75,3.907,11.56,-0.050,0.00,0.00,-0.003,
20861,GOLD COSMETIC BAG PINK STAR,104,11,89.42,0.44,1.75,3.958,9.45,0.124,0.62,0.00,-0.010,-100.00
20862,PINK PATCH PENCIL CASE BLUE HEART,104,15,85.58,3.87,16.34,4.226,6.93,-0.034,9.92,0.00,-0.154,-100.00
20863,BLUE PATCH PENCIL CASE PINK HEART,104,25,75.96,2.95,11.34,3.841,4.16,-0.004,4.31,0.00,-0.103,-100.00
20864,DENIM PATCH PENCIL CASE BUTTERFLY,104,17,83.65,2.41,10.88,4.506,6.12,-0.038,3.46,0.00,-0.085,-100.00
20865,PATCHWORK PENCIL CASE BUTTERFLY,104,17,83.65,2.36,11.07,4.699,6.12,-0.036,3.62,0.00,-0.090,-100.00
20866,BLUE ROSE FABRIC MIRROR,104,68,34.62,12.02,30.92,2.572,1.53,0.080,30.00,17.46,-0.114,-41.79
20867,PINK ROSE FABRIC MIRROR,104,54,48.08,10.22,31.43,3.075,1.93,0.075,33.92,2.62,-0.243,-92.29
20868,SILVER FABRIC MIRROR,104,40,61.54,8.40,30.26,3.600,2.60,0.025,19.62,25.15,0.056,28.24
20869,GOLD FABRIC MIRROR,104,36,65.38,5.01,24.47,4.884,2.89,-0.006,19.62,9.69,-0.063,-50.59
20870,UNKNOWN,104,3,97.12,0.04,0.24,6.194,34.67,-0.023,0.31,0.00,-0.002,-100.00
20871,OPULENT VELVET SET/3 CANDLES,104,35,66.35,11.60,34.40,2.966,2.97,0.209,17.15,0.00,-0.281,-100.00
20877,MODERN CHRISTMAS BAUBLE CANDLE,104,2,98.08,0.12,0.87,7.572,52.00,0.440,0.92,0.00,-0.007,-100.00
20878,UNKNOWN,104,20,80.77,6.77,19.04,2.812,5.20,0.384,4.77,0.00,-0.081,-100.00
20879,TREE OF NOAH FESTIVE SCENTED CANDLE,104,3,97.12,0.70,5.34,7.603,34.67,0.932,5.62,0.00,-0.040,-100.00
20880,UNKNOWN,104,1,99.04,0.16,1.67,10.198,104.00,-0.010,1.31,0.00,-0.009,-100.00
20881,MODERN CHRISTMAS TREE CANDLE,104,2,98.08,0.03,0.22,7.572,52.00,0.894,0.23,0.00,-0.002,-100.00
20882,MODERN CHRISTMAS TREE CANDLE,104,2,98.08,0.03,0.22,7.572,52.00,0.894,0.23,0.00,-0.002,-100.00
20884,UNKNOWN,104,3,97.12,0.12,1.00,8.015,34.67,0.104,1.00,0.00,-0.007,-100.00
20885,BOX OF 3 PEBBLE CANDLES,104,1,99.04,0.01,0.10,10.198,104.00,-0.010,0.08,0.00,-0.001,-100.00
20886,BOX OF 9 PEBBLE CANDLES,104,91,12.50,15.92,18.64,1.170,1.14,0.190,17.77,2.54,-0.217,-85.71
20887,UNKNOWN,104,3,97.12,0.25,1.72,6.866,34.67,-0.020,2.00,0.00,-0.014,-100.00
20888,SET 3 JARDIN DE FEMME SCENT CANDLES,104,10,90.38,3.50,26.23,7.494,10.40,0.095,27.08,0.00,-0.179,-100.00
20889,JARDIN DE FEMME SCENTED CANDLE,104,8,92.31,6.21,42.23,6.799,13.00,0.221,47.31,0.00,-0.315,-100.00
20890,SMALL GLASS ROSE SCENTED CANDLE,104,4,96.15,5.82,52.18,8.970,26.00,-0.013,0.38,0.00,-0.213,-100.00
20891,LARGE GLASS ROSE SCENTED CANDLE,104,3,97.12,6.58,66.78,10.153,34.67,-0.010,0.23,0.00,-0.238,-100.00
20892,SET/3 TALL GLASS CANDLE HOLDER PINK,104,28,73.08,0.88,2.51,2.841,3.71,0.171,3.69,0.00,-0.034,-100.00
20893,HANGING BAUBLE T-LIGHT HOLDER SMALL,104,47,54.81,5.33,16.23,3.047,2.21,0.056,1.00,7.00,0.010,600.00
20894,HANGING BAUBLE T-LIGHT HOLDER LARGE,104,42,59.62,2.55,5.97,2.341,2.48,0.142,1.62,1.69,-0.029,4.76
20895,VINTAGE NOTEBOOK FRENCH LETTER,104,4,96.15,0.15,1.20,7.779,26.00,0.066,1.23,0.00,-0.008,-100.00
20896,VINTAGE NOTEBOOK PINK FLOWER,104,11,89.42,0.38,1.48,3.953,9.45,-0.009,1.23,0.00,-0.014,-100.00
20897,VINTAGE NOTEBOOK PARIS DAYS,104,43,58.65,3.34,15.75,4.721,2.42,0.007,13.38,0.00,-0.075,-100.00
20898,VINTAGE NOTEBOOK TRAVELOGUE,104,31,70.19,3.13,14.80,4.723,3.35,0.154,13.62,0.38,-0.106,-97.18
20899,UNKNOWN,104,12,88.46,0.46,1.93,4.172,8.67,0.116,1.69,0.00,-0.020,-100.00
20901,VINTAGE KEEPSAKE BOX PINK FLOWER,104,33,68.27,0.80,1.65,2.061,3.15,0.273,2.08,0.08,-0.018,-96.30
20902,VINTAGE KEEPSAKE BOX PARIS DAYS,104,58,44.23,1.96,4.10,2.088,1.79,0.202,3.92,0.00,-0.009,-100.00
20903,VINTAGE KEEPSAKE BOX TRAVELOGUE,104,46,55.77,1.79,4.31,2.412,2.26,0.379,5.85,0.15,-0.022,-97.37
20905,VINTAGE KEEPSAKE BOX BEAUTY GIRL,104,2,98.08,0.05,0.40,8.390,52.00,-0.012,0.38,0.00,-0.002,-100.00
20906,VINTAGE NOTEBOOK BEAUTY GIRL,104,25,75.96,0.93,2.56,2.744,4.16,0.385,4.08,0.00,-0.037,-100.00
20910,VINTAGE PHOTO ALBUM PARIS DAYS,104,35,66.35,1.01,2.76,2.731,2.97,0.042,3.77,0.00,-0.034,-100.00
20911,UNKNOWN,104,1,99.04,0.02,0.20,10.198,104.00,-0.010,0.15,0.00,-0.001,-100.00
20913,UNKNOWN,104,6,94.23,2.70,21.90,8.107,17.33,0.062,21.62,0.00,-0.144,-100.00
20914,SET/5 RED RETROSPOT LID GLASS BOWLS,104,102,1.92,176.88,131.09,0.741,1.02,0.139,204.92,131.77,-1.467,-35.70
20931,BLUE POT PLANT CANDLE,104,71,31.73,6.31,11.24,1.782,1.46,0.064,16.23,10.15,-0.038,-37.44
20932,PINK POT PLANT CANDLE,104,55,47.12,2.84,6.75,2.381,1.89,-0.060,2.31,8.92,0.032,286.67
20933,YELLOW POT PLANT CANDLE,104,30,71.15,4.83,30.91,6.404,3.47,-0.018,8.85,0.38,-0.134,-95.65
20934,SET/3 POT PLANT CANDLES,104,38,63.46,2.63,10.04,3.809,2.74,0.024,4.08,1.77,-0.028,-56.60
20935,ROUND CACTUS CANDLE,104,25,75.96,2.88,10.52,3.646,4.16,0.433,18.38,0.46,-0.132,-97.49
20936,FORKED CACTUS CANDLE,104,51,50.96,3.15,9.02,2.859,2.04,-0.001,12.54,4.15,-0.065,-66.87
20939,ORANGE CANDLE,104,1,99.04,0.12,1.18,10.198,104.00,,0.92,0.00,-0.007,-100.00
20940,UNKNOWN,104,2,98.08,0.52,5.10,9.824,52.00,-0.010,4.15,0.00,-0.030,-100.00
20941,FROG CANDLE,104,57,45.19,9.49,39.59,4.172,1.82,0.014,48.77,0.00,-0.356,-100.00
20942,SET/6 GINGERBREAD TREE T-LIGHTS,104,2,98.08,0.05,0.40,8.390,52.00,-0.012,0.38,0.00,-0.003,-100.00
20943,SET/6 GINGERBREAD STAR T-LIGHTS,104,20,80.77,3.72,10.95,2.942,5.20,0.599,7.62,0.00,-0.091,-100.00
20950,UNKNOWN,104,24,76.92,6.49,17.15,2.642,4.33,0.685,6.92,0.00,-0.104,-100.00
20952,PORCELAIN CHERUB BELL SMALL,104,19,81.73,7.83,49.80,6.363,5.47,-0.009,39.23,0.00,-0.280,-100.00
20953,PORCELAIN CHERUB BELL LARGE,104,6,94.23,0.32,1.61,5.070,17.33,0.028,0.00,0.00,-0.004,
20954,*USB Office Mirror Ball,104,1,99.04,0.02,0.20,10.198,104.00,-0.010,0.00,0.00,0.000,
20956,PORCELAIN T-LIGHT HOLDERS ASSORTED,104,68,34.62,24.46,53.15,2.173,1.53,0.338,14.69,42.69,0.113,190.58
20957,PORCELAIN HANGING BELL SMALL,104,14,86.54,1.64,6.39,3.885,7.43,0.171,0.00,0.00,-0.026,
20958,PORCELAIN HANGING BELL LARGE,104,10,90.38,0.37,1.56,4.265,10.40,-0.024,0.00,0.00,-0.005,
20959,UNKNOWN,104,1,99.04,0.05,0.49,10.198,104.00,-0.010,0.38,0.00,-0.003,-100.00
20960,WATERMELON BATH SPONGE,104,55,47.12,17.25,33.19,1.924,1.89,0.290,36.00,0.00,-0.560,-100.00
20961,STRAWBERRY BATH SPONGE,104,97,6.73,32.94,49.18,1.493,1.07,0.170,24.23,35.54,-0.090,46.67
20963,APPLE BATH SPONGE,104,100,3.85,32.01,43.88,1.371,1.04,0.285,23.54,34.77,-0.049,47.71
20964,UNKNOWN,104,5,95.19,0.18,0.95,5.216,20.80,0.005,0.46,0.00,-0.002,-100.00
20966,SANDWICH BATH SPONGE,104,71,31.73,27.78,44.71,1.610,1.46,0.502,44.54,0.00,-0.520,-100.00
20967,GREY FLORAL FELTCRAFT SHOULDER BAG,104,67,35.58,9.88,14.84,1.503,1.55,0.428,14.54,0.15,-0.161,-98.94
20968,UNKNOWN,104,3,97.12,0.24,1.60,6.647,34.67,0.468,1.92,0.00,-0.013,-100.00
20969,RED FLORAL FELTCRAFT SHOULDER BAG,104,99,4.81,30.43,51.61,1.696,1.05,0.312,22.77,82.00,0.431,260.14
20970,PINK FLORAL FELTCRAFT SHOULDER BAG,104,102,1.92,23.51,22.61,0.962,1.02,0.293,33.15,48.38,0.021,45.94
20971,PINK BLUE FELT CRAFT TRINKET BOX,104,102,1.92,202.27,358.68,1.773,1.02,0.392,232.08,541.69,1.688,133.41
20972,PINK CREAM FELT CRAFT TRINKET BOX,104,102,1.92,194.38,210.28,1.082,1.02,0.213,148.08,199.77,-0.552,34.91
20973,12 PENCIL SMALL TUBE WOODLAND,104,81,22.12,94.06,142.74,1.518,1.28,0.284,0.08,186.54,0.500,242400.00
20974,12 PENCILS SMALL TUBE SKULL,104,99,4.81,126.36,121.03,0.958,1.05,0.192,96.23,140.38,0.629,45.88
20975,12 PENCILS SMALL TUBE RED RETROSPOT,104,88,15.38,170.09,229.48,1.349,1.18,0.333,89.77,216.08,-0.413,140.70
20976,UNKNOWN,104,35,66.35,4.85,12.02,2.479,2.97,0.262,16.46,0.00,-0.189,-100.00
20977,36 PENCILS TUBE WOODLAND,104,95,8.65,35.70,29.00,0.812,1.09,0.206,31.85,27.62,0.032,-13.29
20978,36 PENCILS TUBE SKULLS,104,100,3.85,38.12,37.02,0.971,1.04,0.269,39.69,63.00,0.106,58.72
20979,36 PENCILS TUBE RED RETROSPOT,104,101,2.88,74.79,59.22,0.792,1.03,0.063,78.00,105.69,0.231,35.50
20980,36 PENCILS TUBE POSY,104,32,69.23,2.14,5.30,2.472,3.25,0.223,3.92,0.00,-0.027,-100.00
20981,12 PENCILS TALL TUBE WOODLAND,104,99,4.81,44.26,42.56,0.962,1.05,0.148,80.00,60.77,-0.119,-24.04
20982,12 PENCILS TALL TUBE SKULLS,104,98,5.77,43.86,45.60,1.040,1.06,0.407,48.38,91.23,0.163,88.55
20983,12 PENCILS TALL TUBE RED RETROSPOT,104,101,2.88,57.38,51.57,0.899,1.03,0.211,48.08,89.00,0.221,85.12
20984,12 PENCILS TALL TUBE POSY,104,72,30.77,57.99,142.22,2.452,1.44,0.433,140.38,82.31,0.444,-41.37
20985,HEART CALCULATOR,104,89,14.42,22.47,35.05,1.560,1.17,0.013,29.69,19.38,0.004,-34.72
20986,BLUE CALCULATOR RULER,104,76,26.92,11.64,27.88,2.394,1.37,0.188,4.69,32.15,0.184,585.25
20987,GEISHA GIRL CHOPSTICKS SET/5,104,3,97.12,0.55,5.20,9.492,34.67,0.325,4.38,0.00,-0.031,-100.00
20988,TRELLIS FLOWER CHOPSTICKS SET/5,104,6,94.23,0.22,1.17,5.308,17.33,0.192,1.77,0.00,-0.012,-100.00
20989,UNKNOWN,104,13,87.50,3.28,15.01,4.577,8.00,0.210,25.77,0.00,-0.170,-100.00
20990,SPRING FLOWER CHOPSTICKS SET/5,104,25,75.96,8.83,27.51,3.117,4.16,0.112,42.69,0.00,-0.405,-100.00
20991,JAZZ HEARTS MAGNETIC MEMO PAD,104,8,92.31,68.02,668.64,9.830,13.00,0.019,544.15,0.00,-3.438,-100.00
20992,JAZZ HEARTS PURSE NOTEBOOK,104,95,8.65,58.21,84.48,1.451,1.09,0.399,53.77,170.31,1.253,216.74
20993,JAZZ HEARTS MEMO PAD,104,12,88.46,105.44,921.13,8.736,8.67,-0.004,843.46,0.00,-5.400,-100.00
20994,JAZZ HEARTS SPIRAL NOTEPAD,104,3,97.12,0.36,2.99,8.418,34.67,-0.014,2.85,0.00,-0.020,-100.00
20995,UNKNOWN,104,1,99.04,0.03,0.29,10.198,104.00,-0.010,0.23,0.00,-0.002,-100.00
20996,JAZZ HEARTS ADDRESS BOOK,104,88,15.38,59.66,158.15,2.651,1.18,0.017,168.46,108.62,-0.173,-35.53
20997,ROSE DU SUD CUSHION COVER,104,42,59.62,1.60,2.76,1.730,2.48,0.502,1.15,1.15,-0.013,0.00
20998,ROSE DU SUD OVEN GLOVE,104,70,32.69,3.08,3.47,1.128,1.49,0.284,0.85,0.77,0.009,-9.09
21000,ROSE DU SUD COSMETICS BAG,104,59,43.27,1.80,2.63,1.465,1.76,-0.020,1.54,1.92,-0.000,25.00
21001,ROSE DU SUD WASHBAG,104,56,46.15,1.35,1.99,1.478,1.86,-0.092,0.54,1.77,0.005,228.57
21002,ROSE DU SUD DRAWSTRING BAG,104,57,45.19,4.01,5.78,1.442,1.82,0.330,1.31,0.31,-0.051,-76.47
21003,ROSE DU SUD CUSHION COVER,104,33,68.27,0.98,2.09,2.126,3.15,0.273,0.15,2.23,0.016,1350.00
21004,ROSE DU SUD CHILDRENS APRON,104,36,65.38,1.15,2.02,1.749,2.89,0.462,3.23,0.00,-0.039,-100.00
21007,UNKNOWN,104,17,83.65,17.91,68.29,3.812,6.12,0.364,59.00,0.00,-0.655,-100.00
21008,ETCHED GLASS HEART TREE DECORATION,104,1,99.04,0.01,0.10,10.198,104.00,-0.010,0.08,0.00,-0.000,-100.00
21009,UNKNOWN,104,25,75.96,9.32,31.77,3.410,4.16,0.586,18.15,0.00,-0.211,-100.00
21010,UNKNOWN,104,20,80.77,7.32,22.80,3.115,5.20,0.591,10.92,0.00,-0.146,-100.00
21011,GLITTER SNOW PEAR TREE DECORATION,104,24,76.92,17.56,43.33,2.468,4.33,0.775,18.92,0.00,-0.261,-100.00
21012,ANTIQUE ALL GLASS CANDLESTICK,104,88,15.38,20.78,43.24,2.081,1.18,0.442,54.62,24.92,-0.150,-54.37
21014,SWISS CHALET TREE DECORATION,104,44,57.69,17.61,43.47,2.469,2.36,0.613,2.46,91.85,0.537,3631.25
21015,DARK BIRD HOUSE TREE DECORATION,104,41,60.58,15.42,40.39,2.619,2.54,0.785,0.77,102.38,0.662,13210.00
21016,LIGHT BIRD HOUSE TREE DECORATION,104,20,80.77,9.01,32.78,3.638,5.20,0.579,7.69,0.00,-0.124,-100.00
21017,RED BIRD HOUSE TREE DECORATION,104,23,77.88,4.46,15.48,3.470,4.52,0.563,3.69,0.00,-0.059,-100.00
21018,BIRD BOX CHRISTMAS TREE DECORATION,104,18,82.69,3.53,18.14,5.140,5.78,0.017,1.31,0.00,-0.059,-100.00
21025,SPACE FROG,104,34,67.31,2.75,5.64,2.051,3.06,0.241,0.92,1.92,0.014,108.33
21026,SPACE OWL,104,50,51.92,4.95,8.33,1.683,2.08,0.140,6.54,6.15,0.000,-5.88
21027,NINJA RABBIT PINK,104,40,61.54,3.84,8.00,2.085,2.60,-0.037,4.85,1.00,-0.004,-79.37
21028,NINJA RABBIT BLACK,104,51,50.96,2.98,5.56,1.865,2.04,0.280,0.54,2.38,0.022,342.86
21029,UNKNOWN,104,1,99.04,0.02,0.20,10.198,104.00,-0.010,0.15,0.00,-0.001,-100.00
21030,SPACE CADET RED,104,31,70.19,2.30,4.78,2.079,3.35,0.091,1.85,1.69,0.012,-8.33
21031,SPACE CADET BLACK,104,29,72.12,1.24,3.22,2.597,3.59,-0.006,0.23,1.08,-0.008,366.67
21032,SPACE CADET WHITE,104,32,69.23,1.86,4.46,2.401,3.25,0.117,0.15,1.69,0.000,1000.00
21033,JUMBO BAG CHARLIE AND LOLA TOYS,104,87,16.35,44.72,110.02,2.460,1.20,0.166,134.69,0.08,-0.613,-99.94
21034,REX CASH+CARRY JUMBO SHOPPER,104,102,1.92,37.19,24.08,0.647,1.02,0.680,26.15,57.54,0.134,120.00
21035,SET/2 RED RETROSPOT TEA TOWELS,104,102,1.92,55.99,72.66,1.298,1.02,-0.031,67.77,45.15,-0.211,-33.37
21036,SET/2 TEA TOWELS MODERN VINTAGE,104,1,99.04,0.01,0.10,10.198,104.00,-0.010,0.08,0.00,-0.001,-100.00
21038,SET/4 MODERN VINTAGE COTTON NAPKINS,104,33,68.27,1.60,3.64,2.281,3.15,0.354,1.85,0.00,-0.011,-100.00
21039,RED RETROSPOT SHOPPING BAG,104,89,14.42,12.14,15.72,1.295,1.17,-0.035,18.15,8.85,-0.096,-51.27
21040,MODERN VINTAGE COTTON SHOPPING BAG,104,31,70.19,8.58,42.50,4.955,3.35,0.532,59.46,0.00,-0.433,-100.00
21041,RED RETROSPOT OVEN GLOVE DOUBLE,104,76,26.92,25.09,37.20,1.483,1.37,0.396,72.92,5.62,-0.392,-92.30
21042,RED RETROSPOT APRON,104,92,11.54,13.69,18.69,1.365,1.13,0.166,29.31,2.92,-0.230,-90.03
21043,APRON MODERN VINTAGE COTTON,104,49,52.88,6.51,16.23,2.493,2.12,0.432,10.15,0.00,0.014,-100.00
21051,RIBBONS PURSE,104,58,44.23,9.37,26.60,2.840,1.79,0.059,15.08,20.08,-0.008,33.16
21054,UNKNOWN,104,68,34.62,3.54,5.14,1.454,1.53,0.428,5.54,0.31,-0.058,-94.44
21055,TOOL BOX SOFT TOY,104,84,19.23,3.61,4.06,1.126,1.24,0.192,3.31,4.69,0.000,41.86
21056,DOCTOR'S BAG SOFT TOY,104,78,25.00,5.08,10.07,1.983,1.33,0.283,3.77,2.38,-0.016,-36.73
21058,PARTY INVITES WOODLAND,104,92,11.54,22.95,31.14,1.357,1.13,0.208,26.38,16.38,-0.069,-37.90
21059,PARTY INVITES DINOSAURS,104,88,15.38,15.28,18.24,1.194,1.18,0.034,16.69,10.08,-0.081,-39.63
21060,PARTY INVITES BALLOON GIRL,104,74,28.85,12.22,29.60,2.422,1.41,0.116,33.08,8.46,-0.196,-74.42
21061,PARTY INVITES FOOTBALL,104,82,21.15,13.42,30.29,2.257,1.27,0.223,34.54,9.31,-0.198,-73.05
21062,PARTY INVITES SPACEMAN,104,73,29.81,10.12,11.36,1.122,1.42,-0.051,11.77,9.62,-0.001,-18.30
21063,PARTY INVITES JAZZ HEARTS,104,89,14.42,13.91,17.91,1.287,1.17,0.002,13.31,7.92,-0.084,-40.46
21064,BOOM BOX SPEAKER BOYS,104,58,44.23,7.55,39.82,5.276,1.79,-0.003,7.62,11.23,-0.011,47.47
21065,BOOM BOX SPEAKER GIRLS,104,52,50.00,5.63,16.70,2.963,2.00,0.150,1.69,4.77,0.069,181.82
21066,VINTAGE RED MUG,104,70,32.69,21.94,64.82,2.954,1.49,0.349,35.92,42.08,-0.130,17.13
21067,UNKNOWN,104,81,22.12,46.00,123.03,2.675,1.28,0.343,40.15,1.00,-0.970,-97.51
21068,VINTAGE BILLBOARD LOVE/HATE MUG,104,95,8.65,38.81,95.93,2.472,1.09,0.097,40.15,61.46,-0.221,53.07
21069,VINTAGE BILLBOARD TEA MUG,104,79,24.04,48.99,137.49,2.806,1.32,-0.052,15.69,0.00,-0.152,-100.00
21070,VINTAGE BILLBOARD MUG,104,91,12.50,19.42,52.58,2.707,1.14,0.120,36.38,65.15,0.126,79.07
21071,UNKNOWN,104,95,8.65,40.85,90.39,2.213,1.09,0.066,20.31,19.31,-0.524,-4.92
21076,SET/20 COLLAGE PAPER NAPKIN,104,14,86.54,7.94,26.75,3.368,7.43,0.502,58.69,0.00,-0.387,-100.00
21077,SET/20 WOODLAND PAPER NAPKINS,104,38,63.46,26.92,83.57,3.104,2.74,0.214,90.46,0.00,-1.059,-100.00
21078,SET/20 STRAWBERRY PAPER NAPKINS,104,94,9.62,69.21,77.79,1.124,1.11,0.368,33.92,11.38,-0.601,-66.44
21080,SET/20 RED RETROSPOT PAPER NAPKINS,104,102,1.92,294.18,213.03,0.724,1.02,0.183,226.62,204.85,-1.556,-9.61
21081,SET/20 POSIES PAPER NAPKINS,104,3,97.12,0.03,0.17,5.830,34.67,-0.030,0.23,0.00,-0.002,-100.00
21082,SET/20 FRUIT SALAD PAPER NAPKINS,104,64,38.46,68.99,425.82,6.172,1.62,-0.023,15.77,0.00,-1.148,-100.00
21084,SET/6 COLLAGE PAPER CUPS,104,70,32.69,27.94,65.58,2.347,1.49,0.215,8.23,37.69,0.670,357.94
21085,SET/6 WOODLAND PAPER CUPS,104,22,78.85,131.77,1253.62,9.514,4.73,-0.011,64.23,0.00,-5.521,-100.00
21086,SET/6 RED SPOTTY PAPER CUPS,104,96,7.69,158.60,165.79,1.045,1.08,0.022,47.62,108.54,-0.422,127.95
21087,SET/6 POSIES PAPER CUPS,104,22,78.85,2.50,7.28,2.913,4.73,0.184,1.62,0.00,-0.018,-100.00
21088,SET/6 FRUIT SALAD PAPER CUPS,104,58,44.23,159.52,982.50,6.159,1.79,-0.025,5.92,10.77,-1.731,81.82
21089,SET/6 GREEN SPRING PAPER CUPS,104,29,72.12,3.11,7.12,2.292,3.59,0.340,0.46,0.00,0.039,-100.00
21090,SET/6 COLLAGE PAPER PLATES,104,76,26.92,29.74,60.57,2.037,1.37,0.224,11.08,27.08,0.479,144.44
21091,SET/6 WOODLAND PAPER PLATES,104,13,87.50,131.60,1272.23,9.668,8.00,-0.011,54.38,0.00,-5.521,-100.00
21092,SET/6 STRAWBERRY PAPER PLATES,104,13,87.50,123.52,1223.61,9.906,8.00,-0.009,27.08,0.00,-5.162,-100.00
21094,SET/6 RED SPOTTY PAPER PLATES,104,102,1.92,186.71,184.66,0.989,1.02,0.139,127.92,130.62,-0.629,2.10
21095,UNKNOWN,104,33,68.27,4.71,15.62,3.314,3.15,0.002,12.23,0.00,-0.081,-100.00
21096,SET/6 FRUIT SALAD PAPER PLATES,104,58,44.23,153.05,965.91,6.311,1.79,-0.025,6.08,4.46,-1.823,-26.58
21097,SET/6 GREEN SPRING PAPER PLATE,104,6,94.23,0.31,1.53,4.963,17.33,0.508,0.31,0.00,-0.010,-100.00
21098,CHRISTMAS TOILET ROLL,104,56,46.15,79.57,184.56,2.320,1.86,0.422,12.62,195.92,1.038,1453.05
21099,SET/6 STRAWBERRY PAPER CUPS,104,17,83.65,127.55,1270.60,9.962,6.12,-0.008,15.62,0.00,-5.313,-100.00
21100,CHARLIE AND LOLA CHARLOTTE BAG,104,59,43.27,22.15,55.00,2.482,1.76,0.494,103.54,0.00,-0.891,-100.00
21102,"CANDLE IN JAR COLLAGE , VANILLA",104,10,90.38,0.72,3.39,4.703,10.40,0.221,3.54,0.00,-0.034,-100.00
21106,CREAM SLICE FLANNEL CHOCOLATE SPOT,104,73,29.81,7.35,10.44,1.421,1.42,0.222,12.08,9.77,-0.056,-19.11
21107,CREAM SLICE FLANNEL PINK SPOT,104,86,17.31,19.83,35.12,1.771,1.21,0.230,25.46,38.08,0.008,49.55
21108,FAIRY CAKE FLANNEL ASSORTED COLOUR,104,98,5.77,121.88,441.89,3.625,1.06,0.006,48.69,244.69,1.908,402.53
21109,LARGE CAKE TOWEL CHOCOLATE SPOTS,104,74,28.85,9.16,25.55,2.789,1.41,0.300,3.38,8.77,0.045,159.09
21110,LARGE CAKE TOWEL PINK SPOTS,104,87,16.35,15.62,36.99,2.368,1.20,0.343,10.31,11.23,-0.016,8.96
21111,"SWISS ROLL TOWEL, CHOCOLATE SPOTS",104,69,33.65,11.32,22.56,1.993,1.51,0.153,12.31,10.15,-0.027,-17.50
21112,SWISS ROLL TOWEL PINK SPOTS,104,74,28.85,21.26,49.19,2.314,1.41,0.221,8.46,30.31,0.125,258.18
21114,LAVENDER SCENTED FABRIC HEART,104,98,5.77,53.81,54.56,1.014,1.06,0.346,73.69,23.77,-0.865,-67.75
21115,ROSE CARAVAN DOORSTOP,104,98,5.77,10.48,16.87,1.610,1.06,0.001,12.31,17.38,-0.030,41.25
21116,OWL DOORSTOP,104,101,2.88,13.05,12.42,0.952,1.03,0.108,10.23,24.92,0.066,143.61
21117,BLOND DOLL DOORSTOP,104,24,76.92,3.15,10.44,3.310,4.33,-0.032,4.62,4.62,-0.015,0.00
21118,SHOPPING BAG DOORSTOP,104,4,96.15,0.52,3.48,6.709,26.00,0.089,4.15,0.00,-0.028,-100.00
21119,Glow In The Dark Shot Glasses,104,3,97.12,0.03,0.17,5.830,34.67,-0.030,0.08,0.00,-0.001,-100.00
21120,*Boombox Ipod Classic,104,1,99.04,0.01,0.10,10.198,104.00,-0.010,0.00,0.00,0.000,
21121,SET/10 RED POLKADOT PARTY CANDLES,104,102,1.92,145.89,148.59,1.018,1.02,0.041,142.77,121.85,-0.423,-14.66
21122,SET/10 PINK POLKADOT PARTY CANDLES,104,100,3.85,115.66,115.43,0.998,1.04,0.012,112.85,74.15,-0.425,-34.29
21123,SET/10 IVORY POLKADOT PARTY CANDLES,104,87,16.35,25.79,29.69,1.151,1.20,0.084,25.69,24.54,-0.079,-4.49
21124,SET/10 BLUE POLKADOT PARTY CANDLES,104,100,3.85,95.45,83.73,0.877,1.04,0.034,119.62,56.54,-0.503,-52.73
21125,SET 6 FOOTBALL CELEBRATION CANDLES,104,88,15.38,20.32,38.58,1.899,1.18,0.214,60.31,19.46,-0.358,-67.73
21126,SET OF 6 GIRLS CELEBRATION CANDLES,104,93,10.58,22.12,52.78,2.386,1.12,0.206,73.69,11.85,-0.503,-83.92
21127,COLOURFUL FISHING GNOME,104,23,77.88,2.84,17.68,6.234,4.52,0.063,2.08,0.00,-0.098,-100.00
21128,GOLD FISHING GNOME,104,44,57.69,1.13,2.30,2.029,2.36,0.257,0.31,0.77,-0.002,150.00
21129,SILVER FISHING GNOME,104,40,61.54,1.18,2.17,1.836,2.60,0.251,0.69,1.38,-0.002,100.00
21130,COLOURFUL STANDING GNOME,104,22,78.85,6.92,47.24,6.824,4.73,0.015,5.15,0.00,-0.236,-100.00
21131,GOLD STANDING GNOME,104,39,62.50,2.37,12.52,5.292,2.67,-0.027,0.23,1.08,-0.006,366.67
21132,SILVER STANDING GNOME,104,34,67.31,0.88,1.89,2.158,3.06,-0.110,0.38,1.00,-0.000,160.00
21133,PAINTED BIRD ASSORTED CHRISTMAS,104,16,84.62,5.62,40.73,7.253,6.50,0.603,35.08,0.00,-0.282,-100.00
21134,UNKNOWN,104,20,80.77,2.58,9.75,3.785,5.20,0.139,7.31,0.00,-0.086,-100.00
21135,VICTORIAN METAL POSTCARD SPRING,104,101,2.88,56.80,87.92,1.548,1.03,-0.010,36.38,117.92,0.364,224.10
21136,PAINTED METAL PEARS ASSORTED,104,101,2.88,99.43,102.85,1.034,1.03,0.216,60.85,129.62,0.270,113.02
21137,BLACK RECORD COVER FRAME,104,97,6.73,164.61,200.93,1.221,1.07,0.136,104.69,267.31,1.434,155.33
21143,ANTIQUE GLASS HEART DECORATION,104,40,61.54,20.00,41.99,2.099,2.60,0.604,13.92,0.00,-0.231,-100.00
21144,PINK POODLE HANGING DECORATION,104,23,77.88,4.38,12.91,2.944,4.52,0.390,9.38,0.00,-0.104,-100.00
21145,UNKNOWN,104,33,68.27,13.84,56.79,4.104,3.15,0.207,5.08,1.00,-0.256,-80.30
21146,ANTIQUE GLASS RIDGED HANGING BALL,104,16,84.62,6.66,22.49,3.375,6.50,0.428,8.38,0.00,-0.117,-100.00
21147,JINGLE BELLS TREE DECORATION,104,38,63.46,6.17,15.55,2.518,2.74,0.209,0.15,12.38,0.126,7950.00
21148,UNKNOWN,104,1,99.04,0.01,0.10,10.198,104.00,-0.010,0.08,0.00,-0.001,-100.00
21153,RED SPOTTY TABLECLOTH,104,34,67.31,3.62,9.45,2.607,3.06,0.261,8.31,0.00,-0.134,-100.00
21154,RED RETROSPOT OVEN GLOVE,104,102,1.92,76.77,80.71,1.051,1.02,-0.072,63.23,86.00,0.091,36.01
21155,RED RETROSPOT PEG BAG,104,92,11.54,63.17,72.23,1.143,1.13,0.210,31.46,51.38,-0.068,63.33
21156,RETROSPOT CHILDRENS APRON,104,101,2.88,85.76,107.08,1.249,1.03,0.036,96.00,93.54,-0.402,-2.56
21157,RED RETROSPOT WASHBAG,104,63,39.42,6.47,10.44,1.613,1.65,0.397,21.85,0.23,-0.212,-98.94
21158,MOODY GIRL DOOR HANGER,104,88,15.38,24.48,56.90,2.324,1.18,0.055,50.62,61.00,0.155,20.52
21159,MOODY BOY DOOR HANGER,104,85,18.27,19.75,51.99,2.632,1.22,0.060,44.38,44.54,0.068,0.35
21160,KEEP OUT GIRLS DOOR HANGER,104,27,74.04,7.59,47.28,6.232,3.85,-0.015,46.69,0.00,-0.362,-100.00
21161,KEEP OUT BOYS DOOR HANGER,104,66,36.54,22.48,107.43,4.779,1.58,0.021,51.77,0.00,-0.456,-100.00
21162,TOXIC AREA DOOR HANGER,104,86,17.31,22.28,54.46,2.445,1.21,0.043,40.23,59.08,0.246,46.85
21163,DO NOT TOUCH MY STUFF DOOR HANGER,104,82,21.15,26.85,82.01,3.055,1.27,0.020,39.85,36.46,0.082,-8.49
21164,HOME SWEET HOME METAL SIGN,104,102,1.92,56.50,74.09,1.311,1.02,0.139,146.31,17.85,-0.918,-87.80
21165,BEWARE OF THE CAT METAL SIGN,104,98,5.77,88.81,83.92,0.945,1.06,0.003,123.08,105.00,-0.192,-14.69
21166,COOK WITH WINE METAL SIGN,104,94,9.62,190.55,213.79,1.122,1.11,0.157,205.69,363.31,0.639,76.63
21167,WHITE SAGE INCENSE,104,66,36.54,21.14,29.59,1.399,1.58,-0.019,25.77,39.92,0.107,54.93
21169,YOU'RE CONFUSING ME METAL SIGN,104,84,19.23,84.36,104.19,1.235,1.24,0.103,90.31,132.15,0.192,46.34
21171,BATHROOM METAL SIGN,104,75,27.88,17.47,34.97,2.001,1.39,-0.025,16.92,0.00,-0.265,-100.00
21172,PARTY METAL SIGN,104,95,8.65,72.49,61.72,0.851,1.09,0.184,49.92,74.38,0.106,49.00
21173,UNKNOWN,104,14,86.54,3.14,10.62,3.377,7.43,0.721,22.92,0.00,-0.149,-100.00
21174,POTTERING IN THE SHED METAL SIGN,104,102,1.92,92.04,89.72,0.975,1.02,0.094,127.85,153.15,-0.134,19.80
21175,GIN AND TONIC DIET METAL SIGN,104,97,6.73,195.73,295.15,1.508,1.07,0.007,192.00,275.85,0.808,43.67
21179,NO JUNK MAIL METAL SIGN,104,86,17.31,41.16,70.76,1.719,1.21,0.327,96.77,12.15,-0.244,-87.44
21181,PLEASE ONE PERSON METAL SIGN,104,78,25.00,234.69,253.83,1.082,1.33,0.243,248.54,454.85,0.520,83.01
21185,UNKNOWN,104,13,87.50,1.12,4.30,3.823,8.00,0.485,8.77,0.00,-0.057,-100.00
21186,WHITE DOVE HONEYCOMB PAPER GARLAND,104,52,50.00,48.26,83.07,1.721,2.00,0.541,58.46,0.00,-1.080,-100.00
21187,WHITE BELL HONEYCOMB PAPER GARLAND,104,57,45.19,12.63,33.37,2.641,1.82,0.094,4.00,0.00,-0.140,-100.00
21188,3D HEARTS HONEYCOMB PAPER GARLAND,104,69,33.65,8.65,11.92,1.377,1.51,0.123,14.69,0.00,-0.097,-100.00
21189,WHITE HONEYCOMB PAPER GARLAND,104,56,46.15,7.05,12.52,1.776,1.86,0.184,3.31,10.54,0.032,218.60
21190,PINK HEARTS PAPER GARLAND,104,42,59.62,8.21,19.06,2.321,2.48,0.264,24.31,4.00,-0.193,-83.54
21191,LARGE WHITE HONEYCOMB PAPER BELL,104,63,39.42,13.69,30.33,2.215,1.65,0.438,3.31,13.38,0.034,304.65
21192,WHITE BELL HONEYCOMB PAPER,104,66,36.54,21.03,43.59,2.073,1.58,0.293,7.62,35.85,0.255,370.71
21193,UNKNOWN,104,12,88.46,0.98,4.93,5.031,8.67,0.097,4.23,0.00,-0.045,-100.00
21194,PINK HONEYCOMB PAPER FAN,104,51,50.96,5.38,10.89,2.022,2.04,0.287,1.08,12.62,0.146,1071.43
21195,PINK HONEYCOMB PAPER BALL,104,57,45.19,9.51,23.49,2.470,1.82,0.401,4.46,0.00,0.003,-100.00
21196,ROUND WHITE CONFETTI IN TUBE,104,20,80.77,1.60,4.35,2.727,5.20,0.134,0.08,1.00,0.010,1200.00
21197,MULTICOLOUR CONFETTI IN TUBE,104,32,69.23,4.36,10.01,2.297,3.25,-0.002,0.31,5.77,0.050,1775.00
21198,WHITE HEART CONFETTI IN TUBE,104,64,38.46,12.19,24.07,1.974,1.62,0.309,6.92,8.62,0.105,24.44
21199,PINK HEART CONFETTI IN TUBE,104,71,31.73,12.55,27.45,2.188,1.46,0.280,12.31,4.77,0.033,-61.25
21200,MULTICOLOUR HONEYCOMB PAPER GARLAND,104,69,33.65,13.59,36.47,2.684,1.51,0.003,2.54,47.77,0.280,1781.82
21201,TROPICAL HONEYCOMB PAPER GARLAND,104,93,10.58,26.14,42.61,1.630,1.12,-0.073,10.85,47.08,-0.003,334.04
21202,DOLLY HONEYCOMB GARLAND,104,50,51.92,8.21,23.34,2.843,2.08,-0.021,2.92,2.15,-0.040,-26.32
21203,BUTTERFLIES HONEYCOMB GARLAND,104,34,67.31,14.66,38.96,2.657,3.06,0.377,16.08,0.00,-0.502,-100.00
21204,DAISIES HONEYCOMB GARLAND,104,85,18.27,15.30,33.62,2.198,1.22,0.002,8.46,7.54,-0.200,-10.91
21205,MULTICOLOUR 3D BALLS GARLAND,104,78,25.00,5.86,8.06,1.377,1.33,0.085,2.77,3.38,-0.041,22.22
21206,STRAWBERRY HONEYCOMB GARLAND,104,88,15.38,20.61,29.95,1.453,1.18,0.157,14.62,9.69,-0.050,-33.68
21207,SKULL AND CROSSBONES GARLAND,104,92,11.54,34.43,76.99,2.236,1.13,-0.024,15.31,33.77,-0.211,120.60
21208,PASTEL COLOUR HONEYCOMB FAN,104,68,34.62,10.29,18.88,1.835,1.53,0.352,1.92,22.31,0.281,1060.00
21209,MULTICOLOUR HONEYCOMB FAN,104,68,34.62,13.80,25.63,1.857,1.53,0.173,4.54,17.69,0.289,289.83
21210,SET OF 72 RETROSPOT PAPER DOILIES,104,95,8.65,142.93,115.64,0.809,1.09,0.233,142.92,143.77,-0.712,0.59
21211,SET OF 72 SKULL PAPER DOILIES,104,90,13.46,23.11,64.69,2.800,1.16,0.000,8.00,23.38,-0.013,192.31
21212,PACK OF 72 RETROSPOT CAKE CASES,104,102,1.92,895.10,492.13,0.550,1.02,0.181,998.38,610.15,-5.831,-38.89
21213,PACK OF 72 SKULL CAKE CASES,104,102,1.92,382.92,302.96,0.791,1.02,0.064,368.38,341.69,-1.672,-7.25
21214,UNKNOWN,104,36,65.38,19.15,54.66,2.854,2.89,0.294,46.62,0.00,-0.668,-100.00
21215,IVORY PAPER CUP CAKE CASES,104,95,8.65,41.56,65.80,1.583,1.09,0.054,77.54,18.85,-0.698,-75.69
21216,"SET 3 RETROSPOT TEA,COFFEE,SUGAR",104,97,6.73,36.66,31.65,0.863,1.07,0.184,56.31,34.15,-0.037,-39.34
21217,RED RETROSPOT ROUND CAKE TINS,104,101,2.88,26.39,21.81,0.826,1.03,0.240,35.77,16.69,-0.230,-53.33
21218,RED SPOTTY BISCUIT TIN,104,102,1.92,49.67,39.37,0.793,1.02,0.075,68.08,35.08,-0.256,-48.47
21219,SET/4 BADGES BALLOON GIRL,104,74,28.85,9.68,11.73,1.211,1.41,0.125,9.15,9.46,-0.021,3.36
21220,SET/4 BADGES DOGS,104,71,31.73,6.16,7.59,1.232,1.46,0.138,5.31,6.69,0.013,26.09
21221,SET/4 BADGES CUTE CREATURES,104,56,46.15,5.02,7.74,1.543,1.86,0.159,4.08,2.54,-0.004,-37.74
21222,SET/4 BADGES BEETLES,104,67,35.58,5.90,7.37,1.249,1.55,-0.002,8.23,5.08,-0.031,-38.32
21223,SET/4 BADGES WOODLAND ANIMAL,104,17,83.65,4.60,22.09,4.807,6.12,0.231,34.23,0.00,-0.220,-100.00
21224,SET/4 SKULL BADGES,104,95,8.65,20.38,15.87,0.779,1.09,0.057,22.46,22.54,-0.081,0.34
21225,POCKET MIRROR BUTTERFLY,104,2,98.08,0.02,0.14,7.176,52.00,-0.014,0.15,0.00,-0.001,-100.00
21226,POCKET MIRROR WOODLAND,104,24,76.92,2.38,6.92,2.915,4.33,0.224,3.77,0.54,-0.016,-85.71
21228,"POCKET MIRROR ""GLAMOROUS""",104,24,76.92,0.93,2.51,2.686,4.33,0.182,1.08,0.00,-0.020,-100.00
21231,SWEETHEART CERAMIC TRINKET BOX,104,94,9.62,179.66,154.99,0.863,1.11,0.585,17.08,140.00,-1.056,719.82
21232,STRAWBERRY CERAMIC TRINKET POT,104,102,1.92,353.44,248.13,0.702,1.02,0.412,520.31,291.77,-3.756,-43.92
21238,RED RETROSPOT CUP,104,102,1.92,88.42,62.57,0.708,1.02,0.252,76.00,44.69,-0.499,-41.19
21239,PINK POLKADOT CUP,104,102,1.92,69.89,56.36,0.806,1.02,0.167,58.62,32.54,-0.458,-44.49
21240,BLUE POLKADOT CUP,104,102,1.92,72.26,69.90,0.967,1.02,0.046,53.77,31.23,-0.338,-41.92
21241,GREEN POLKADOT CUP,104,43,58.65,19.90,34.94,1.755,2.42,0.338,23.69,0.00,-0.604,-100.00
21242,RED RETROSPOT PLATE,104,101,2.88,66.18,55.20,0.834,1.03,0.131,64.23,49.69,-0.246,-22.63
21243,PINK POLKADOT PLATE,104,99,4.81,52.57,51.09,0.972,1.05,0.034,47.92,33.31,-0.359,-30.50
21244,BLUE POLKADOT PLATE,104,96,7.69,47.91,52.92,1.105,1.08,0.285,43.92,2.69,-0.339,-93.87
21245,GREEN POLKADOT PLATE,104,97,6.73,23.38,28.79,1.231,1.07,-0.065,26.31,10.23,-0.201,-61.11
21246,RED RETROSPOT BIG BOWL,104,76,26.92,7.16,7.91,1.105,1.37,0.131,10.62,0.00,-0.081,-100.00
21247,SET OF RED SALAD SERVERS,104,36,65.38,4.03,8.13,2.019,2.89,0.275,10.69,0.00,-0.141,-100.00
21248,DOOR HANGER MUM + DADS ROOM,104,74,28.85,9.75,21.80,2.236,1.41,0.096,19.54,4.08,-0.166,-79.13
21249,WOODLAND HEIGHT CHART STICKERS,104,96,7.69,15.77,21.71,1.377,1.08,-0.081,17.08,11.46,-0.037,-32.88
21250,SET OF SKULL WALL STICKERS,104,40,61.54,3.80,13.12,3.454,2.60,0.037,5.62,1.77,-0.049,-68.49
21251,DINOSAUR HEIGHT CHART STICKER SET,104,70,32.69,5.67,12.59,2.220,1.49,0.003,4.00,3.31,-0.041,-17.31
21252,UNKNOWN,104,7,93.27,1.24,6.50,5.240,14.86,0.623,9.92,0.00,-0.068,-100.00
21253,SET OF PICTURE FRAME STICKERS,104,68,34.62,3.13,5.37,1.713,1.53,0.258,7.38,4.00,-0.027,-45.83
21255,UNKNOWN,104,18,82.69,4.71,14.38,3.052,5.78,0.573,30.15,0.00,-0.229,-100.00
21256,UNKNOWN,104,11,89.42,2.62,10.31,3.943,9.45,0.506,20.92,0.00,-0.137,-100.00
21257,VICTORIAN SEWING BOX MEDIUM,104,101,2.88,14.50,16.14,1.113,1.03,-0.005,19.54,17.46,-0.035,-10.63
21258,VICTORIAN SEWING BOX LARGE,104,72,30.77,13.68,22.73,1.661,1.44,0.777,15.62,13.85,-0.108,-11.33
21259,VICTORIAN SEWING BOX SMALL,104,102,1.92,21.55,25.07,1.163,1.02,0.093,16.38,23.46,0.015,43.19
21260,FIRST AID TIN,104,101,2.88,33.43,60.12,1.798,1.03,-0.028,37.31,23.15,-0.263,-37.94
21261,GREEN GOOSE FEATHER CHRISTMAS TREE,104,36,65.38,2.70,6.40,2.369,2.89,0.442,1.00,10.23,0.059,923.08
21262,WHITE GOOSE FEATHER CHRISTMAS TREE,104,46,55.77,5.66,9.79,1.729,2.26,0.537,0.31,13.92,0.099,4425.00
21263,GREEN GOOSE FEATHER TREE 60CM,104,24,76.92,2.79,9.13,3.274,4.33,0.238,0.00,9.46,0.060,
21264,WHITE GOOSE FEATHER TREE 60CM,104,32,69.23,3.70,8.68,2.345,3.25,0.333,0.15,16.92,0.117,10900.00
21265,PINK GOOSE FEATHER TREE 60CM,104,23,77.88,2.86,9.45,3.308,4.52,0.280,1.08,6.62,0.030,514.29
21266,VINTAGE SILVER TINSEL REEL,104,2,98.08,0.20,1.49,7.380,52.00,0.850,1.62,0.00,-0.011,-100.00
21267,VINTAGE PINK TINSEL REEL,104,2,98.08,0.12,0.84,7.277,52.00,0.812,0.92,0.00,-0.007,-100.00
21268,VINTAGE BLUE TINSEL REEL,104,24,76.92,4.24,13.18,3.109,4.33,0.128,6.54,0.00,-0.088,-100.00
21269,ANTIQUE CREAM CUTLERY SHELF,104,42,59.62,1.22,2.19,1.797,2.48,-0.100,1.77,0.38,-0.016,-78.26
21270,ANTIQUE CREAM CUTLERY CUPBOARD,104,26,75.00,0.72,2.01,2.790,4.00,0.497,1.00,0.15,-0.003,-84.62
21272,UNKNOWN,104,84,19.23,22.72,29.81,1.312,1.24,0.226,36.15,0.00,-0.378,-100.00
21274,EMBOSSED HEART 3 DRAWER SHELF,104,42,59.62,1.65,2.59,1.567,2.48,0.601,3.69,0.00,-0.055,-100.00
21275,ZINC TOP 2 DOOR WOODEN SHELF,104,33,68.27,2.42,10.20,4.211,3.15,0.434,15.77,0.08,-0.111,-99.51
21276,TWO EMBOSSED HEART MINI DRAWERS,104,8,92.31,6.50,34.54,5.314,13.00,0.493,51.85,0.00,-0.357,-100.00
21277,FRENCH STYLE EMBOSSED HEART CABINET,104,40,61.54,0.52,0.79,1.518,2.60,0.050,0.38,0.85,0.001,120.00
21278,VINTAGE KITCHEN PRINT PUDDINGS,104,50,51.92,26.68,165.48,6.202,2.08,-0.019,8.85,0.00,-0.430,-100.00
21279,VINTAGE KITCHEN PRINT FRUITS,104,59,43.27,33.99,225.23,6.626,1.76,-0.022,2.77,1.08,-0.482,-61.11
21280,VINTAGE KITCHEN PRINT VEGETABLES,104,47,54.81,32.04,175.55,5.479,2.21,-0.026,50.69,0.46,-0.697,-99.09
21281,VINTAGE KITCHEN PRINT SEAFOOD,104,40,61.54,35.36,213.14,6.028,2.60,-0.023,35.00,0.23,-0.686,-99.34
21282,NATURAL BARK CANDLE LARGE,104,37,64.42,3.18,8.13,2.554,2.81,0.267,8.23,0.00,-0.090,-100.00
21283,NATURAL BARK CANDLE SMALL,104,41,60.58,4.91,10.55,2.147,2.54,0.410,14.92,0.00,-0.152,-100.00
21284,RETROSPOT CANDLE SMALL,104,60,42.31,13.52,36.76,2.719,1.73,0.307,12.92,6.08,-0.114,-52.98
21285,RETROSPOT CANDLE MEDIUM,104,47,54.81,6.99,18.01,2.577,2.21,0.310,8.23,4.69,-0.064,-42.99
21286,RETROSPOT CANDLE LARGE,104,47,54.81,8.25,25.60,3.104,2.21,0.250,9.08,6.15,-0.082,-32.20
21287,SCENTED VELVET LOUNGE CANDLE,104,56,46.15,35.88,89.36,2.490,1.86,-0.030,65.77,72.46,-0.076,10.18
21288,STRIPEY CHOCOLATE NESTING BOXES,104,83,20.19,9.28,16.31,1.758,1.25,0.534,28.92,10.38,-0.120,-64.10
21289,LARGE STRIPES CHOCOLATE GIFT BAG,104,64,38.46,13.58,29.45,2.169,1.62,0.169,33.69,12.23,-0.166,-63.70
21290,LARGE SPOTTY CHOCOLATE GIFT BAG,104,1,99.04,0.02,0.20,10.198,104.00,-0.010,0.15,0.00,-0.001,-100.00
21291,SMALL POLKADOT CHOCOLATE GIFT BAG,104,74,28.85,22.68,31.52,1.390,1.41,0.074,27.31,13.92,-0.093,-49.01
21292,SMALL STRIPES CHOCOLATE GIFT BAG,104,54,48.08,22.62,50.86,2.249,1.93,0.105,43.23,9.85,-0.341,-77.22
21293,MIRRORED DOVE WALL DECORATION,104,43,58.65,3.22,5.74,1.782,2.42,0.137,8.38,4.92,-0.027,-41.28
21294,ETCHED GLASS COASTER,104,68,34.62,22.14,41.51,1.875,1.53,0.258,18.38,5.38,0.272,-70.71
21298,EDWARDIAN 2 DRAWER WALL CABINET,104,4,96.15,0.50,3.74,7.489,26.00,0.306,4.00,0.00,-0.022,-100.00
21299,EDWARDIAN TOILET ROLL UNIT,104,13,87.50,1.53,11.32,7.407,8.00,0.200,10.85,0.00,-0.069,-100.00
21300,ANTIQUE EDWARDIAN DRESSER,104,3,97.12,0.49,3.90,7.946,34.67,0.275,3.92,0.00,-0.022,-100.00
21303,FILIGREE WALL MIRROR ANTIQUE WHITE,104,10,90.38,0.88,5.51,6.299,10.40,0.224,6.38,0.00,-0.040,-100.00
21304,ARCHED GREY MIRROR,104,9,91.35,0.82,4.58,5.608,11.56,0.045,3.54,0.00,-0.036,-100.00
21306,SET/4 DAISY MIRROR MAGNETS,104,43,58.65,6.52,16.30,2.500,2.42,0.250,12.54,22.00,0.120,75.46
21307,SET/4 BUTTERFLY MIRROR MAGNETS,104,36,65.38,7.14,30.32,4.244,2.89,0.592,41.92,0.00,-0.296,-100.00
21308,LOUVRE VANITY MIRROR,104,3,97.12,1.26,12.36,9.809,34.67,-0.010,10.08,0.00,-0.065,-100.00
21309,UNKNOWN,104,5,95.19,0.48,4.05,8.420,20.80,-0.012,3.85,0.00,-0.025,-100.00
21310,CAPIZ CHANDELIER,104,4,96.15,0.06,0.31,5.307,26.00,0.171,0.00,0.00,-0.001,
21311,SET/4 BIRD MIRROR MAGNETS,104,52,50.00,7.65,20.75,2.711,2.00,0.152,12.15,13.62,0.122,12.03
21312,UNKNOWN,104,17,83.65,2.87,13.25,4.623,6.12,0.219,8.92,0.00,-0.083,-100.00
21313,GLASS HEART T-LIGHT HOLDER,104,95,8.65,63.21,61.25,0.969,1.09,-0.050,28.15,67.46,0.008,139.62
21314,SMALL GLASS HEART TRINKET POT,104,102,1.92,112.16,182.84,1.630,1.02,0.052,199.62,92.23,-1.215,-53.80
21316,SMALL CHUNKY GLASS ROMAN BOWL,104,30,71.15,6.64,23.46,3.531,3.47,0.141,12.77,0.00,-0.106,-100.00
21317,GLASS SPHERE CANDLE STAND MEDIUM,104,51,50.96,3.34,12.43,3.724,2.04,-0.015,13.69,4.62,-0.068,-66.29
21318,GLASS CHALICE BLUE SMALL,104,47,54.81,9.35,31.81,3.403,2.21,0.532,5.00,0.00,0.048,-100.00
21319,adjustment,104,43,58.65,4.91,11.76,2.393,2.42,-0.011,11.00,0.00,-0.094,-100.00
21320,GLASS CHALICE GREEN LARGE,104,34,67.31,3.76,11.86,3.154,3.06,-0.018,4.00,0.00,-0.032,-100.00
21321,UNKNOWN,104,13,87.50,1.16,5.75,4.941,8.00,-0.017,4.69,0.00,-0.052,-100.00
21322,UNKNOWN,104,5,95.19,2.91,22.55,7.741,20.80,0.232,23.31,0.00,-0.163,-100.00
21323,UNKNOWN,104,27,74.04,7.03,37.26,5.301,3.85,-0.014,25.08,0.00,-0.260,-100.00
21324,UNKNOWN,104,61,41.35,9.76,32.87,3.368,1.70,0.022,29.00,0.00,-0.296,-100.00
21326,AGED GLASS SILVER T-LIGHT HOLDER,104,100,3.85,165.40,141.87,0.858,1.04,0.351,109.69,260.54,1.203,137.52
21327,SKULLS WRITING SET,104,101,2.88,17.95,17.87,0.995,1.03,0.378,20.15,23.77,0.027,17.94
21328,BALLOONS WRITING SET,104,99,4.81,23.02,24.87,1.080,1.05,0.618,18.46,36.15,0.197,95.83
21329,DINOSAURS WRITING SET,104,98,5.77,19.12,20.58,1.077,1.06,0.480,18.00,32.85,0.090,82.48
21330,WOODLAND ANIMAL WRITING SET,104,38,63.46,14.50,45.85,3.162,2.74,0.124,58.85,0.00,-0.551,-100.00
21331,MOROCCAN BEATEN METAL DISH LARGE,104,24,76.92,1.04,4.91,4.731,4.33,0.207,0.54,0.31,-0.030,-42.86
21332,MOROCCAN BEATEN METAL MIRROR,104,31,70.19,2.59,10.24,3.960,3.35,0.649,5.15,0.00,-0.089,-100.00
21333,CLASSIC WHITE FRAME,104,60,42.31,9.82,13.19,1.343,1.73,0.467,16.00,0.00,-0.259,-100.00
21335,LIBRARY LAMP,104,16,84.62,0.39,1.07,2.702,6.50,0.330,1.46,0.00,-0.017,-100.00
21336,GOLD WASHBAG,104,27,74.04,17.52,119.33,6.812,3.85,-0.011,1.46,0.00,-0.251,-100.00
21337,SILVER WASHBAG,104,7,93.27,0.24,1.52,6.337,14.86,0.231,1.23,0.00,-0.011,-100.00
21338,MARAKESH LANTERN SMALL,104,9,91.35,1.92,16.06,8.351,11.56,-0.008,15.23,0.00,-0.100,-100.00
21339,MARAKESH LANTERN LARGE,104,10,90.38,0.29,1.30,4.523,10.40,0.426,1.77,0.00,-0.014,-100.00
21340,CLASSIC METAL BIRDCAGE PLANT HOLDER,104,78,25.00,16.89,21.73,1.286,1.33,0.326,7.62,16.85,0.051,121.21
21341,KASBAH LANTERN WITH GLASS,104,11,89.42,0.50,1.87,3.739,9.45,0.613,2.15,0.00,-0.022,-100.00
21343,GOLD JEWELERY BOX,104,3,97.12,0.19,1.36,7.065,34.67,0.044,1.54,0.00,-0.010,-100.00
21344,MOROCCAN BEATEN METAL DISH,104,21,79.81,1.57,8.67,5.534,4.95,0.264,1.15,0.77,-0.052,-33.33
21347,GOTHIC CARRIAGE LANTERN,104,2,98.08,0.02,0.14,7.176,52.00,-0.020,0.00,0.00,-0.001,
21348,UNKNOWN,104,46,55.77,8.05,22.13,2.750,2.26,0.292,28.23,0.00,-0.242,-100.00
21349,check,104,30,71.15,5.25,12.57,2.394,3.47,0.817,1.38,0.92,-0.048,-33.33
21350,UNKNOWN,104,17,83.65,2.14,7.91,3.688,6.12,0.462,2.08,0.00,-0.043,-100.00
21351,CINAMMON & ORANGE WREATH,104,32,69.23,10.40,36.86,3.543,3.25,0.701,1.00,3.15,-0.046,215.38
21352,EUCALYPTUS & PINECONE WREATH,104,43,58.65,8.43,22.13,2.625,2.42,0.612,0.62,21.08,0.102,3325.00
21353,UNKNOWN,104,3,97.12,0.03,0.17,5.830,34.67,-0.024,0.23,0.00,-0.002,-100.00
21354,TOAST ITS - BEST MUM,104,67,35.58,23.65,54.36,2.298,1.55,0.228,95.23,15.62,-0.504,-83.60
21355,TOAST ITS - I LOVE YOU,104,75,27.88,33.57,87.82,2.616,1.39,0.301,131.62,2.00,-0.897,-98.48
21356,TOAST ITS - FAIRY FLOWER,104,86,17.31,14.29,14.90,1.043,1.21,0.306,16.92,26.23,-0.036,55.00
21357,UNKNOWN,104,54,48.08,17.08,47.29,2.769,1.93,0.038,43.69,0.00,-0.593,-100.00
21358,TOAST ITS - HAPPY BIRTHDAY,104,85,18.27,10.64,11.49,1.079,1.22,0.193,14.92,10.08,-0.086,-32.47
21359,UNKNOWN,104,47,54.81,1.97,5.01,2.539,2.21,0.279,1.69,0.00,0.016,-100.00
21360,JOY LARGE WOOD LETTERS,104,47,54.81,3.88,18.80,4.852,2.21,0.022,1.77,0.00,-0.045,-100.00
21361,LOVE LARGE WOOD LETTERS,104,67,35.58,5.35,7.10,1.328,1.55,0.430,4.00,0.00,-0.093,-100.00
21362,UNKNOWN,104,1,99.04,0.04,0.39,10.198,104.00,-0.010,0.31,0.00,-0.002,-100.00
21363,HOME SMALL WOOD LETTERS,104,81,22.12,9.47,9.71,1.025,1.28,0.674,8.62,0.31,-0.151,-96.43
21364,PEACE SMALL WOOD LETTERS,104,51,50.96,4.36,19.34,4.439,2.04,0.057,3.77,0.23,-0.061,-93.88
21365,MIRRORED WALL ART STARS,104,45,56.73,4.24,9.53,2.247,2.31,0.079,1.46,6.77,0.098,363.16
21366,MIRRORED WALL ART PHOTO FRAMES,104,47,54.81,2.26,9.58,4.241,2.21,0.007,8.00,0.77,-0.044,-90.38
21367,MIRRORED WALL ART GENTS,104,35,66.35,1.90,6.14,3.223,2.97,0.015,0.46,3.00,0.043,550.00
21368,MIRRORED WALL ART LADIES,104,34,67.31,1.82,6.19,3.407,3.06,0.027,0.46,2.77,0.041,500.00
21369,MIRRORED WALL ART SPLODGES,104,18,82.69,1.16,3.80,3.265,5.78,0.122,0.38,2.08,0.027,440.00
21370,MIRRORED WALL ART FOXY,104,16,84.62,0.45,2.44,5.402,6.50,0.038,0.54,0.69,-0.002,28.57
21371,MIRRORED WALL ART POPPIES,104,42,59.62,3.58,9.09,2.542,2.48,-0.010,1.38,2.92,0.069,111.11
21372,MIRRORED WALL ART TABLE LAMP,104,34,67.31,1.47,3.93,2.669,3.06,-0.063,1.46,2.46,0.013,68.42
21373,MIRRORED WALL ART SNOWFLAKES,104,29,72.12,5.90,13.71,2.323,3.59,0.267,0.08,20.85,0.204,27000.00
21374,MIRRORED WALL ART SKULLS,104,49,52.88,4.52,9.49,2.100,2.12,0.090,2.15,9.15,0.087,325.00
21375,LARGE CAMPHOR WOOD FIELD MUSHROOM,104,41,60.58,1.26,3.17,2.520,2.54,0.080,1.54,0.54,-0.021,-65.00
21376,LARGE TALL CAMPHOR WOOD TOADSTOOL,104,34,67.31,1.72,5.64,3.274,3.06,0.021,2.23,0.77,-0.034,-65.52
21377,SMALL CAMPHOR WOOD FIELD MUSHROOM,104,60,42.31,4.72,15.51,3.286,1.73,0.121,2.54,2.38,-0.100,-6.06
21378,SMALL TALL CAMPHOR WOOD TOADSTOOL,104,52,50.00,5.11,15.21,2.979,2.00,0.197,5.15,2.69,-0.112,-47.76
21379,CAMPHOR WOOD PORTOBELLO MUSHROOM,104,67,35.58,5.94,19.39,3.264,1.55,0.114,4.92,4.08,-0.109,-17.19
21380,WOODEN HAPPY BIRTHDAY GARLAND,104,101,2.88,47.88,66.07,1.380,1.03,0.322,30.00,32.23,0.121,7.44
21381,MINI WOODEN HAPPY BIRTHDAY GARLAND,104,102,1.92,48.91,83.54,1.708,1.02,0.118,49.23,23.85,-0.337,-51.56
21382,SET/4 SPRING FLOWER DECORATION,104,56,46.15,11.90,24.42,2.052,1.86,0.427,0.00,29.23,0.373,
21383,PACK OF 12 STICKY BUNNIES,104,75,27.88,21.04,36.51,1.735,1.39,0.749,44.23,5.08,-0.314,-88.52
21384,UNKNOWN,104,21,79.81,19.17,48.31,2.520,4.95,0.780,70.23,0.00,-0.839,-100.00
21385,IVORY HANGING DECORATION HEART,104,96,7.69,101.66,107.13,1.054,1.08,0.108,166.08,44.62,-0.967,-73.14
21386,IVORY HANGING DECORATION EGG,104,47,54.81,11.04,17.24,1.562,2.21,0.193,13.77,20.15,0.088,46.37
21387,IVORY HANGING DECORATION RABBIT,104,2,98.08,0.66,6.57,9.904,52.00,0.020,5.31,0.00,-0.030,-100.00
21388,IVORY HANGING DECORATION CHICKEN,104,12,88.46,2.93,10.27,3.501,8.67,0.716,21.62,0.00,-0.139,-100.00
21389,IVORY HANGING DECORATION BIRD,104,83,20.19,21.99,25.17,1.144,1.25,0.430,33.23,5.62,-0.181,-83.10
21390,FILIGRIS HEART WITH BUTTERFLY,104,101,2.88,104.05,93.66,0.900,1.03,0.118,162.23,89.69,-1.036,-44.71
21391,FRENCH LAVENDER SCENT HEART,104,74,28.85,13.60,28.20,2.074,1.41,0.643,7.92,3.31,0.237,-58.25
21392,RED POLKADOT PUDDING BOWL,104,35,66.35,72.49,503.97,6.952,2.97,-0.020,6.38,0.00,-1.076,-100.00
21393,UNKNOWN,104,30,71.15,50.45,344.57,6.830,3.47,-0.020,5.85,0.00,-0.754,-100.00
21394,UNKNOWN,104,55,47.12,38.92,76.60,1.968,1.89,0.440,1.00,39.62,1.143,3861.54
21395,BLUE POLKADOT BEAKER,104,47,54.81,28.54,62.14,2.177,2.21,0.478,1.54,2.23,0.769,45.00
21396,RED SPOTTY EGG CUP,104,17,83.65,11.67,46.13,3.952,6.12,0.185,82.46,0.00,-0.556,-100.00
21397,BLUE POLKADOT EGG CUP,104,57,45.19,20.61,53.33,2.588,1.82,0.570,30.15,0.00,-0.157,-100.00
21398,RED POLKADOT COFFEE MUG,104,53,49.04,20.91,66.48,3.179,1.96,0.760,31.15,0.00,0.031,-100.00
21399,BLUE POLKADOT COFFEE MUG,104,52,50.00,22.40,67.83,3.028,2.00,0.718,6.69,0.00,0.333,-100.00
21400,RED PUDDING SPOON,104,53,49.04,10.34,16.53,1.599,1.96,0.295,2.23,23.69,0.273,962.07
21401,BLUE PUDDING SPOON,104,64,38.46,13.52,22.76,1.683,1.62,0.153,5.00,22.77,0.241,355.38
21402,RED EGG SPOON,104,66,36.54,16.16,26.05,1.612,1.58,0.240,10.92,33.54,0.354,207.04
21403,BLUE EGG SPOON,104,74,28.85,22.12,36.14,1.633,1.41,0.095,11.62,40.46,0.444,248.34
21406,SPOTTY CAT DOORSTOP,104,1,99.04,0.01,0.10,10.198,104.00,-0.010,0.08,0.00,-0.001,-100.00
21407,BROWN CHECK CAT DOORSTOP,104,95,8.65,12.08,14.26,1.180,1.09,0.238,25.00,5.31,-0.208,-78.77
21408,SPOTTY PINK DUCK DOORSTOP,104,84,19.23,5.90,12.87,2.180,1.24,0.036,5.00,6.46,-0.046,29.23
21409,UNKNOWN,104,2,98.08,0.02,0.14,7.176,52.00,0.490,0.15,0.00,-0.001,-100.00
21410,COUNTRY COTTAGE DOORSTOP GREEN,104,47,54.81,2.63,3.85,1.463,2.21,0.560,5.77,0.00,-0.078,-100.00
21411,GINGHAM HEART DOORSTOP RED,104,98,5.77,17.09,17.00,0.995,1.06,0.412,35.85,16.00,-0.252,-55.36
21412,VINTAGE GOLD TINSEL REEL,104,19,81.73,2.50,7.23,2.891,5.47,0.647,5.46,0.00,-0.053,-100.00
21413,PERIWINKLE T-LIGHT HOLDER,104,32,69.23,30.40,291.37,9.583,3.25,-0.008,4.15,0.62,-0.910,-85.19
21414,SCALLOP SHELL SOAP DISH,104,25,75.96,15.74,147.01,9.340,4.16,-0.011,4.08,0.00,-0.482,-100.00
21415,CLAM SHELL SMALL,104,58,44.23,2.99,5.13,1.716,1.79,-0.150,0.92,4.23,0.032,358.33
21416,CLAM SHELL LARGE,104,18,82.69,7.22,70.58,9.774,5.78,-0.004,0.46,0.00,-0.220,-100.00
21417,COCKLE SHELL DISH,104,65,37.50,3.43,5.69,1.659,1.60,-0.003,0.85,5.46,0.020,545.45
21418,STARFISH SOAP DISH,104,48,53.85,1.62,3.29,2.035,2.17,0.109,2.08,0.77,-0.018,-62.96
21419,CONCH SHELL,104,13,87.50,12.10,117.64,9.725,8.00,-0.006,0.38,0.00,-0.369,-100.00
21420,OYSTER TRINKET BOX,104,27,74.04,0.88,3.14,3.555,3.85,0.018,0.15,0.54,-0.002,250.00
21421,PORCELAIN ROSE LARGE,104,48,53.85,18.13,41.04,2.263,2.17,0.057,37.15,0.00,-0.359,-100.00
21422,PORCELAIN ROSE SMALL,104,73,29.81,30.00,62.90,2.097,1.42,0.010,28.46,41.00,0.089,44.05
21424,WOODLAND STORAGE BOX LARGE,104,70,32.69,9.09,24.90,2.740,1.49,0.159,3.23,5.31,-0.050,64.29
21425,SKULLS STORAGE BOX LARGE,104,54,48.08,4.71,23.78,5.046,1.93,0.024,2.38,2.23,-0.064,-6.45
21426,WOODLAND STORAGE BOX SMALL,104,67,35.58,9.82,30.47,3.104,1.55,0.028,23.38,6.08,-0.183,-74.01
21427,SKULLS STORAGE BOX SMALL,104,60,42.31,4.79,13.64,2.848,1.73,0.115,4.92,3.77,-0.061,-23.44
21428,SET3 BOOK BOX GREEN GINGHAM FLOWER,104,83,20.19,25.29,45.46,1.797,1.25,0.059,20.15,28.54,0.052,41.60
21429,RED GINGHAM ROSE JEWELLERY BOX,104,86,17.31,59.40,65.47,1.102,1.21,0.325,75.62,58.69,-0.525,-22.38
21430,SET/3 RED GINGHAM ROSE STORAGE BOX,104,78,25.00,43.29,51.81,1.197,1.33,0.268,12.54,44.08,0.602,251.53
21431,GREEN GINGHAM FLOWER JEWELLERY BOX,104,44,57.69,13.75,26.13,1.900,2.36,0.527,19.77,0.00,-0.412,-100.00
21432,SET OF 3 CASES WOODLAND DESIGN,104,47,54.81,8.70,14.37,1.652,2.21,0.392,15.69,0.00,-0.263,-100.00
21437,24 HANGING EASTER EGGS FLORAL TUB,104,14,86.54,6.51,25.94,3.985,7.43,0.210,42.69,0.00,-0.313,-100.00
21438,TUB 24 HANGING EASTER EGGS SPOTTY,104,12,88.46,3.39,23.55,6.937,8.67,0.050,27.00,0.00,-0.175,-100.00
21439,BASKET OF TOADSTOOLS,104,84,19.23,21.28,57.41,2.698,1.24,-0.014,28.00,16.85,0.060,-39.84
21440,12 MINI TOADSTOOL PEGS,104,29,72.12,3.90,8.35,2.139,3.59,0.461,13.69,0.00,-0.161,-100.00
21441,BLUE BIRDHOUSE DECORATION,104,68,34.62,7.58,18.43,2.433,1.53,0.202,3.77,3.38,-0.087,-10.20
21442,GREEN BIRDHOUSE DECORATION,104,70,32.69,8.01,17.56,2.192,1.49,0.193,6.31,3.85,-0.098,-39.02
21443,OLIVE CHALET BIRDFEEDER,104,12,88.46,2.45,20.80,8.483,8.67,0.017,19.54,0.00,-0.126,-100.00
21444,BLUE CHALET BIRDFEEDER,104,15,85.58,2.74,20.94,7.642,6.93,0.076,20.62,0.00,-0.139,-100.00
21445,UNKNOWN,104,63,39.42,14.61,47.82,3.274,1.65,0.021,12.46,0.00,-0.351,-100.00
21446,12 RED ROSE PEG PLACE SETTINGS,104,90,13.46,11.81,14.93,1.265,1.16,-0.059,8.31,11.77,-0.075,41.67
21447,12 IVORY ROSE PEG PLACE SETTINGS,104,89,14.42,26.44,46.15,1.745,1.17,0.017,13.46,2.31,-0.248,-82.86
21448,12 DAISY PEGS IN WOOD BOX,104,79,24.04,9.03,14.37,1.591,1.32,0.178,16.23,0.85,-0.123,-94.79
21450,UNKNOWN,104,2,98.08,0.02,0.14,7.176,52.00,0.490,0.15,0.00,-0.001,-100.00
21452,TOADSTOOL MONEY BOX,104,87,16.35,17.90,19.27,1.076,1.20,0.269,0.00,12.15,-0.042,
21454,PAINTED PINK RABBIT,104,59,43.27,8.94,15.95,1.783,1.76,0.659,15.77,1.15,-0.052,-92.68
21455,PAINTED YELLOW WOODEN DAISY,104,56,46.15,8.61,15.20,1.767,1.86,0.677,8.85,1.08,-0.003,-87.83
21456,2 PICTURE BOOK EGGS EASTER CHICKS,104,22,78.85,6.87,30.77,4.482,4.73,0.027,34.46,0.00,-0.233,-100.00
21457,2 PICTURE BOOK EGGS EASTER DUCKS,104,27,74.04,6.47,30.48,4.710,3.85,0.022,33.62,0.92,-0.228,-97.25
21458,2 PICTURE BOOK EGGS EASTER BUNNY,104,30,71.15,7.27,30.89,4.250,3.47,0.026,37.08,0.92,-0.236,-97.51
21459,YELLOW EASTER EGG HUNT START POST,104,24,76.92,2.53,8.58,3.393,4.33,0.376,9.00,0.00,-0.070,-100.00
21460,GREEN EASTER EGG HUNT START POST,104,18,82.69,1.09,3.77,3.472,5.78,0.670,2.08,0.00,-0.032,-100.00
21461,BLUE EASTER EGG HUNT START POST,104,14,86.54,0.79,3.05,3.863,7.43,0.457,2.31,0.00,-0.028,-100.00
21462,"NURSERY A,B,C PAINTED LETTERS",104,80,23.08,3.13,3.18,1.015,1.30,0.206,3.69,2.69,-0.020,-27.08
21463,MIRRORED DISCO BALL,104,96,7.69,12.80,16.77,1.310,1.08,0.107,14.69,22.15,0.018,50.79
21464,DISCO BALL ROTATOR BATTERY OPERATED,104,89,14.42,5.07,5.45,1.075,1.17,0.272,4.62,7.00,0.003,51.67
21465,PINK FLOWER CROCHET FOOD COVER,104,83,20.19,7.60,22.08,2.906,1.25,-0.032,18.69,4.23,-0.116,-77.37
21466,RED FLOWER CROCHET FOOD COVER,104,88,15.38,8.76,11.11,1.268,1.18,0.134,5.92,3.38,-0.074,-42.86
21467,CHERRY CROCHET FOOD COVER,104,82,21.15,9.73,18.14,1.865,1.27,0.330,8.46,1.23,-0.143,-85.45
21468,BUTTERFLY CROCHET FOOD COVER,104,75,27.88,6.42,23.57,3.670,1.39,0.011,21.08,0.77,-0.143,-96.35
21469,POLKA DOT RAFFIA FOOD COVER,104,77,25.96,11.07,25.27,2.283,1.35,0.343,8.62,1.38,-0.193,-83.93
21470,FLOWER VINE RAFFIA FOOD COVER,104,92,11.54,10.47,13.64,1.302,1.13,0.198,9.31,5.00,-0.090,-46.28
21471,STRAWBERRY RAFFIA FOOD COVER,104,92,11.54,13.37,17.07,1.277,1.13,0.011,7.92,6.46,-0.044,-18.45
21472,UNKNOWN,104,70,32.69,9.98,16.10,1.613,1.49,0.583,7.69,0.00,-0.257,-100.00
21473,SWEETHEART CREAM STEEL TABLE RECT,104,45,56.73,1.51,2.98,1.971,2.31,0.477,1.00,0.38,-0.030,-61.54
21474,SWEETHEART CREAM STEEL FOLDIN BENCH,104,27,74.04,2.02,4.59,2.271,3.85,0.666,1.15,0.00,-0.062,-100.00
21475,SWEETHEART CREAM STEEL FOLDIN CHAIR,104,1,99.04,0.01,0.10,10.198,104.00,-0.010,0.08,0.00,-0.001,-100.00
21476,STEEL SWEETHEART ROUND TABLE CREAM,104,41,60.58,1.37,2.61,1.915,2.54,0.410,1.23,0.23,-0.021,-81.25
21477,STRING OF 20 ROSE LIGHTS,104,8,92.31,2.39,16.73,6.986,13.00,0.086,19.08,0.00,-0.127,-100.00
21478,UNKNOWN,104,30,71.15,4.26,23.22,5.450,3.47,0.073,21.00,0.00,-0.155,-100.00
21479,WHITE SKULL HOT WATER BOTTLE,104,58,44.23,62.90,146.41,2.328,1.79,0.451,48.77,121.23,0.640,148.58
21480,PINK STRIPE HOT WATER BOTTLE,104,3,97.12,1.54,10.97,7.132,34.67,0.635,12.31,0.00,-0.087,-100.00
21481,FAWN BLUE HOT WATER BOTTLE,104,98,5.77,76.42,116.31,1.522,1.06,0.341,75.62,103.23,-0.062,36.52
21482,MUSHROOM BLUE HOT WATER BOTTLE,104,33,68.27,7.21,23.84,3.306,3.15,0.470,39.77,0.00,-0.309,-100.00
21484,CHICK GREY HOT WATER BOTTLE,104,94,9.62,44.41,70.52,1.588,1.11,0.614,62.54,71.69,-0.005,14.64
21485,RETROSPOT HEART HOT WATER BOTTLE,104,98,5.77,70.35,97.88,1.391,1.06,0.605,126.69,153.54,0.098,21.19
21486,PINK HEART DOTS HOT WATER BOTTLE,104,42,59.62,10.30,28.65,2.782,2.48,0.492,53.38,0.00,-0.390,-100.00
21487,UNKNOWN,104,1,99.04,0.02,0.20,10.198,104.00,-0.010,0.15,0.00,-0.001,-100.00
21488,RED WHITE SCARF HOT WATER BOTTLE,104,41,60.58,21.96,55.21,2.514,2.54,0.656,43.38,0.00,-0.396,-100.00
21489,BLUE WHITE SCARF HOT WATER BOTTLE,104,4,96.15,0.12,0.80,6.373,26.00,0.832,1.00,0.00,-0.007,-100.00
21490,UNKNOWN,104,5,95.19,0.46,2.79,6.053,20.80,0.154,1.38,0.00,-0.013,-100.00
21491,UNKNOWN,104,24,76.92,24.17,71.32,2.950,4.33,0.650,29.85,0.00,-0.433,-100.00
21492,UNKNOWN,104,1,99.04,0.04,0.39,10.198,104.00,-0.010,0.31,0.00,-0.002,-100.00
21493,UNKNOWN,104,4,96.15,0.12,0.80,6.373,26.00,0.007,0.54,0.00,-0.005,-100.00
21494,ROTATING LEAVES T-LIGHT HOLDER,104,88,15.38,35.70,56.52,1.583,1.18,0.380,64.31,84.00,0.124,30.62
21495,SKULLS AND CROSSBONES WRAP,104,99,4.81,117.69,88.12,0.749,1.05,0.098,107.69,176.92,0.146,64.29
21496,WOODLAND CREATURES WRAP,104,1,99.04,0.24,2.45,10.198,104.00,-0.010,1.92,0.00,-0.013,-100.00
21497,FANCY FONTS BIRTHDAY WRAP,104,98,5.77,164.42,169.69,1.032,1.06,0.037,151.92,248.08,0.538,63.29
21498,RED RETROSPOT WRAP,104,101,2.88,251.69,163.55,0.650,1.03,0.175,271.15,251.92,-0.954,-7.09
21499,BLUE POLKADOT WRAP,104,95,8.65,141.37,108.71,0.769,1.09,0.057,103.85,159.62,0.141,53.70
21500,PINK POLKADOT WRAP,104,99,4.81,149.76,107.06,0.715,1.05,0.068,171.15,146.15,-0.682,-14.61
21503,TOYBOX WRAP,104,43,58.65,17.32,31.56,1.822,2.42,0.084,26.92,7.69,-0.120,-71.43
21504,SKULLS GREETING CARD,104,89,14.42,45.96,49.38,1.074,1.17,0.076,35.46,52.08,-0.119,46.85
21505,UNKNOWN,104,1,99.04,0.01,0.10,10.198,104.00,-0.010,0.08,0.00,-0.001,-100.00
21506,"FANCY FONT BIRTHDAY CARD,",104,102,1.92,101.12,94.58,0.935,1.02,0.018,80.38,122.92,-0.148,52.92
21507,ELEPHANT BIRTHDAY CARD,104,102,1.92,77.38,55.68,0.720,1.02,0.197,100.92,73.54,-0.486,-27.13
21508,VINTAGE KID DOLLY CARD,104,100,3.85,63.62,51.89,0.815,1.04,-0.015,67.00,39.38,-0.467,-41.22
21509,COWBOYS AND INDIANS BIRTHDAY CARD,104,101,2.88,82.41,60.40,0.733,1.03,-0.015,78.85,72.46,-0.263,-8.10
21511,VINTAGE COLLAGE GREETING CARD,104,2,98.08,0.38,2.82,7.321,52.00,-0.019,0.00,0.00,-0.013,
21518,BANK ACCOUNT GREETING CARD,104,55,47.12,10.39,15.59,1.500,1.89,0.107,18.31,0.00,-0.205,-100.00
21519,GIN & TONIC DIET GREETING CARD,104,98,5.77,70.00,49.01,0.700,1.06,0.012,62.08,64.23,-0.119,3.47
21520,BOOZE & WOMEN GREETING CARD,104,57,45.19,9.18,12.99,1.415,1.82,-0.065,12.62,5.77,-0.040,-54.27
21523,DOORMAT FANCY FONT HOME SWEET HOME,104,100,3.85,65.39,88.58,1.355,1.04,-0.047,64.85,63.77,-0.012,-1.66
21524,DOORMAT SPOTTY HOME SWEET HOME,104,102,1.92,49.91,54.88,1.100,1.02,0.097,110.15,46.54,-0.644,-57.75
21525,BEWARE OF THE CAT DOORMAT,104,1,99.04,0.02,0.20,10.198,104.00,-0.010,0.15,0.00,-0.001,-100.00
21527,RED RETROSPOT TRADITIONAL TEAPOT,104,65,37.50,31.30,42.74,1.366,1.60,0.255,50.00,0.00,-0.723,-100.00
21528,DAIRY MAID TRADITIONAL TEAPOT,104,94,9.62,8.35,21.78,2.610,1.11,-0.047,7.15,3.23,-0.118,-54.84
21529,UNKNOWN,104,33,68.27,4.71,10.25,2.175,3.15,0.475,19.00,0.00,-0.198,-100.00
21530,DAIRY MAID TOASTRACK,104,76,26.92,9.19,14.96,1.627,1.37,0.098,2.92,19.62,0.218,571.05
21531,RED RETROSPOT SUGAR JAM BOWL,104,100,3.85,38.20,33.79,0.885,1.04,0.092,43.77,34.54,-0.218,-21.09
21532,UNKNOWN,104,35,66.35,13.31,112.35,8.442,2.97,-0.004,7.23,0.00,-0.424,-100.00
21533,RETROSPOT LARGE MILK JUG,104,102,1.92,31.82,23.78,0.747,1.02,0.216,39.38,15.31,-0.219,-61.13
21534,DAIRY MAID LARGE MILK JUG,104,99,4.81,8.85,7.79,0.881,1.05,0.208,9.69,6.00,-0.052,-38.10
21535,RED RETROSPOT SMALL MILK JUG,104,101,2.88,64.32,50.49,0.785,1.03,0.162,94.00,50.08,-0.561,-46.73
21536,DAIRY MAID SMALL MILK JUG,104,13,87.50,2.05,8.31,4.055,8.00,0.545,15.08,0.00,-0.097,-100.00
21537,RED RETROSPOT PUDDING BOWL,104,81,22.12,9.37,11.15,1.191,1.28,0.165,15.77,5.38,-0.107,-65.85
21538,DAIRY MAID PUDDING BOWL,104,27,74.04,12.68,117.58,9.271,3.85,-0.004,3.77,0.00,-0.391,-100.00
21539,check,104,98,5.77,25.95,25.99,1.001,1.06,0.105,49.92,17.15,-0.300,-65.64
21540,DAIRY MAID BUTTER DISH,104,34,67.31,12.62,107.74,8.541,3.06,-0.008,5.46,0.00,-0.394,-100.00
21541,DINOSAURS WATER TRANSFER TATTOOS,104,44,57.69,16.23,27.56,1.698,2.36,0.490,31.62,0.00,-0.489,-100.00
21542,UNKNOWN,104,36,65.38,17.52,33.62,1.919,2.89,0.415,55.92,0.00,-0.666,-100.00
21543,UNKNOWN,104,3,97.12,0.40,3.38,8.378,34.67,0.987,3.23,0.00,-0.023,-100.00
21544,SKULLS WATER TRANSFER TATTOOS,104,100,3.85,56.66,78.28,1.382,1.04,0.014,61.00,44.92,-0.332,-26.36
21545,UNKNOWN,104,30,71.15,6.72,28.77,4.280,3.47,0.037,35.62,0.00,-0.283,-100.00
21547,CERAMIC BIRDHOUSE CRESTED TIT SMALL,104,52,50.00,6.88,26.70,3.879,2.00,0.026,33.23,0.00,-0.247,-100.00
21548,CERAMIC BIRDHOUSE FINCH BLUE ROOF,104,37,64.42,6.39,26.86,4.201,2.81,0.042,34.77,0.00,-0.276,-100.00
21549,CERAMIC BIRDHOUSE RED ROOF SMALL,104,16,84.62,5.23,28.24,5.398,6.50,0.070,36.62,0.00,-0.251,-100.00
21550,CERAMIC BIRDHOUSE CRESTED TIT LARGE,104,21,79.81,2.70,12.52,4.633,4.95,0.099,16.15,0.00,-0.128,-100.00
21551,UNKNOWN,104,7,93.27,1.48,10.48,7.078,14.86,0.166,11.85,0.00,-0.078,-100.00
21552,CERAMIC BIRDHOUSE BLACK ROSE LARGE,104,9,91.35,1.49,8.11,5.443,11.56,0.256,10.23,0.00,-0.075,-100.00
21553,CERAMIC BIRDHOUSE FINCH BLUE LARGE,104,9,91.35,1.07,4.44,4.158,11.56,0.148,7.08,0.00,-0.052,-100.00
21554,UNKNOWN,104,6,94.23,1.43,11.82,8.253,17.33,0.074,11.46,0.00,-0.075,-100.00
21555,CERAMIC STRAWBERRY TRINKET TRAY,104,69,33.65,6.25,24.16,3.866,1.51,-0.049,9.23,3.00,-0.030,-67.50
21556,CERAMIC STRAWBERRY MONEY BOX,104,77,25.96,15.02,44.60,2.969,1.35,-0.012,10.69,0.38,0.051,-96.40
21557,SET OF 6 FUNKY BEAKERS,104,92,11.54,8.75,15.57,1.780,1.13,0.209,5.00,4.54,-0.001,-9.23
21558,SKULL LUNCH BOX WITH CUTLERY,104,86,17.31,39.83,38.60,0.969,1.21,0.133,15.85,46.00,0.204,190.29
21559,STRAWBERRY LUNCH BOX WITH CUTLERY,104,102,1.92,78.35,59.82,0.764,1.02,-0.161,88.23,73.08,-0.073,-17.18
21560,UNKNOWN,104,1,99.04,0.40,4.12,10.198,104.00,-0.010,3.23,0.00,-0.022,-100.00
21561,DINOSAUR LUNCH BOX WITH CUTLERY,104,100,3.85,28.17,29.18,1.036,1.04,0.023,32.54,23.31,-0.107,-28.37
21562,HAWAIIAN GRASS SKIRT,104,51,50.96,6.52,13.72,2.104,2.04,-0.097,1.92,3.23,0.029,68.00
21563,RED HEART SHAPE LOVE BUCKET,104,94,9.62,20.98,29.38,1.400,1.11,-0.012,49.77,16.31,-0.240,-67.23
21564,PINK HEART SHAPE LOVE BUCKET,104,95,8.65,13.00,15.06,1.158,1.09,0.177,23.46,4.00,-0.170,-82.95
21576,LETS GO SHOPPING COTTON TOTE BAG,104,80,23.08,6.62,6.88,1.040,1.30,0.227,12.00,4.15,-0.072,-65.38
21577,SAVE THE PLANET COTTON TOTE BAG,104,97,6.73,23.96,45.15,1.884,1.07,0.486,29.54,9.69,-0.363,-67.19
21578,WOODLAND DESIGN COTTON TOTE BAG,104,92,11.54,22.96,28.80,1.254,1.13,0.204,32.46,2.00,-0.151,-93.84
21579,LOLITA DESIGN COTTON TOTE BAG,104,68,34.62,9.50,35.62,3.750,1.53,0.224,43.46,2.15,-0.323,-95.04
21580,RABBIT DESIGN COTTON TOTE BAG,104,65,37.50,5.10,8.27,1.623,1.60,0.302,12.15,2.77,-0.062,-77.22
21581,SKULLS DESIGN COTTON TOTE BAG,104,72,30.77,10.89,37.99,3.488,1.44,0.347,52.31,6.08,-0.319,-88.38
21582,KINGS CHOICE SMALL TUBE MATCHES,104,2,98.08,0.11,0.98,9.308,52.00,-0.011,0.85,0.00,-0.006,-100.00
21584,RETROSPOT SMALL TUBE MATCHES,104,84,19.23,34.81,59.65,1.714,1.24,0.039,63.46,26.46,-0.369,-58.30
21585,UNKNOWN,104,2,98.08,0.02,0.14,7.176,52.00,-0.020,0.00,0.00,-0.000,
21586,KINGS CHOICE GIANT TUBE MATCHES,104,73,29.81,25.38,41.62,1.639,1.42,0.346,31.38,30.77,-0.102,-1.96
21587,COSY HOUR GIANT TUBE MATCHES,104,39,62.50,19.81,43.36,2.189,2.67,0.836,18.54,7.15,-0.231,-61.41
21588,RETROSPOT GIANT TUBE MATCHES,104,79,24.04,29.97,51.14,1.706,1.32,0.140,38.15,72.85,0.093,90.93
21589,SWALLOW GIANT TUBE MATCHES,104,26,75.00,9.61,26.02,2.709,4.00,0.237,34.23,0.00,-0.394,-100.00
21590,UNKNOWN,104,48,53.85,29.30,62.24,2.124,2.17,0.264,89.69,0.00,-1.071,-100.00
21591,COSY HOUR CIGAR BOX MATCHES,104,69,33.65,35.83,72.22,2.016,1.51,0.643,13.54,81.08,0.290,498.86
21592,RETROSPOT CIGAR BOX MATCHES,104,96,7.69,49.76,75.24,1.512,1.08,0.003,104.08,56.69,-0.545,-45.53
21593,SWALLOW CIGAR BOX MATCHES,104,22,78.85,12.53,61.25,4.889,4.73,0.039,71.77,0.00,-0.604,-100.00
21594,Dr. Jam's Arouzer Stress Ball,104,5,95.19,0.05,0.21,4.471,20.80,-0.045,0.08,0.00,-0.001,-100.00
21595,UNKNOWN,104,5,95.19,0.09,0.42,4.860,20.80,0.085,0.23,0.00,-0.002,-100.00
21596,Hypochondriac Pill Stress Ball,104,4,96.15,0.08,0.46,5.923,26.00,-0.029,0.31,0.00,-0.003,-100.00
21609,SET 12 LAVENDER BOTANICAL T-LIGHTS,104,77,25.96,14.67,27.25,1.857,1.35,-0.081,7.08,0.00,-0.031,-100.00
21610,SET 12 PEAR BOTANICAL T-LIGHTS,104,43,58.65,5.34,12.90,2.418,2.42,0.242,8.54,0.00,-0.160,-100.00
21611,SET OF 12 LILY BOTANICAL T-LIGHTS,104,44,57.69,6.67,13.96,2.093,2.36,0.515,12.23,0.00,-0.220,-100.00
21612,SET 12 WILDFLOWER BOTANICAL T-LIGHT,104,32,69.23,6.58,15.23,2.316,3.25,0.262,12.00,0.00,-0.237,-100.00
21613,S/12 VANILLA BOTANICAL T-LIGHTS,104,71,31.73,5.97,7.96,1.334,1.46,0.192,4.54,4.15,-0.037,-8.47
21614,UNKNOWN,104,56,46.15,15.92,33.36,2.095,1.86,0.060,41.54,0.00,-0.455,-100.00
21615,4 LAVENDER BOTANICAL DINNER CANDLES,104,49,52.88,11.08,28.05,2.533,2.12,0.411,12.54,48.00,0.244,282.82
21616,4 PEAR BOTANICAL DINNER CANDLES,104,59,43.27,10.86,25.51,2.350,1.76,0.757,6.08,48.92,0.243,705.06
21617,4 LILY BOTANICAL DINNER CANDLES,104,68,34.62,7.99,14.86,1.859,1.53,0.371,2.46,22.62,0.097,818.75
21618,4 WILDFLOWER BOTANICAL CANDLES,104,63,39.42,6.46,12.69,1.964,1.65,0.384,3.00,16.08,0.049,435.90
21619,4 VANILLA BOTANICAL CANDLES,104,56,46.15,10.13,28.26,2.788,1.86,0.690,1.54,55.38,0.360,3500.00
21620,SET OF 4 ROSE BOTANICAL CANDLES,104,65,37.50,9.36,20.72,2.215,1.60,0.652,1.85,38.15,0.248,1966.67
21621,VINTAGE UNION JACK BUNTING,104,100,3.85,66.55,72.68,1.092,1.04,0.180,33.85,29.38,-0.396,-13.18
21622,VINTAGE UNION JACK CUSHION COVER,104,92,11.54,34.45,73.10,2.122,1.13,0.104,66.23,2.31,-0.841,-96.52
21623,VINTAGE UNION JACK MEMOBOARD,104,92,11.54,59.03,159.19,2.697,1.13,-0.013,0.15,20.23,-0.110,13050.00
21624,VINTAGE UNION JACK DOORSTOP,104,89,14.42,16.76,64.97,3.876,1.17,-0.027,17.77,5.15,-0.284,-71.00
21625,VINTAGE UNION JACK APRON,104,97,6.73,9.22,14.85,1.610,1.07,0.113,16.77,6.92,-0.055,-58.72
21626,VINTAGE UNION JACK PENNANT,104,73,29.81,14.33,20.85,1.455,1.42,0.573,14.31,3.23,-0.081,-77.42
21627,ELEPHANT CARNIVAL POUFFE,104,70,32.69,1.86,3.92,2.111,1.49,-0.037,2.62,0.77,-0.017,-70.59
21628,TRIANGULAR POUFFE VINTAGE,104,53,49.04,1.55,3.06,1.976,1.96,0.004,2.85,1.69,-0.006,-40.54
21629,SQUARE FLOOR CUSHION VINTAGE RED,104,60,42.31,1.63,2.10,1.282,1.73,0.105,2.38,3.15,-0.005,32.26
21630,FLOOR CUSHION ELEPHANT CARNIVAL,104,57,45.19,1.52,2.57,1.689,1.82,0.327,1.77,2.77,-0.003,56.52
21631,HIPPY CHIC DECORATIVE PARASOL,104,33,68.27,2.12,7.37,3.470,3.15,0.511,0.38,0.08,-0.002,-80.00
21632,UNKNOWN,104,27,74.04,1.34,5.03,3.763,3.85,0.183,0.00,0.00,-0.007,
21633,SUNFLOWER DECORATIVE PARASOL,104,42,59.62,1.67,4.53,2.707,2.48,0.517,0.38,0.54,0.003,40.00
21634,ASSORTED MINI MADRAS NOTEBOOK,104,45,56.73,16.75,42.90,2.561,2.31,0.193,9.92,5.54,0.058,-44.19
21635,UNKNOWN,104,30,71.15,3.83,18.22,4.762,3.47,0.057,2.08,0.00,0.036,-100.00
21636,MADRAS NOTEBOOK MEDIUM,104,46,55.77,9.68,21.25,2.195,2.26,0.191,1.23,33.08,0.341,2587.50
21637,ASSORTED SANSKRIT MINI NOTEBOOK,104,43,58.65,12.50,34.28,2.742,2.42,0.079,17.15,0.08,-0.255,-99.55
21638,ASSORTED TUTTI FRUTTI NOTEBOOK,104,63,39.42,9.09,14.89,1.639,1.65,0.397,22.31,9.92,-0.157,-55.52
21639,ASSORTED TUTTI FRUTTI KEYRING,104,2,98.08,1.14,11.57,10.112,52.00,-0.010,9.15,0.00,-0.065,-100.00
21640,ASSORTED TUTTI FRUTTI FOB NOTEBOOK,104,78,25.00,20.32,27.43,1.350,1.33,0.270,11.92,24.31,-0.083,103.87
21641,ASSORTED TUTTI FRUTTI KEYRING BALL,104,58,44.23,15.94,56.68,3.555,1.79,0.096,5.00,46.31,0.313,826.15
21642,ASSORTED TUTTI FRUTTI PEN,104,73,29.81,40.56,65.55,1.616,1.42,0.442,21.08,105.85,0.647,402.19
21643,ASSORTED TUTTI FRUTTI MIRROR,104,76,26.92,14.31,19.26,1.346,1.37,0.010,11.77,12.08,-0.048,2.61
21644,ASSORTED TUTTI FRUTTI HEART BOX,104,63,39.42,11.79,20.46,1.735,1.65,0.271,24.54,4.23,-0.191,-82.76
21645,ASSORTED TUTTI FRUTTI ROUND BOX,104,44,57.69,8.62,20.17,2.341,2.36,0.488,25.92,0.00,-0.284,-100.00
21647,ASSORTED TUTTI FRUTTI LARGE PURSE,104,51,50.96,7.64,14.17,1.854,2.04,0.349,13.00,2.08,-0.179,-84.02
21648,ASSORTED TUTTI FRUTTI SMALL PURSE,104,75,27.88,27.89,43.47,1.559,1.39,0.275,40.15,25.15,-0.278,-37.36
21649,ASSORTED TUTTI FRUTTI PHOTO FRAME,104,4,96.15,3.60,21.60,6.005,26.00,0.322,28.77,0.00,-0.199,-100.00
21650,ASSORTED TUTTI FRUTTI BRACELET,104,68,34.62,29.23,49.96,1.709,1.53,0.253,7.08,70.92,0.659,902.17
21651,HANGING GLASS ETCHED TEALIGHT,104,49,52.88,13.49,30.39,2.253,2.12,0.196,13.08,0.00,-0.297,-100.00
21652,GLASS ETCHED T-LIGHT HOLDER MEDIUM,104,28,73.08,8.38,16.21,1.933,3.71,0.486,14.85,0.00,-0.292,-100.00
21653,GLASS ETCHED T-LIGHT HOLDER LARGE,104,41,60.58,11.98,30.03,2.507,2.54,0.198,10.15,0.00,-0.301,-100.00
21654,RIDGED GLASS FINGER BOWL,104,45,56.73,11.36,28.99,2.552,2.31,0.109,2.31,0.31,0.172,-86.67
21655,UNKNOWN,104,26,75.00,13.36,35.20,2.636,4.00,0.417,13.23,0.00,-0.440,-100.00
21656,RIDGED GLASS POSY VASE,104,64,38.46,9.43,14.84,1.573,1.62,0.141,13.77,0.00,-0.198,-100.00
21657,MILK BOTTLE WITH GLASS STOPPER,104,53,49.04,2.45,3.65,1.489,1.96,0.325,5.23,0.00,-0.065,-100.00
21658,UNKNOWN,104,79,24.04,21.20,20.38,0.961,1.32,0.356,20.46,0.00,-0.205,-100.00
21659,UNKNOWN,104,30,71.15,1.14,2.66,2.328,3.47,0.388,5.38,0.00,-0.048,-100.00
21661,VINTAGE GLASS TEA CADDY,104,46,55.77,2.21,4.03,1.821,2.26,0.371,4.00,0.00,-0.063,-100.00
21662,UNKNOWN,104,56,46.15,2.49,5.71,2.295,1.86,0.019,2.85,0.00,-0.043,-100.00
21663,UNKNOWN,104,15,85.58,0.62,2.15,3.441,6.93,0.442,3.38,0.00,-0.029,-100.00
21664,RIDGED GLASS STORAGE JAR CREAM LID,104,46,55.77,2.66,6.29,2.361,2.26,-0.005,5.08,0.23,-0.042,-95.45
21665,TRIANGULAR RIDGED GLASS POSY HOLDER,104,20,80.77,8.22,24.21,2.945,5.20,0.308,23.62,0.00,-0.337,-100.00
21666,RIDGED GLASS T-LIGHT HOLDER,104,54,48.08,11.87,24.65,2.077,1.93,0.093,22.62,10.23,-0.176,-54.76
21667,UNKNOWN,104,48,53.85,3.41,5.44,1.595,2.17,0.459,6.15,0.00,-0.098,-100.00
21668,RED STRIPE CERAMIC DRAWER KNOB,104,95,8.65,98.11,77.46,0.790,1.09,0.277,80.46,104.62,0.317,30.02
21669,BLUE STRIPE CERAMIC DRAWER KNOB,104,90,13.46,99.87,88.16,0.883,1.16,0.414,108.38,109.00,0.121,0.57
21670,BLUE SPOT CERAMIC DRAWER KNOB,104,98,5.77,84.32,62.85,0.745,1.06,0.309,68.92,97.69,-0.016,41.74
21671,RED SPOT CERAMIC DRAWER KNOB,104,89,14.42,88.32,86.16,0.976,1.17,0.376,83.92,76.31,-0.067,-9.07
21672,WHITE SPOT RED CERAMIC DRAWER KNOB,104,99,4.81,105.30,85.49,0.812,1.05,0.206,92.15,79.31,-0.248,-13.94
21673,WHITE SPOT BLUE CERAMIC DRAWER KNOB,104,102,1.92,95.01,79.87,0.841,1.02,0.167,70.46,81.85,-0.415,16.16
21674,RIDGED GLASS PENDANT LAMPSHADE,104,7,93.27,0.41,1.88,4.542,14.86,0.123,2.38,0.00,-0.020,-100.00
21675,BUTTERFLIES STICKERS,104,86,17.31,17.05,16.07,0.942,1.21,0.115,24.92,15.23,-0.155,-38.89
21676,FLOWERS STICKERS,104,75,27.88,11.34,20.75,1.831,1.39,0.203,13.46,4.54,-0.156,-66.29
21677,HEARTS STICKERS,104,84,19.23,20.13,21.35,1.060,1.24,0.322,39.15,20.69,-0.167,-47.15
21678,PAISLEY PATTERN STICKERS,104,52,50.00,5.47,13.27,2.426,2.00,0.065,6.08,3.92,-0.068,-35.44
21679,SKULLS STICKERS,104,94,9.62,45.62,110.58,2.424,1.11,-0.003,32.08,32.31,-0.665,0.72
21680,WOODLAND STICKERS,104,87,16.35,26.98,45.39,1.682,1.20,-0.010,53.77,32.46,-0.302,-39.63
21681,GIANT MEDINA STAMPED METAL BOWL,104,37,64.42,1.85,4.66,2.525,2.81,0.037,4.77,0.00,-0.053,-100.00
21682,LARGE MEDINA STAMPED METAL BOWL,104,81,22.12,6.70,16.38,2.444,1.28,-0.048,10.85,5.69,0.000,-47.52
21683,MEDIUM MEDINA STAMPED METAL BOWL,104,74,28.85,8.85,16.33,1.847,1.41,0.036,24.00,8.85,-0.111,-63.14
21684,SMALL MEDINA STAMPED METAL BOWL,104,61,41.35,16.06,54.21,3.376,1.70,-0.041,40.85,7.69,-0.196,-81.17
21685,MEDINA STAMPED METAL TRAY,104,0,100.00,0.00,0.00,0.000,0.00,,0.00,0.00,0.000,
21686,MEDINA STAMPED METAL STOOL,104,29,72.12,0.64,1.52,2.359,3.59,0.009,0.15,0.15,0.004,0.00
21687,UNKNOWN,104,36,65.38,4.20,10.46,2.489,2.89,0.314,9.54,0.00,-0.148,-100.00
21688,SILVER PLATE CANDLE BOWL SMALL,104,72,30.77,8.63,11.63,1.347,1.44,0.135,5.38,4.54,-0.025,-15.71
21689,SILVER VANILLA FLOWER CANDLE POT,104,41,60.58,3.25,10.52,3.236,2.54,0.015,1.31,1.92,-0.015,47.06
21690,UNKNOWN,104,44,57.69,3.42,8.15,2.381,2.36,0.220,6.38,0.00,-0.079,-100.00
21691,SILVER VANILLA FLOWER CANDLE POT,104,34,67.31,2.14,3.89,1.813,3.06,0.403,6.00,0.00,-0.076,-100.00
21692,SILVER LATTICE VANILLA CANDLE POT,104,47,54.81,4.70,8.19,1.742,2.21,0.209,8.46,0.00,-0.125,-100.00
21693,SMALL HAMMERED SILVER CANDLEPOT,104,65,37.50,8.20,10.82,1.319,1.60,0.319,3.69,11.62,0.023,214.58
21694,SMALL REGAL SILVER CANDLEPOT,104,45,56.73,5.20,13.84,2.661,2.31,-0.026,4.77,3.46,0.036,-27.42
21695,SMALL SILVER FLOWER CANDLE POT,104,59,43.27,6.01,8.84,1.471,1.76,0.008,4.15,9.38,0.024,125.93
21696,SMALL SILVER TRELLIS CANDLEPOT,104,60,42.31,7.03,9.20,1.309,1.73,0.128,8.62,2.23,-0.078,-74.11
21697,SET 5 MINI DOUGHNUT FRIDGE MAGNET,104,6,94.23,3.58,24.28,6.789,17.33,0.001,28.62,0.00,-0.175,-100.00
21698,MOCK LOBSTER FRIDGE MAGNET,104,62,40.38,9.43,47.47,5.033,1.68,0.010,1.92,10.69,-0.090,456.00
21699,SET 5 MINI CHOCOLATE FRIDGE MAGNETS,104,3,97.12,1.04,7.50,7.221,34.67,-0.020,8.31,0.00,-0.050,-100.00
21700,BIG DOUGHNUT FRIDGE MAGNETS,104,94,9.62,57.95,55.44,0.957,1.11,0.326,93.00,4.69,-0.834,-94.95
21702,SET 5 MINI GATEAUX FRIDGE MAGNETS,104,5,95.19,25.35,208.59,8.230,20.80,-0.004,202.77,0.00,-1.260,-100.00
21703,BAG 125g SWIRLY MARBLES,104,101,2.88,137.35,189.96,1.383,1.03,0.066,27.08,259.46,2.172,858.24
21704,BAG 250g SWIRLY MARBLES,104,96,7.69,163.53,287.51,1.758,1.08,-0.012,45.46,133.08,-0.601,192.72
21705,BAG 500g SWIRLY MARBLES,104,55,47.12,16.93,34.63,2.045,1.89,0.469,0.00,26.54,0.165,
21706,FOLDING UMBRELLA RED/WHITE POLKADOT,104,91,12.50,12.60,32.25,2.560,1.14,0.250,50.69,6.38,-0.294,-87.41
21707,FOLDING UMBRELLA BLACKBLUE POLKADOT,104,70,32.69,9.40,34.60,3.679,1.49,0.092,44.38,3.46,-0.292,-92.20
21708,FOLDING UMBRELLA CREAM POLKADOT,104,63,39.42,5.61,14.83,2.645,1.65,0.537,19.46,5.54,-0.103,-71.54
21709,FOLDING UMBRELLA CHOCOLATE POLKADOT,104,67,35.58,6.60,30.51,4.625,1.55,0.004,34.38,2.85,-0.212,-91.72
21710,FOLDING UMBRELLA PINKWHITE POLKADOT,104,62,40.38,6.78,32.13,4.740,1.68,0.417,36.92,2.46,-0.251,-93.33
21711,FOLDING UMBRELLA WHITE/RED POLKADOT,104,47,54.81,3.03,9.74,3.215,2.21,0.542,10.77,4.15,-0.053,-61.43
21713,CITRONELLA CANDLE FLOWERPOT,104,87,16.35,26.25,48.35,1.842,1.20,0.525,8.38,4.38,-0.394,-47.71
21714,CITRONELLA CANDLE GARDEN POT,104,94,9.62,40.82,67.93,1.664,1.11,0.543,11.46,10.31,-0.312,-10.07
21715,GIRLS VINTAGE TIN SEASIDE BUCKET,104,98,5.77,34.13,47.47,1.391,1.06,0.136,47.69,9.31,-0.438,-80.48
21716,BOYS VINTAGE TIN SEASIDE BUCKET,104,96,7.69,35.62,47.68,1.339,1.08,0.122,41.62,9.85,-0.409,-76.34
21717,UNKNOWN,104,42,59.62,14.93,30.27,2.027,2.48,0.641,50.31,0.00,-0.455,-100.00
21718,RED METAL BEACH SPADE,104,93,10.58,38.59,64.18,1.663,1.12,0.155,56.77,5.92,-0.513,-89.57
21719,LOVELY BONBON STICKER SHEET,104,74,28.85,8.64,11.53,1.334,1.41,0.045,8.85,5.38,-0.054,-39.13
21720,CAKE SHOP STICKER SHEET,104,44,57.69,10.19,19.54,1.917,2.36,0.379,4.62,0.00,-0.204,-100.00
21721,CANDY SHOP STICKER SHEET,104,57,45.19,10.43,14.97,1.435,1.82,0.326,9.00,0.46,-0.189,-94.87
21722,SWEET PUDDING STICKER SHEET,104,49,52.88,3.30,9.06,2.747,2.12,-0.026,3.38,1.00,-0.047,-70.45
21723,ALPHABET HEARTS STICKER SHEET,104,69,33.65,8.20,11.09,1.353,1.51,0.011,6.92,2.62,-0.033,-62.22
21724,PANDA AND BUNNIES STICKER SHEET,104,74,28.85,9.50,13.47,1.418,1.41,0.128,5.15,9.62,-0.002,86.57
21725,SWEETIES STICKERS,104,79,24.04,10.79,14.71,1.363,1.32,0.262,7.23,1.54,-0.152,-78.72
21726,MULTI HEARTS STICKERS,104,61,41.35,9.58,15.69,1.638,1.70,0.144,14.92,2.38,-0.182,-84.02
21728,UNKNOWN,104,22,78.85,2.86,20.12,7.045,4.73,0.008,17.62,0.00,-0.133,-100.00
21729,UNKNOWN,104,7,93.27,2.63,17.86,6.777,14.86,0.012,21.08,0.00,-0.133,-100.00
21730,GLASS STAR FROSTED T-LIGHT HOLDER,104,69,33.65,10.45,17.62,1.686,1.51,0.610,13.54,8.92,-0.014,-34.09
21731,RED TOADSTOOL LED NIGHT LIGHT,104,101,2.88,275.14,238.51,0.867,1.03,0.192,304.31,332.15,-0.031,9.15
21732,RED HANGING METAL STAR TLIGHT HLDR,104,27,74.04,8.10,42.58,5.260,3.85,0.015,8.15,0.00,-0.245,-100.00
21733,RED HANGING HEART T-LIGHT HOLDER,104,102,1.92,163.10,173.75,1.065,1.02,0.241,212.46,206.00,-0.183,-3.04
21734,SMALL MARAKESH LANTERN ON STICK,104,11,89.42,0.85,3.32,3.924,9.45,0.428,4.85,0.00,-0.041,-100.00
21735,TWO DOOR CURIO CABINET,104,72,30.77,8.07,19.44,2.409,1.44,0.075,9.54,0.31,-0.110,-96.77
21736,UNKNOWN,104,24,76.92,3.36,13.08,3.898,4.33,-0.038,2.77,0.00,-0.040,-100.00
21737,SET 3 WICKER LOG BASKETS,104,42,59.62,3.76,11.41,3.034,2.48,0.133,7.62,0.00,-0.118,-100.00
21738,COSY SLIPPER SHOES SMALL RED,104,43,58.65,4.50,12.06,2.680,2.42,0.216,7.54,0.46,-0.077,-93.88
21739,COSY SLIPPER SHOES SMALL GREEN,104,60,42.31,4.41,6.60,1.495,1.73,0.407,6.54,12.08,0.033,84.71
21740,UNKNOWN,104,8,92.31,1.22,7.80,6.390,13.00,0.777,9.38,0.00,-0.067,-100.00
21741,COSY SLIPPER SHOES LARGE GREEN,104,62,40.38,6.42,11.17,1.740,1.68,0.295,11.69,3.15,-0.101,-73.03
21742,LARGE ROUND WICKER PLATTER,104,81,22.12,4.03,4.76,1.181,1.28,0.369,2.77,8.92,0.018,222.22
21743,STAR PORTABLE TABLE LIGHT,104,54,48.08,11.95,26.52,2.219,1.93,0.437,8.46,0.15,-0.115,-98.18
21744,SNOWFLAKE PORTABLE TABLE LIGHT,104,43,58.65,8.40,17.92,2.132,2.42,0.592,5.00,35.31,0.182,606.15
21745,GAOLERS KEYS DECORATIVE GARDEN,104,100,3.85,25.63,37.36,1.458,1.04,0.039,41.92,26.62,-0.192,-36.51
21746,SMALL RED RETROSPOT WINDMILL,104,97,6.73,56.97,66.89,1.174,1.07,0.324,40.54,8.00,-0.075,-80.27
21747,SMALL SKULL WINDMILL,104,67,35.58,19.68,47.62,2.419,1.55,0.070,11.92,1.92,-0.358,-83.87
21749,LARGE RED RETROSPOT WINDMILL,104,90,13.46,57.16,161.02,2.817,1.16,-0.042,36.23,1.85,-0.902,-94.90
21750,LARGE SKULL WINDMILL,104,42,59.62,2.97,7.24,2.438,2.48,0.196,2.00,0.31,-0.046,-84.62
21752,GLASS CAKE STAND MIRRORED BASE,104,17,83.65,0.71,2.40,3.379,6.12,0.603,5.23,0.00,-0.034,-100.00
21754,HOME BUILDING BLOCK WORD,104,102,1.92,71.22,37.06,0.520,1.02,0.517,85.69,46.15,-0.570,-46.14
21755,LOVE BUILDING BLOCK WORD,104,102,1.92,52.91,29.56,0.559,1.02,0.419,69.38,33.77,-0.450,-51.33
21756,BATH BUILDING BLOCK WORD,104,81,22.12,14.94,13.28,0.889,1.28,0.592,23.69,10.23,-0.074,-56.82
21757,LIGHTHOUSE PRINTED METAL SIGN,104,21,79.81,0.88,2.25,2.546,4.95,0.575,3.31,0.00,-0.031,-100.00
21758,VINTAGE SHELLS PRINT,104,54,48.08,1.30,1.91,1.471,1.93,0.059,1.15,1.38,-0.006,20.00
21759,UNKNOWN,104,9,91.35,0.30,1.53,5.118,11.56,-0.006,1.00,0.00,-0.013,-100.00
21760,FRENCH STYLE WALL DRESSER,104,10,90.38,0.14,0.55,3.794,10.40,0.026,0.08,0.00,-0.004,-100.00
21761,WOOD AND GLASS MEDICINE CABINET,104,19,81.73,0.60,2.48,4.152,5.47,-0.028,2.54,0.23,-0.017,-90.91
21763,UNKNOWN,104,15,85.58,0.42,1.30,3.084,6.93,0.190,0.62,0.00,-0.011,-100.00
21764,VINTAGE WOODEN PLATE RACK,104,8,92.31,0.16,0.73,4.439,13.00,0.239,1.23,0.00,-0.008,-100.00
21765,HANGING METAL BIRD BATH,104,40,61.54,3.48,7.72,2.217,2.60,0.426,5.00,0.00,-0.120,-100.00
21767,UNKNOWN,104,2,98.08,0.02,0.14,7.176,52.00,-0.020,0.08,0.00,-0.001,-100.00
21768,UNKNOWN,104,31,70.19,8.55,43.57,5.097,3.35,0.022,7.77,0.00,-0.162,-100.00
21769,VINTAGE POST OFFICE CABINET,104,33,68.27,1.16,4.42,3.797,3.15,0.056,1.00,0.00,-0.017,-100.00
21770,OPEN CLOSED METAL SIGN,104,64,38.46,28.98,79.76,2.752,1.62,0.013,22.23,43.69,0.255,96.54
21772,VINTAGE METAL CAKE STAND CREAM,104,1,99.04,0.01,0.10,10.198,104.00,-0.010,0.08,0.00,-0.001,-100.00
21773,DECORATIVE ROSE BATHROOM BOTTLE,104,95,8.65,15.62,39.67,2.539,1.09,0.264,7.85,17.15,0.080,118.63
21774,DECORATIVE CATS BATHROOM BOTTLE,104,98,5.77,16.33,37.55,2.300,1.06,0.159,21.77,24.69,0.005,13.43
21775,DECORATIVE FLORE BATHROOM BOTTLE,104,90,13.46,8.36,13.10,1.568,1.16,0.370,7.77,9.92,0.002,27.72
21777,UNKNOWN,104,49,52.88,10.71,17.19,1.605,2.12,0.408,16.85,0.00,-0.282,-100.00
21779,UNKNOWN,104,5,95.19,2.87,19.38,6.765,20.80,0.524,22.92,0.00,-0.160,-100.00
21780,MA CAMPAGNE 4 DRAWER WALL SHELF,104,4,96.15,1.95,10.56,5.411,26.00,0.469,15.62,0.00,-0.105,-100.00
21781,MA CAMPAGNE CUTLERY BOX,104,81,22.12,6.16,7.45,1.208,1.28,0.231,8.46,0.00,-0.105,-100.00
21784,UNKNOWN,104,67,35.58,2.61,3.48,1.334,1.55,0.336,5.08,0.00,-0.056,-100.00
21785,RAIN PONCHO,104,43,58.65,19.04,53.40,2.805,2.42,0.076,16.00,0.00,-0.414,-100.00
21786,POLKADOT RAIN HAT,104,97,6.73,71.88,119.95,1.669,1.07,0.110,126.77,39.15,-1.121,-69.11
21787,RAIN PONCHO RETROSPOT,104,86,17.31,145.19,261.37,1.800,1.21,0.152,0.23,476.31,2.368,206300.00
21788,KIDS RAIN MAC BLUE,104,83,20.19,31.63,40.62,1.284,1.25,0.004,28.54,29.31,-0.163,2.70
21789,KIDS RAIN MAC PINK,104,81,22.12,27.51,36.14,1.314,1.28,0.082,27.92,21.62,-0.213,-22.59
21790,VINTAGE SNAP CARDS,104,102,1.92,257.05,202.48,0.788,1.02,0.483,149.15,528.85,2.414,254.56
21791,VINTAGE HEADS AND TAILS CARD GAME,104,102,1.92,163.55,181.52,1.110,1.02,0.200,121.54,215.08,0.208,76.96
21792,CLASSIC FRENCH STYLE BASKET GREEN,104,60,42.31,4.75,10.53,2.217,1.73,0.408,2.08,0.00,0.040,-100.00
21793,CLASSIC FRENCH STYLE BASKET BROWN,104,54,48.08,3.39,7.01,2.065,1.93,0.212,0.62,8.54,0.097,1287.50
21794,adjustment,104,70,32.69,6.95,11.14,1.602,1.49,0.261,3.77,9.31,0.113,146.94
21795,UNKNOWN,104,29,72.12,4.26,32.62,7.659,3.59,-0.014,2.38,0.00,-0.098,-100.00
21796,UNKNOWN,104,29,72.12,3.35,25.18,7.526,3.59,-0.014,1.69,0.00,-0.077,-100.00
21801,CHRISTMAS TREE DECORATION WITH BELL,104,58,44.23,32.25,63.68,1.975,1.79,0.674,3.62,25.38,0.038,602.13
21802,CHRISTMAS TREE HEART DECORATION,104,64,38.46,41.26,71.75,1.739,1.62,0.627,4.38,73.23,0.414,1570.18
21803,CHRISTMAS TREE STAR DECORATION,104,57,45.19,41.33,73.66,1.782,1.82,0.688,1.15,107.38,0.610,9206.67
21804,dotcom,104,34,67.31,6.25,14.07,2.251,3.06,0.518,3.62,22.23,0.102,514.89
21805,WHITE CHRISTMAS TREE DECORATION,104,23,77.88,19.45,50.94,2.619,4.52,0.630,18.00,0.00,-0.351,-100.00
21806,WHITE CHRISTMAS HEART DECORATION,104,31,70.19,25.39,63.83,2.513,3.35,0.701,11.85,0.00,-0.348,-100.00
21807,WHITE CHRISTMAS STAR DECORATION,104,41,60.58,30.51,66.16,2.169,2.54,0.660,10.46,9.08,-0.262,-13.24
21808,"CHRISTMAS GARLAND STARS,TREES",104,35,66.35,9.54,29.08,3.049,2.97,0.712,0.77,11.23,0.009,1360.00
21809,CHRISTMAS HANGING TREE WITH BELL,104,43,58.65,28.71,71.94,2.505,2.42,0.688,13.00,134.00,0.707,930.77
21810,CHRISTMAS HANGING STAR WITH BELL,104,41,60.58,63.10,170.37,2.700,2.54,0.793,9.85,404.92,2.575,4012.50
21811,UNKNOWN,104,76,26.92,60.44,142.76,2.362,1.37,0.669,11.62,326.77,1.993,2713.25
21812,GARLAND WITH HEARTS AND BELLS,104,63,39.42,7.45,14.03,1.883,1.65,0.506,4.77,21.92,0.093,359.68
21813,GARLAND WITH STARS AND BELLS,104,41,60.58,6.95,14.11,2.030,2.54,0.562,2.69,29.69,0.180,1002.86
21814,HEART T-LIGHT HOLDER,104,41,60.58,6.21,13.90,2.237,2.54,0.556,9.69,3.00,-0.076,-69.05
21815,STAR T-LIGHT HOLDER,104,35,66.35,6.44,14.25,2.212,2.97,0.541,1.23,3.85,-0.026,212.50
21816,CHRISTMAS TREE T-LIGHT HOLDER,104,23,77.88,3.73,10.79,2.893,4.52,0.488,2.85,2.38,-0.034,-16.22
21817,GLITTER CHRISTMAS TREE,104,31,70.19,15.49,36.27,2.341,3.35,0.552,3.46,62.38,0.321,1702.22
21818,GLITTER HEART DECORATION,104,61,41.35,39.02,74.41,1.907,1.70,0.737,12.46,172.15,0.967,1281.48
21819,GLITTER CHRISTMAS STAR,104,41,60.58,35.79,83.26,2.326,2.54,0.707,10.31,170.23,1.000,1551.49
21820,GLITTER HEART GARLAND WITH BELLS,104,58,44.23,7.44,14.70,1.975,1.79,0.463,6.08,15.77,0.046,159.49
21821,GLITTER STAR GARLAND WITH BELLS,104,38,63.46,6.33,13.27,2.098,2.74,0.525,2.77,14.69,0.061,430.56
21822,GLITTER CHRISTMAS TREE WITH BELLS,104,31,70.19,8.92,24.53,2.749,3.35,0.817,3.69,46.15,0.269,1150.00
21823,amazon adjust,104,46,55.77,23.03,53.47,2.322,2.26,0.681,3.69,95.46,0.481,2485.42
21824,PAINTED METAL STAR WITH HOLLY BELLS,104,40,61.54,26.53,68.35,2.576,2.60,0.704,1.15,138.46,0.798,11900.00
21825,PAINTED METAL TREE WITH HOLLY BELLS,104,20,80.77,6.68,20.15,3.016,5.20,0.410,3.85,0.00,-0.098,-100.00
21826,UNKNOWN,104,61,41.35,16.10,29.07,1.806,1.70,0.231,37.00,0.00,-0.407,-100.00
21827,EIGHT PIECE CREEPY CRAWLIE SET,104,45,56.73,7.90,15.26,1.931,2.31,0.471,11.69,0.00,-0.195,-100.00
21828,EIGHT PIECE SNAKE SET,104,79,24.04,10.46,24.44,2.336,1.32,0.110,23.38,12.15,-0.091,-48.03
21829,adjustment,104,96,7.69,141.49,120.36,0.851,1.08,0.272,48.85,101.54,0.164,107.87
21830,ASSORTED CREEPY CRAWLIES,104,91,12.50,77.33,99.09,1.281,1.14,0.061,66.62,48.46,-0.362,-27.25
21832,CHOCOLATE CALCULATOR,104,96,7.69,30.62,44.02,1.438,1.08,0.189,59.54,25.15,-0.385,-57.75
21833,CAMOUFLAGE LED TORCH,104,95,8.65,58.35,67.36,1.154,1.09,0.270,41.69,95.15,0.107,128.23
21836,GINGHAM OVEN GLOVE RED HEART,104,39,62.50,2.39,4.29,1.791,2.67,0.465,7.15,0.00,-0.071,-100.00
21837,UNKNOWN,104,21,79.81,2.18,5.42,2.485,4.95,0.595,11.23,0.00,-0.099,-100.00
21838,DADDY MOUSE RED GINGHAM BOW TIE,104,0,100.00,0.00,0.00,0.000,0.00,,0.00,0.00,0.000,
21839,MUMMY MOUSE RED GINGHAM RIBBON,104,37,64.42,1.78,4.32,2.427,2.81,0.314,2.38,0.00,-0.059,-100.00
21841,BABY MOUSE RED GINGHAM DRESS,104,55,47.12,4.46,9.64,2.160,1.89,0.073,3.38,5.00,-0.009,47.73
21842,PINK HEART CANDY BUTTON CALCULATOR,104,9,91.35,4.17,21.35,5.115,11.56,0.404,33.38,0.00,-0.225,-100.00
21843,RED RETROSPOT CAKE STAND,104,102,1.92,57.72,55.17,0.956,1.02,0.133,87.08,49.92,-0.607,-42.67
21844,RED RETROSPOT MUG,104,99,4.81,51.06,50.37,0.986,1.05,0.175,74.77,39.46,-0.489,-47.22
21845,DAIRY MAID STRIPE MUG,104,78,25.00,24.24,37.06,1.529,1.33,0.302,13.92,29.54,0.416,112.15
21846,PINK DIAMANTE PEN IN GIFT BOX,104,80,23.08,15.30,40.29,2.633,1.30,0.268,40.46,3.15,-0.312,-92.21
21847,GREEN DIAMANTE PEN IN GIFT BOX,104,40,61.54,3.34,13.17,3.948,2.60,0.109,5.38,0.46,-0.045,-91.43
21849,SILVER DIAMANTE PEN IN GIFT BOX,104,60,42.31,6.08,13.95,2.295,1.73,0.689,11.00,1.77,-0.078,-83.92
21850,BLUE DIAMANTE PEN IN GIFT BOX,104,48,53.85,4.27,14.77,3.460,2.17,0.062,11.15,1.31,-0.063,-88.28
21851,LILAC DIAMANTE PEN IN GIFT BOX,104,59,43.27,5.98,24.05,4.021,1.76,0.134,25.46,1.15,-0.167,-95.47
21852,UNKNOWN,104,2,98.08,0.05,0.40,8.390,52.00,0.224,0.38,0.00,-0.003,-100.00
21853,GUMBALL CUSTOM CARS TOP TRUMPS GAME,104,2,98.08,0.02,0.14,7.176,52.00,-0.014,0.08,0.00,-0.001,-100.00
21854,EURO FOOTBALL STARS TOP TRUMPS GAME,104,0,100.00,0.00,0.00,0.000,0.00,,0.00,0.00,0.000,
21857,STAR WARS TOP TRUMPS GAME,104,2,98.08,0.02,0.14,7.176,52.00,0.490,0.15,0.00,-0.001,-100.00
21858,HIGH SCHOOL MUSICAL 3 TOP TRUMPS,104,2,98.08,0.02,0.14,7.176,52.00,-0.014,0.08,0.00,-0.001,-100.00
21859,UNKNOWN,104,1,99.04,0.01,0.10,10.198,104.00,-0.010,0.08,0.00,-0.001,-100.00
21860,DR WHO TOP TRUMPS GAME,104,0,100.00,0.00,0.00,0.000,0.00,,0.00,0.00,0.000,
21864,UNION JACK FLAG PASSPORT COVER,104,97,6.73,15.81,17.37,1.099,1.07,0.121,14.69,13.31,-0.055,-9.42
21865,PINK UNION JACK PASSPORT COVER,104,91,12.50,8.28,9.74,1.176,1.14,0.160,10.08,2.77,-0.104,-72.52
21866,UNION JACK FLAG LUGGAGE TAG,104,97,6.73,20.44,20.52,1.004,1.07,0.312,16.85,13.15,-0.166,-21.92
21867,PINK UNION JACK LUGGAGE TAG,104,90,13.46,10.59,14.96,1.413,1.16,0.222,9.85,4.54,-0.109,-53.91
21868,POTTING SHED TEA MUG,104,94,9.62,86.18,91.79,1.065,1.11,0.261,110.92,22.69,-1.223,-79.54
21869,UNKNOWN,104,22,78.85,10.95,37.66,3.439,4.73,0.264,56.77,0.00,-0.501,-100.00
21870,I CAN ONLY PLEASE ONE PERSON MUG,104,76,26.92,57.85,60.54,1.047,1.37,0.491,79.54,0.00,-1.001,-100.00
21871,SAVE THE PLANET MUG,104,94,9.62,107.37,156.18,1.455,1.11,-0.050,137.08,129.38,-0.044,-5.61
21872,GLAMOROUS MUG,104,92,11.54,48.38,109.81,2.269,1.13,-0.003,56.69,62.85,-0.589,10.85
21873,IF YOU CAN'T STAND THE HEAT MUG,104,80,23.08,19.23,68.63,3.569,1.30,0.003,6.31,56.85,0.313,801.22
21874,GIN AND TONIC MUG,104,102,1.92,60.11,97.03,1.614,1.02,-0.047,74.46,127.23,0.049,70.87
21875,KINGS CHOICE MUG,104,97,6.73,64.31,136.86,2.128,1.07,0.041,82.85,17.69,-0.759,-78.64
21876,POTTERING MUG,104,101,2.88,53.57,96.73,1.806,1.03,0.007,26.92,90.77,0.383,237.14
21877,HOME SWEET HOME MUG,104,100,3.85,132.45,190.62,1.439,1.04,-0.090,144.23,111.54,-0.745,-22.67
21878,PACK OF 6 SANDCASTLE FLAGS ASSORTED,104,81,22.12,53.67,94.68,1.764,1.28,0.273,0.00,4.69,-0.349,
21879,HEARTS GIFT TAPE,104,53,49.04,14.88,45.39,3.052,1.96,0.270,11.92,6.23,-0.008,-47.74
21880,RED RETROSPOT TAPE,104,92,11.54,23.67,37.49,1.584,1.13,0.157,9.15,38.46,0.271,320.17
21881,CUTE CATS TAPE,104,57,45.19,12.77,37.83,2.963,1.82,0.110,3.92,5.62,0.120,43.14
21882,SKULLS TAPE,104,62,40.38,9.82,29.41,2.996,1.68,0.153,4.92,7.38,0.001,50.00
21883,STARS GIFT TAPE,104,77,25.96,22.25,43.86,1.971,1.35,0.476,15.08,22.85,0.094,51.53
21884,CAKES AND BOWS GIFT TAPE,104,75,27.88,13.80,40.99,2.971,1.39,0.046,7.85,6.46,0.096,-17.65
21888,BINGO SET,104,102,1.92,33.01,34.57,1.047,1.02,0.217,22.62,53.62,0.188,137.07
21889,WOODEN BOX OF DOMINOES,104,102,1.92,120.22,123.78,1.030,1.02,0.473,66.92,245.46,0.975,266.78
21890,S/6 WOODEN SKITTLES IN COTTON BAG,104,99,4.81,32.89,63.76,1.938,1.05,0.040,17.69,26.62,-0.095,50.43
21891,TRADITIONAL WOODEN SKIPPING ROPE,104,92,11.54,114.87,151.46,1.319,1.13,-0.034,15.62,228.00,2.091,1360.10
21892,TRADITIONAL WOODEN CATCH CUP GAME,104,100,3.85,74.23,99.08,1.335,1.04,0.405,30.00,109.54,0.381,265.13
21893,POTTING SHED SEED TIN,104,8,92.31,1.53,11.97,7.830,13.00,0.087,12.23,0.00,-0.080,-100.00
21894,POTTING SHED SEED ENVELOPES,104,84,19.23,12.63,16.80,1.330,1.24,0.098,17.77,10.69,-0.079,-39.83
21895,POTTING SHED SOW 'N' GROW SET,104,35,66.35,5.14,25.73,5.001,2.97,0.072,24.54,0.00,-0.218,-100.00
21896,POTTING SHED TWINE,104,90,13.46,22.79,55.40,2.431,1.16,0.014,32.31,2.85,-0.243,-91.19
21897,UNKNOWN,104,42,59.62,8.73,35.89,4.111,2.48,-0.019,4.77,0.00,-0.054,-100.00
21898,UNKNOWN,104,44,57.69,8.34,39.20,4.703,2.36,-0.004,4.77,0.00,0.001,-100.00
21899,GARAGE KEY FOB,104,101,2.88,63.05,95.49,1.515,1.03,0.063,44.62,31.31,-0.242,-29.83
21900,"KEY FOB , SHED",104,101,2.88,92.84,186.14,2.005,1.03,0.050,53.54,42.38,-0.616,-20.83
21901,"KEY FOB , BACK DOOR",104,101,2.88,58.13,78.55,1.351,1.03,0.069,48.85,30.31,-0.511,-37.95
21902,"KEY FOB , FRONT DOOR",104,99,4.81,50.74,94.70,1.866,1.05,0.062,31.46,28.23,-0.184,-10.27
21903,MAN FLU METAL SIGN,104,98,5.77,32.27,72.93,2.260,1.06,-0.065,109.92,17.38,-0.534,-84.18
21904,UNKNOWN,104,57,45.19,7.31,26.66,3.648,1.82,0.272,36.15,0.00,-0.275,-100.00
21905,MORE BUTTER METAL SIGN,104,87,16.35,14.79,37.00,2.502,1.20,-0.027,42.92,20.00,-0.074,-53.41
21906,PHARMACIE FIRST AID TIN,104,92,11.54,17.13,50.10,2.924,1.13,-0.001,11.38,12.38,-0.085,8.78
21907,I'M ON HOLIDAY METAL SIGN,104,96,7.69,49.16,36.90,0.751,1.08,0.376,21.85,31.31,-0.031,43.31
21908,CHOCOLATE THIS WAY METAL SIGN,104,102,1.92,91.68,117.28,1.279,1.02,-0.068,204.77,103.77,-0.787,-49.32
21910,WAY OUT METAL SIGN,104,46,55.77,10.08,40.06,3.976,2.26,0.006,50.92,0.00,-0.392,-100.00
21911,UNKNOWN,104,66,36.54,24.16,48.46,2.005,1.58,0.184,67.54,0.08,-0.804,-99.89
21912,VINTAGE SNAKES & LADDERS,104,102,1.92,34.38,45.26,1.316,1.02,-0.007,38.31,47.85,0.108,24.90
21913,VINTAGE SEASIDE JIGSAW PUZZLES,104,96,7.69,10.51,20.50,1.951,1.08,-0.053,24.08,7.23,-0.136,-69.97
21914,BLUE HARMONICA IN BOX,104,91,12.50,121.30,138.73,1.144,1.14,0.654,1.23,265.15,1.844,21443.75
21915,RED HARMONICA IN BOX,104,90,13.46,351.10,467.76,1.332,1.16,0.043,0.08,745.77,4.866,969400.00
21916,SET 12 RETRO WHITE CHALK STICKS,104,102,1.92,103.42,129.92,1.256,1.02,0.073,93.85,92.00,-0.087,-1.97
21917,SET 12 KIDS WHITE CHALK STICKS,104,97,6.73,75.19,97.59,1.298,1.07,0.141,22.00,109.08,0.386,395.80
21918,SET 12 KIDS COLOUR CHALK STICKS,104,102,1.92,137.84,170.67,1.238,1.02,0.063,56.08,90.15,0.236,60.77
21919,Electronic Talking Breath-A-Loser,104,4,96.15,0.06,0.31,5.307,26.00,-0.036,0.08,0.00,-0.001,-100.00
21922,UNION STRIPE WITH FRINGE HAMMOCK,104,77,25.96,13.85,21.20,1.531,1.35,0.778,0.00,2.69,0.096,
21923,UNKNOWN,104,29,72.12,3.62,8.76,2.417,3.59,0.844,1.85,0.00,-0.110,-100.00
21924,UNKNOWN,104,35,66.35,3.29,8.05,2.448,2.97,0.535,2.31,0.00,-0.103,-100.00
21925,UNION STRIPE CUSHION COVER,104,62,40.38,11.51,19.36,1.682,1.68,0.624,0.00,2.92,-0.123,
21926,RED/CREAM STRIPE CUSHION COVER,104,60,42.31,9.62,15.30,1.589,1.73,0.506,0.00,7.38,-0.045,
21927,BLUE/CREAM STRIPE CUSHION COVER,104,66,36.54,12.19,17.22,1.412,1.58,0.566,0.00,13.08,0.016,
21928,JUMBO BAG SCANDINAVIAN BLUE PAISLEY,104,100,3.85,230.62,165.20,0.716,1.04,0.245,207.69,182.85,-0.647,-11.96
21929,JUMBO BAG PINK VINTAGE PAISLEY,104,97,6.73,242.79,192.19,0.792,1.07,0.227,244.15,169.54,-0.806,-30.56
21930,JUMBO STORAGE BAG SKULLS,104,102,1.92,125.54,90.62,0.722,1.02,0.094,86.38,162.00,0.179,87.53
21931,JUMBO STORAGE BAG SUKI,104,102,1.92,275.80,133.44,0.484,1.02,0.191,203.00,291.85,0.176,43.77
21932,SCANDINAVIAN PAISLEY PICNIC BAG,104,92,11.54,36.77,56.58,1.539,1.13,0.377,28.85,29.46,0.431,2.13
21933,PINK VINTAGE PAISLEY PICNIC BAG,104,95,8.65,39.14,64.76,1.654,1.09,0.357,35.00,24.85,0.282,-29.01
21934,SKULL SHOULDER BAG,104,102,1.92,42.90,53.54,1.248,1.02,0.128,81.31,68.00,0.030,-16.37
21935,SUKI SHOULDER BAG,104,102,1.92,65.88,62.95,0.955,1.02,0.199,112.92,86.69,-0.211,-23.23
21936,RED RETROSPOT PICNIC BAG,104,101,2.88,74.62,81.29,1.089,1.03,0.248,56.69,21.62,-0.126,-61.87
21937,STRAWBERRY PICNIC BAG,104,76,26.92,39.95,55.17,1.381,1.37,0.305,38.46,4.23,-0.355,-89.00
21942,SKULLS DESIGN FLANNEL,104,68,34.62,15.73,64.50,4.100,1.53,0.412,86.31,9.38,-0.540,-89.13
21943,CAKES AND RABBITS DESIGN FLANNEL,104,65,37.50,5.66,10.46,1.847,1.60,0.137,12.77,2.08,-0.109,-83.73
21944,KITTENS DESIGN FLANNEL,104,66,36.54,16.60,69.38,4.180,1.58,0.495,94.69,7.46,-0.588,-92.12
21945,STRAWBERRIES DESIGN FLANNEL,104,71,31.73,17.74,63.59,3.585,1.46,0.374,87.62,12.23,-0.553,-86.04
21946,PARTY TIME DESIGN FLANNEL,104,40,61.54,5.95,33.42,5.615,2.60,0.119,33.31,1.31,-0.229,-96.07
21947,SET OF 6 HEART CHOPSTICKS,104,90,13.46,15.83,22.43,1.417,1.16,0.203,25.31,11.62,-0.093,-54.10
21948,SET OF 6 CAKE CHOPSTICKS,104,93,10.58,21.62,97.66,4.518,1.12,-0.028,18.15,8.46,-0.335,-53.39
21949,SET OF 6 STRAWBERRY CHOPSTICKS,104,82,21.15,24.62,96.85,3.933,1.27,-0.026,21.08,9.92,-0.360,-52.92
21950,UNKNOWN,104,9,91.35,2.66,18.92,7.103,11.56,-0.018,15.38,0.00,-0.113,-100.00
21955,DOORMAT UNION JACK GUNS AND ROSES,104,100,3.85,36.35,78.09,2.148,1.04,-0.031,90.77,12.85,-0.561,-85.85
21967,PACK OF 12 SKULL TISSUES,104,92,11.54,99.78,235.35,2.359,1.13,0.026,0.77,72.15,0.003,9280.00
21972,SET OF 36 DINOSAUR PAPER DOILIES,104,84,19.23,10.12,12.87,1.272,1.24,0.040,7.31,6.54,-0.078,-10.53
21973,SET OF 36 MUSHROOM PAPER DOILIES,104,75,27.88,17.35,33.24,1.916,1.39,0.250,35.46,1.85,-0.360,-94.79
21974,SET OF 36 PAISLEY FLOWER DOILIES,104,102,1.92,67.05,68.04,1.015,1.02,0.128,74.62,59.08,-0.572,-20.82
21975,PACK OF 60 DINOSAUR CAKE CASES,104,102,1.92,297.48,240.92,0.810,1.02,0.073,312.92,236.62,-1.457,-24.39
21976,PACK OF 60 MUSHROOM CAKE CASES,104,102,1.92,138.09,143.47,1.039,1.02,0.130,210.08,80.00,-1.298,-61.92
21977,PACK OF 60 PINK PAISLEY CAKE CASES,104,102,1.92,531.93,395.36,0.743,1.02,0.014,466.54,379.38,-0.943,-18.68
21980,PACK OF 12 RED RETROSPOT TISSUES,104,100,3.85,259.21,983.48,3.794,1.04,-0.016,258.08,138.92,-5.060,-46.17
21981,PACK OF 12 WOODLAND TISSUES,104,92,11.54,209.64,1046.56,4.992,1.13,0.049,42.15,70.62,-4.467,67.52
21982,PACK OF 12 SUKI TISSUES,104,92,11.54,307.49,1225.44,3.985,1.13,-0.008,0.85,128.00,-5.778,15027.27
21983,PACK OF 12 BLUE PAISLEY TISSUES,104,99,4.81,57.77,72.48,1.255,1.05,-0.090,97.38,56.38,-0.485,-42.10
21984,PACK OF 12 PINK PAISLEY TISSUES,104,100,3.85,203.57,1089.44,5.352,1.04,-0.005,88.46,67.46,-5.340,-23.74
21985,PACK OF 12 HEARTS DESIGN TISSUES,104,102,1.92,242.84,521.38,2.147,1.02,0.013,425.92,145.85,-3.438,-65.76
21986,PACK OF 12 PINK POLKADOT TISSUES,104,100,3.85,128.58,301.97,2.349,1.04,-0.024,179.46,47.69,-2.027,-73.42
21987,PACK OF 6 SKULL PAPER CUPS,104,98,5.77,61.19,103.61,1.693,1.06,-0.026,39.23,52.46,-0.427,33.73
21988,PACK OF 6 SKULL PAPER PLATES,104,99,4.81,75.01,135.04,1.800,1.05,-0.022,36.77,47.46,-0.747,29.08
21989,PACK OF 20 SKULL PAPER NAPKINS,104,99,4.81,81.03,136.11,1.680,1.05,0.076,45.54,38.31,-0.943,-15.88
21990,MODERN FLORAL STATIONERY SET,104,91,12.50,22.65,32.04,1.414,1.14,0.383,27.23,57.23,0.356,110.17
21991,BOHEMIAN COLLAGE STATIONERY SET,104,74,28.85,10.38,21.10,2.034,1.41,0.072,21.38,18.31,0.061,-14.39
21992,check,104,100,3.85,31.92,38.33,1.201,1.04,0.282,43.62,63.62,0.244,45.86
21993,FLORAL FOLK STATIONERY SET,104,94,9.62,26.49,34.78,1.313,1.11,0.507,33.77,67.08,0.413,98.63
22003,UNKNOWN,104,1,99.04,0.10,0.98,10.198,104.00,-0.010,0.77,0.00,-0.005,-100.00
22016,Dotcomgiftshop Gift Voucher £100.00,104,3,97.12,0.12,0.99,8.566,34.67,-0.014,0.08,0.00,-0.002,-100.00
22021,BLUE FELT EASTER EGG BASKET,104,30,71.15,13.59,31.47,2.316,3.47,0.829,48.15,0.00,-0.410,-100.00
22023,EMPIRE BIRTHDAY CARD,104,98,5.77,47.11,47.20,1.002,1.06,0.247,67.08,21.00,-0.688,-68.69
22024,RAINY LADIES BIRTHDAY CARD,104,95,8.65,50.80,43.54,0.857,1.09,0.104,61.08,45.54,-0.168,-25.44
22025,RING OF ROSES BIRTHDAY CARD,104,91,12.50,37.76,46.72,1.237,1.14,-0.034,38.38,33.46,-0.056,-12.83
22026,BANQUET BIRTHDAY CARD,104,97,6.73,38.32,40.86,1.066,1.07,0.038,42.92,31.31,-0.132,-27.06
22027,TEA PARTY BIRTHDAY CARD,104,101,2.88,107.17,72.37,0.675,1.03,0.159,127.46,106.08,-0.514,-16.78
22028,PENNY FARTHING BIRTHDAY CARD,104,93,10.58,60.24,47.18,0.783,1.12,0.196,62.38,68.08,0.120,9.12
22029,SPACEBOY BIRTHDAY CARD,104,101,2.88,165.17,106.00,0.642,1.03,0.011,131.77,180.00,-0.040,36.60
22030,SWALLOWS GREETING CARD,104,95,8.65,120.32,131.62,1.094,1.09,0.014,104.77,96.62,0.011,-7.78
22031,BOTANICAL LAVENDER BIRTHDAY CARD,104,65,37.50,10.34,12.62,1.221,1.60,0.132,10.46,6.85,-0.081,-34.56
22032,BOTANICAL LILY GREETING CARD,104,56,46.15,9.31,12.84,1.379,1.86,0.118,8.62,9.46,-0.049,9.82
22033,BOTANICAL ROSE GREETING CARD,104,58,44.23,15.30,19.06,1.246,1.79,0.328,32.08,0.08,-0.359,-99.76
22034,ROBIN CHRISTMAS CARD,104,23,77.88,14.86,45.96,3.094,4.52,0.662,13.08,0.15,-0.199,-98.82
22035,VINTAGE CARAVAN GREETING CARD,104,93,10.58,39.32,30.27,0.770,1.12,0.211,42.77,9.54,-0.339,-77.70
22036,DINOSAUR BIRTHDAY CARD,104,35,66.35,15.74,30.88,1.962,2.97,0.566,67.62,0.00,-0.651,-100.00
22037,ROBOT BIRTHDAY CARD,104,92,11.54,65.10,51.23,0.787,1.13,0.325,49.69,79.23,0.407,59.44
22038,BOTANICAL LAVENDER GIFT WRAP,104,37,64.42,10.82,16.98,1.570,2.81,0.007,15.38,9.62,-0.068,-37.50
22039,BOTANICAL LILY GIFT WRAP,104,23,77.88,8.17,19.22,2.352,4.52,0.079,1.92,13.46,-0.062,600.00
22040,BOTANICAL ROSE GIFT WRAP,104,60,42.31,26.83,46.97,1.751,1.73,0.070,40.38,9.62,-0.325,-76.19
22041,"RECORD FRAME 7"" SINGLE SIZE",104,99,4.81,68.52,62.29,0.909,1.05,-0.004,33.31,108.23,0.615,224.94
22042,CHRISTMAS CARD SINGING ANGEL,104,36,65.38,15.56,39.67,2.550,2.89,0.516,14.00,14.85,-0.053,6.04
22043,CHRISTMAS CARD SCREEN PRINT,104,39,62.50,21.07,41.98,1.993,2.67,0.692,2.77,84.15,0.486,2938.89
22044,CHRISTMAS CARD STACK OF PRESENTS,104,26,75.00,18.60,47.31,2.544,4.00,0.728,10.31,49.85,0.199,383.58
22045,SPACEBOY GIFT WRAP,104,97,6.73,138.38,111.11,0.803,1.07,0.208,117.31,188.46,0.144,60.66
22046,TEA PARTY WRAPPING PAPER,104,89,14.42,60.10,59.58,0.991,1.17,0.213,75.00,50.00,-0.312,-33.33
22047,EMPIRE GIFT WRAP,104,88,15.38,75.72,84.65,1.118,1.18,0.142,92.31,82.69,-0.331,-10.42
22048,BIRTHDAY BANQUET GIFT WRAP,104,63,39.42,26.35,32.59,1.237,1.65,0.072,44.23,17.31,-0.270,-60.87
22049,WRAP CHRISTMAS SCREEN PRINT,104,26,75.00,31.97,74.35,2.325,4.00,0.703,9.62,51.92,0.113,440.00
22050,PINK PAISLEY ROSE GIFT WRAP,104,68,34.62,31.49,38.00,1.207,1.53,-0.093,40.38,25.00,-0.187,-38.10
22051,BLUE SCANDINAVIAN PAISLEY WRAP,104,67,35.58,30.05,35.08,1.167,1.55,-0.067,51.92,17.31,-0.392,-66.67
22052,VINTAGE CARAVAN GIFT WRAP,104,55,47.12,33.41,42.73,1.279,1.89,0.343,40.38,0.00,-0.610,-100.00
22053,EMPIRE DESIGN ROSETTE,104,52,50.00,43.73,388.53,8.885,2.00,0.016,8.46,2.38,0.437,-71.82
22054,MINI CAKE STAND HANGING HEARTS,104,13,87.50,3.28,12.02,3.665,8.00,0.496,26.15,0.00,-0.166,-100.00
22055,MINI CAKE STAND HANGING STRAWBERY,104,97,6.73,44.46,47.84,1.076,1.07,0.244,57.31,20.46,-0.658,-64.30
22056,CERAMIC PLATE LOVE HEART DESIGN,104,18,82.69,5.84,29.77,5.101,5.78,-0.028,7.23,0.00,-0.177,-100.00
22057,CERAMIC PLATE STRAWBERRY DESIGN,104,79,24.04,27.74,52.93,1.908,1.32,0.089,37.92,9.77,-0.567,-74.24
22058,CERAMIC LOVE HEARTS DESIGN MUG,104,34,67.31,6.75,23.58,3.493,3.06,0.432,41.62,0.00,-0.283,-100.00
22059,CERAMIC STRAWBERRY DESIGN MUG,104,97,6.73,42.18,62.14,1.473,1.07,0.050,72.08,16.38,-0.585,-77.27
22060,LARGE CAKE STAND HANGING HEARTS,104,63,39.42,7.00,15.58,2.225,1.65,0.035,8.31,0.00,-0.125,-100.00
22061,LARGE CAKE STAND HANGING STRAWBERY,104,97,6.73,19.08,25.48,1.336,1.07,0.174,24.92,9.92,-0.359,-60.19
22062,UNKNOWN,104,67,35.58,8.01,16.18,2.020,1.55,0.123,3.69,10.85,0.119,193.75
22063,CERAMIC BOWL WITH STRAWBERRY DESIGN,104,93,10.58,20.15,32.27,1.601,1.12,0.113,42.00,4.92,-0.444,-88.28
22064,PINK DOUGHNUT TRINKET POT,104,101,2.88,57.99,71.38,1.231,1.03,0.229,124.23,28.62,-1.067,-76.97
22065,CHRISTMAS PUDDING TRINKET POT,104,58,44.23,78.05,218.87,2.804,1.79,0.435,20.62,467.23,2.735,2166.42
22066,LOVE HEART TRINKET POT,104,84,19.23,32.77,45.07,1.375,1.24,0.223,53.92,63.31,0.307,17.40
22067,CHOC TRUFFLE GOLD TRINKET POT,104,92,11.54,17.29,26.82,1.551,1.13,0.020,34.15,7.77,-0.302,-77.25
22068,BLACK PIRATE TREASURE CHEST,104,94,9.62,8.84,10.56,1.195,1.11,0.129,7.38,12.46,-0.009,68.75
22069,BROWN PIRATE TREASURE CHEST,104,87,16.35,7.98,9.13,1.144,1.20,0.293,4.85,10.69,-0.030,120.63
22070,SMALL RED RETROSPOT MUG IN BOX,104,85,18.27,17.11,31.39,1.835,1.22,0.530,16.54,49.31,0.192,198.14
22071,SMALL WHITE RETROSPOT MUG IN BOX,104,80,23.08,14.19,30.18,2.126,1.30,0.571,15.62,46.31,0.126,196.55
22072,RED RETROSPOT TEA CUP AND SAUCER,104,96,7.69,21.49,25.23,1.174,1.08,0.068,44.62,12.54,-0.295,-71.90
22073,RED RETROSPOT STORAGE JAR,104,70,32.69,20.20,21.10,1.044,1.49,0.515,36.85,0.00,-0.485,-100.00
22074,6 RIBBONS SHIMMERING PINKS,104,85,18.27,19.10,42.49,2.225,1.22,0.186,7.62,19.31,0.029,153.54
22075,6 RIBBONS ELEGANT CHRISTMAS,104,66,36.54,24.92,47.53,1.907,1.58,0.430,18.62,59.69,0.212,220.66
22076,6 RIBBONS EMPIRE,104,96,7.69,19.56,24.39,1.247,1.08,0.074,20.77,34.38,0.044,65.56
22077,6 RIBBONS RUSTIC CHARM,104,93,10.58,164.06,117.02,0.713,1.12,0.590,2.46,270.23,1.429,10878.12
22078,RIBBON REEL LACE DESIGN,104,87,16.35,36.72,46.96,1.279,1.20,0.160,30.92,37.23,-0.195,20.40
22079,RIBBON REEL HEARTS DESIGN,104,102,1.92,47.45,43.79,0.923,1.02,0.116,75.15,47.46,-0.339,-36.85
22080,RIBBON REEL POLKADOTS,104,79,24.04,39.38,48.48,1.231,1.32,0.118,55.15,48.23,-0.335,-12.55
22081,RIBBON REEL FLORA + FAUNA,104,93,10.58,14.53,13.31,0.916,1.12,0.213,12.31,17.77,-0.014,44.38
22082,RIBBON REEL STRIPES DESIGN,104,102,1.92,67.10,56.94,0.849,1.02,0.460,51.15,77.54,-0.129,51.58
22083,PAPER CHAIN KIT RETROSPOT,104,102,1.92,125.00,109.55,0.876,1.02,0.057,153.85,104.54,-1.117,-32.05
22084,PAPER CHAIN KIT EMPIRE,104,93,10.58,84.24,142.74,1.694,1.12,0.721,99.54,1.54,-0.153,-98.45
22085,PAPER CHAIN KIT SKULLS,104,91,12.50,24.11,70.23,2.913,1.14,-0.027,10.92,7.00,-0.403,-35.92
22086,PAPER CHAIN KIT 50'S CHRISTMAS,104,82,21.15,303.48,524.93,1.730,1.27,0.866,102.23,1073.46,5.978,950.04
22087,PAPER BUNTING WHITE LACE,104,76,26.92,80.85,97.77,1.209,1.37,0.606,43.38,45.08,-0.211,3.90
22088,UNKNOWN,104,80,23.08,41.64,49.14,1.180,1.30,0.348,39.08,0.00,-0.288,-100.00
22089,PAPER BUNTING VINTAGE PAISLEY,104,98,5.77,33.83,34.79,1.029,1.06,0.154,45.77,19.23,-0.212,-57.98
22090,PAPER BUNTING RETROSPOT,104,102,1.92,159.30,125.52,0.788,1.02,0.264,125.85,72.23,-0.421,-42.60
22091,EMPIRE TISSUE BOX,104,86,17.31,29.94,56.25,1.879,1.21,0.144,44.46,84.38,0.414,89.79
22092,BLUE PAISLEY TISSUE BOX,104,59,43.27,8.94,15.95,1.784,1.76,0.401,6.31,24.77,0.196,292.68
22093,MOTORING TISSUE BOX,104,74,28.85,21.73,48.42,2.228,1.41,0.292,8.23,78.23,0.603,850.47
22094,RED RETROSPOT TISSUE BOX,104,91,12.50,34.08,73.77,2.165,1.14,0.127,17.77,100.77,0.509,467.10
22095,LADS ONLY TISSUE BOX,104,74,28.85,26.19,56.12,2.143,1.41,0.161,34.77,62.38,0.232,79.42
22096,PINK PAISLEY SQUARE TISSUE BOX,104,67,35.58,13.85,47.94,3.463,1.55,0.259,5.31,70.77,0.406,1233.33
22097,SWALLOW SQUARE TISSUE BOX,104,86,17.31,17.66,46.91,2.656,1.21,0.197,10.85,56.85,0.444,424.11
22098,BOUDOIR SQUARE TISSUE BOX,104,90,13.46,27.38,59.96,2.190,1.16,0.048,19.92,101.69,0.635,410.42
22099,CARAVAN SQUARE TISSUE BOX,104,89,14.42,20.04,40.95,2.044,1.17,0.045,6.85,56.54,0.411,725.84
22100,SKULLS SQUARE TISSUE BOX,104,61,41.35,8.56,21.95,2.565,1.70,0.167,4.00,24.31,0.216,507.69
22101,MIRROR MOSAIC VOTIVE HOLDER,104,62,40.38,17.86,66.80,3.741,1.68,0.049,2.77,66.38,0.487,2297.22
22102,MIRROR MOSAIC T-LIGHT HOLDER,104,43,58.65,17.57,146.83,8.358,2.42,-0.009,3.85,117.69,0.727,2960.00
22103,MIRROR MOSAIC T-LIGHT HOLDER ROUND,104,50,51.92,16.73,95.89,5.731,2.08,-0.007,6.23,76.31,0.429,1124.69
22104,MIRROR MOSAIC CANDLE PLATE,104,64,38.46,11.31,57.72,5.104,1.62,0.112,5.08,6.54,-0.031,28.79
22105,MIRROR MOSAIC GOBLET CANDLE HOLDER,104,39,62.50,6.62,47.13,7.114,2.67,-0.018,4.69,38.38,0.225,718.03
22106,MIRROR MOSAIC HURRICANE LAMP,104,50,51.92,4.85,24.47,5.050,2.08,-0.012,2.77,20.69,0.120,647.22
22107,PIZZA PLATE IN BOX,104,86,17.31,10.51,13.50,1.285,1.21,0.553,18.92,23.69,-0.009,25.20
22108,PING! MICROWAVE PLATE,104,57,45.19,2.68,4.40,1.641,1.82,0.150,1.46,4.38,0.002,200.00
22109,FULL ENGLISH BREAKFAST PLATE,104,101,2.88,29.87,35.34,1.183,1.03,0.346,37.08,44.77,0.039,20.75
22110,BIRD HOUSE HOT WATER BOTTLE,104,87,16.35,24.33,38.86,1.597,1.20,0.397,57.31,40.77,-0.120,-28.86
22111,SCOTTIE DOG HOT WATER BOTTLE,104,99,4.81,87.80,135.88,1.548,1.05,0.620,130.15,199.46,0.317,53.25
22112,CHOCOLATE HOT WATER BOTTLE,104,102,1.92,100.47,132.32,1.317,1.02,0.802,93.31,259.77,1.044,178.40
22113,GREY HEART HOT WATER BOTTLE,104,64,38.46,52.99,83.13,1.569,1.62,0.633,37.54,132.54,0.603,253.07
22114,HOT WATER BOTTLE TEA AND SYMPATHY,104,76,26.92,104.80,154.92,1.478,1.37,0.746,131.69,301.08,0.719,128.62
22115,METAL SIGN EMPIRE TEA,104,99,4.81,26.75,44.18,1.652,1.05,0.131,41.00,53.23,0.118,29.83
22116,METAL SIGN HIS DINNER IS SERVED,104,75,27.88,7.67,16.07,2.094,1.39,0.215,13.46,16.46,0.091,22.29
22117,METAL SIGN HER DINNER IS SERVED,104,83,20.19,18.47,79.25,4.291,1.25,-0.018,9.77,76.77,0.458,685.83
22118,JOY WOODEN BLOCK LETTERS,104,70,32.69,6.76,20.56,3.042,1.49,0.133,4.00,7.23,-0.032,80.77
22119,PEACE WOODEN BLOCK LETTERS,104,81,22.12,7.42,10.33,1.392,1.28,0.562,7.77,9.77,-0.015,25.74
22120,WELCOME WOODEN BLOCK LETTERS,104,79,24.04,9.52,9.51,0.999,1.32,0.308,8.62,9.85,0.050,14.29
22121,NOEL WOODEN BLOCK LETTERS,104,55,47.12,13.64,30.48,2.234,1.89,0.502,6.08,17.31,0.014,184.81
22122,SET OF 2 FANCY FONT TEA TOWELS,104,35,66.35,10.66,27.39,2.569,2.97,0.232,42.77,0.00,-0.438,-100.00
22123,PING MICROWAVE APRON,104,73,29.81,5.40,8.49,1.570,1.42,0.171,2.08,12.92,0.119,522.22
22124,SET OF 2 TEA TOWELS PING MICROWAVE,104,66,36.54,2.39,3.94,1.646,1.58,-0.108,2.92,3.46,-0.006,18.42
22125,UNKNOWN,104,16,84.62,5.51,21.85,3.965,6.50,0.671,38.08,1.00,-0.276,-97.37
22127,PARTY CONES CARNIVAL ASSORTED,104,57,45.19,32.77,74.22,2.265,1.82,0.165,72.08,0.00,-0.873,-100.00
22128,PARTY CONES CANDY ASSORTED,104,77,25.96,37.43,53.65,1.433,1.35,-0.082,63.92,39.31,-0.230,-38.51
22129,PARTY CONES CANDY DECORATION,104,70,32.69,29.65,51.88,1.749,1.49,-0.029,49.08,32.15,-0.289,-34.48
22130,PARTY CONE CHRISTMAS DECORATION,104,62,40.38,89.79,212.98,2.372,1.68,0.660,23.85,122.77,0.229,414.84
22131,FOOD CONTAINER SET 3 LOVE HEART,104,101,2.88,48.35,63.28,1.309,1.03,-0.070,82.46,44.77,-0.294,-45.71
22132,RED LOVE HEART SHAPE CUP,104,97,6.73,31.54,42.94,1.362,1.07,0.248,64.23,24.85,-0.398,-61.32
22133,PINK LOVE HEART SHAPE CUP,104,98,5.77,23.27,30.22,1.299,1.06,0.236,39.38,18.69,-0.259,-52.54
22134,MINI LADLE LOVE HEART RED,104,94,9.62,19.25,45.65,2.371,1.11,0.039,49.92,8.77,-0.360,-82.43
22135,MINI LADLE LOVE HEART PINK,104,94,9.62,15.17,31.88,2.101,1.11,0.055,24.46,12.62,-0.193,-48.43
22136,LOVE HEART SOCK HANGER,104,86,17.31,19.07,34.95,1.833,1.21,0.444,43.62,1.38,-0.395,-96.83
22137,BATHROOM SET LOVE HEART DESIGN,104,32,69.23,5.83,42.38,7.273,3.25,-0.017,3.38,0.00,-0.183,-100.00
22138,BAKING SET 9 PIECE RETROSPOT,104,97,6.73,86.26,79.41,0.921,1.07,0.455,87.85,202.77,0.502,130.82
22139,RETROSPOT TEA SET CERAMIC 11 PC,104,99,4.81,98.13,79.50,0.810,1.05,0.386,45.46,138.23,0.236,204.06
22141,CHRISTMAS CRAFT TREE TOP ANGEL,104,39,62.50,34.33,78.48,2.286,2.67,0.710,1.46,167.77,1.146,11378.95
22142,CHRISTMAS CRAFT WHITE FAIRY,104,40,61.54,39.43,87.31,2.214,2.60,0.809,6.23,216.31,1.390,3371.60
22143,CHRISTMAS CRAFT HEART DECORATIONS,104,25,75.96,4.17,16.81,4.028,4.16,0.348,3.31,0.00,-0.084,-100.00
22144,CHRISTMAS CRAFT LITTLE FRIENDS,104,48,53.85,47.52,100.77,2.121,2.17,0.855,4.15,242.31,1.653,5733.33
22145,UNKNOWN,104,29,72.12,11.74,31.74,2.704,3.59,0.716,5.62,0.00,-0.155,-100.00
22146,EASTER CRAFT IVY WREATH WITH CHICK,104,19,81.73,14.26,60.35,4.232,5.47,0.339,102.00,0.00,-0.666,-100.00
22147,FELTCRAFT BUTTERFLY HEARTS,104,101,2.88,121.35,167.02,1.376,1.03,0.393,120.46,224.69,0.416,86.53
22148,EASTER CRAFT 4 CHICKS,104,49,52.88,31.08,67.61,2.176,2.12,0.551,91.08,3.31,-0.313,-96.37
22149,check,104,98,5.77,118.90,141.66,1.191,1.06,0.384,79.69,187.54,0.611,135.33
22150,3 STRIPEY MICE FELTCRAFT,104,101,2.88,72.47,100.60,1.388,1.03,0.057,38.15,82.23,-0.171,115.52
22151,PLACE SETTING WHITE HEART,104,102,1.92,261.68,225.46,0.862,1.02,0.170,93.08,188.15,1.583,102.15
22152,PLACE SETTING WHITE STAR,104,73,29.81,58.99,117.76,1.996,1.42,0.260,9.00,112.77,0.437,1152.99
22153,ANGEL DECORATION STARS ON DRESS,104,56,46.15,51.35,83.69,1.630,1.86,0.577,19.92,144.85,0.653,627.03
22154,ANGEL DECORATION 3 BUTTONS,104,55,47.12,65.97,125.13,1.897,1.89,0.604,3.08,159.46,0.905,5082.50
22155,STAR DECORATION RUSTIC,104,59,43.27,54.51,96.67,1.774,1.76,0.617,35.38,132.15,0.428,273.48
22156,HEART DECORATION WITH PEARLS,104,102,1.92,57.36,58.78,1.025,1.02,0.423,44.46,47.85,-0.123,7.61
22157,ANGEL DECORATION WITH LACE PADDED,104,27,74.04,15.72,37.33,2.375,3.85,0.486,9.38,0.00,-0.126,-100.00
22158,3 HEARTS HANGING DECORATION RUSTIC,104,73,29.81,85.46,157.57,1.844,1.42,0.703,1.00,177.23,0.905,17623.08
22161,HEART DECORATION RUSTIC HANGING,104,91,12.50,63.99,97.16,1.518,1.14,0.487,3.54,188.77,1.646,5234.78
22162,HEART GARLAND RUSTIC PADDED,104,67,35.58,11.61,25.05,2.159,1.55,0.518,8.46,2.92,-0.090,-65.45
22163,HEART STRING MEMO HOLDER HANGING,104,63,39.42,11.53,24.52,2.126,1.65,0.701,3.46,58.92,0.310,1602.22
22164,STRING OF STARS CARD HOLDER,104,30,71.15,3.00,7.88,2.625,3.47,0.302,2.15,3.77,-0.005,75.00
22165,"DIAMANTE HEART SHAPED WALL MIRROR,",104,86,17.31,7.44,20.50,2.755,1.21,0.120,5.46,4.23,-0.035,-22.54
22166,WALL MIRROR RECTANGLE DIAMANTE PINK,104,78,25.00,3.22,9.83,3.052,1.33,-0.007,1.85,2.08,-0.016,12.50
22167,OVAL WALL MIRROR DIAMANTE,104,92,11.54,6.54,14.33,2.192,1.13,0.063,4.54,2.92,-0.021,-35.59
22168,ORGANISER WOOD ANTIQUE WHITE,104,66,36.54,6.40,10.06,1.570,1.58,0.257,6.77,0.00,-0.107,-100.00
22169,FAMILY ALBUM WHITE PICTURE FRAME,104,97,6.73,21.20,18.36,0.866,1.07,0.159,7.85,34.54,0.112,340.20
22170,PICTURE FRAME WOOD TRIPLE PORTRAIT,104,95,8.65,22.27,24.46,1.098,1.09,-0.025,11.77,27.31,0.015,132.03
22171,3 HOOK PHOTO SHELF ANTIQUE WHITE,104,99,4.81,32.15,56.83,1.767,1.05,0.103,7.08,12.54,0.201,77.17
22172,METAL SHELF WITH RAIL,104,33,68.27,3.54,7.17,2.025,3.15,0.595,6.31,0.00,-0.127,-100.00
22173,METAL 4 HOOK HANGER FRENCH CHATEAU,104,82,21.15,47.74,53.14,1.113,1.27,0.121,72.15,52.54,0.055,-27.19
22174,PHOTO CUBE,104,89,14.42,48.28,101.39,2.100,1.17,0.292,0.69,62.08,0.420,8866.67
22175,PINK OWL SOFT TOY,104,95,8.65,16.88,27.94,1.655,1.09,0.048,20.77,37.62,0.049,81.11
22176,amazon,104,89,14.42,11.28,18.46,1.637,1.17,-0.019,18.46,14.77,-0.038,-20.00
22177,5 HOOK BLACKBOARD ORGANISER,104,22,78.85,3.03,12.28,4.055,4.73,0.178,8.92,0.00,-0.127,-100.00
22178,VICTORIAN GLASS HANGING T-LIGHT,104,102,1.92,376.88,302.39,0.802,1.02,0.198,130.31,496.38,3.855,280.93
22179,SET 10 NIGHT OWL LIGHTS,104,98,5.77,18.62,17.62,0.947,1.06,0.137,16.77,25.62,0.020,52.75
22180,RETROSPOT LAMP,104,96,7.69,9.13,7.43,0.813,1.08,0.310,11.85,6.00,-0.090,-49.35
22181,SNOWSTORM PHOTO FRAME FRIDGE MAGNET,104,61,41.35,14.40,27.71,1.924,1.70,-0.016,13.92,16.23,-0.021,16.57
22182,CAKE STAND VICTORIAN FILIGREE SMALL,104,67,35.58,4.78,7.77,1.625,1.55,0.310,0.92,7.15,0.078,675.00
22183,CAKE STAND VICTORIAN FILIGREE MED,104,60,42.31,5.56,7.95,1.430,1.73,0.588,3.77,0.08,-0.006,-97.96
22184,CAKE STAND VICTORIAN FILIGREE LARGE,104,46,55.77,3.70,8.18,2.209,2.26,0.664,3.92,0.00,-0.051,-100.00
22185,SLATE TILE NATURAL HANGING,104,95,8.65,34.16,30.89,0.904,1.09,0.236,43.69,29.08,-0.333,-33.45
22186,RED STAR CARD HOLDER,104,51,50.96,18.38,33.52,1.823,2.04,0.699,5.00,60.15,0.265,1103.08
22187,GREEN CHRISTMAS TREE CARD HOLDER,104,45,56.73,19.74,38.99,1.975,2.31,0.776,10.23,88.46,0.456,764.66
22188,BLACK HEART CARD HOLDER,104,97,6.73,96.88,246.92,2.549,1.07,-0.065,36.77,32.92,-0.381,-10.46
22189,CREAM HEART CARD HOLDER,104,94,9.62,149.19,259.18,1.737,1.11,-0.030,117.92,95.38,-0.218,-19.11
22190,LOCAL CAFE MUG,104,77,25.96,11.87,19.39,1.634,1.35,0.118,8.54,9.85,-0.030,15.32
22191,IVORY DINER WALL CLOCK,104,85,18.27,18.70,36.64,1.959,1.22,0.243,13.69,26.15,0.324,91.01
22192,BLUE DINER WALL CLOCK,104,84,19.23,13.41,12.21,0.910,1.24,0.375,11.92,21.62,0.159,81.29
22193,RED DINER WALL CLOCK,104,77,25.96,17.93,21.75,1.213,1.35,0.437,19.85,46.15,0.319,132.56
22194,UNKNOWN,104,70,32.69,3.52,5.54,1.574,1.49,0.136,5.54,0.00,-0.075,-100.00
22195,LARGE HEART MEASURING SPOONS,104,100,3.85,46.32,40.42,0.873,1.04,0.285,75.54,50.62,-0.321,-32.99
22196,SMALL HEART MEASURING SPOONS,104,102,1.92,60.92,50.34,0.826,1.02,0.189,79.00,80.23,-0.156,1.56
22197,POPCORN HOLDER,104,102,1.92,806.35,904.23,1.121,1.02,0.448,284.77,1809.23,13.021,535.33
22198,LARGE POPCORN HOLDER,104,59,43.27,68.29,98.69,1.445,1.76,0.724,52.31,0.00,-1.227,-100.00
22199,FRYING PAN RED RETROSPOT,104,95,8.65,16.45,37.16,2.258,1.09,0.439,22.00,7.85,-0.278,-64.34
22200,FRYING PAN PINK POLKADOT,104,92,11.54,11.21,14.66,1.307,1.13,0.075,15.69,8.77,-0.098,-44.12
22201,FRYING PAN BLUE POLKADOT,104,71,31.73,4.56,14.70,3.225,1.46,0.010,2.69,3.31,-0.033,22.86
22202,UNKNOWN,104,63,39.42,10.18,18.66,1.832,1.65,0.240,22.38,0.00,-0.260,-100.00
22203,MILK PAN RED RETROSPOT,104,96,7.69,12.67,27.48,2.169,1.08,-0.034,22.38,5.69,-0.225,-74.57
22204,MILK PAN BLUE POLKADOT,104,70,32.69,4.89,14.67,2.998,1.49,-0.009,3.54,1.54,-0.051,-56.52
22206,"MUG , DOTCOMGIFTSHOP.COM",104,9,91.35,0.13,0.54,4.017,11.56,-0.063,0.00,0.08,0.000,
22207,FRYING PAN UNION FLAG,104,98,5.77,28.57,45.49,1.592,1.06,0.067,25.15,36.54,-0.029,45.26
22208,WOOD STAMP SET THANK YOU,104,87,16.35,22.34,26.60,1.191,1.20,0.519,19.23,49.23,0.323,156.00
22209,WOOD STAMP SET HAPPY BIRTHDAY,104,83,20.19,12.61,13.73,1.089,1.25,0.420,10.46,18.69,0.133,78.68
22210,WOOD STAMP SET BEST WISHES,104,79,24.04,14.24,27.22,1.912,1.32,0.148,12.31,42.08,0.213,241.88
22211,WOOD STAMP SET FLOWERS,104,85,18.27,14.25,16.21,1.138,1.22,0.375,12.46,29.31,0.189,135.19
22212,FOUR HOOK WHITE LOVEBIRDS,104,102,1.92,37.76,36.66,0.971,1.02,0.061,33.46,28.62,-0.188,-14.48
22213,UNKNOWN,104,1,99.04,0.01,0.10,10.198,104.00,-0.010,0.08,0.00,-0.001,-100.00
22214,CANDLE PLATE LACE WHITE,104,50,51.92,4.97,12.40,2.494,2.08,-0.022,12.15,0.54,-0.093,-95.57
22215,CAKE STAND WHITE TWO TIER LACE,104,93,10.58,9.21,9.12,0.990,1.12,0.238,14.38,5.92,-0.143,-58.82
22216,T-LIGHT HOLDER WHITE LACE,104,63,39.42,11.38,22.33,1.961,1.65,0.067,18.46,3.69,-0.124,-80.00
22217,T-LIGHT HOLDER HANGING LACE,104,82,21.15,20.30,31.08,1.531,1.27,0.019,58.62,18.15,-0.340,-69.03
22218,CAKE STAND LACE WHITE,104,48,53.85,11.37,20.66,1.818,2.17,0.256,19.85,0.00,-0.340,-100.00
22219,LOVEBIRD HANGING DECORATION WHITE,104,101,2.88,92.70,65.27,0.704,1.03,0.278,91.15,88.23,-0.245,-3.21
22220,CAKE STAND LOVEBIRD 2 TIER WHITE,104,87,16.35,6.32,7.38,1.167,1.20,0.046,10.15,4.62,-0.099,-54.55
22221,CAKE STAND LOVEBIRD 2 TIER PINK,104,79,24.04,8.47,30.42,3.590,1.32,-0.026,5.54,2.46,-0.148,-55.56
22222,CAKE PLATE LOVEBIRD WHITE,104,99,4.81,14.10,25.38,1.801,1.05,0.485,7.00,8.69,0.053,24.18
22223,CAKE PLATE LOVEBIRD PINK,104,76,26.92,6.91,11.48,1.661,1.37,0.362,3.54,2.00,-0.021,-43.48
22224,WHITE LOVEBIRD LANTERN,104,99,4.81,22.42,19.20,0.856,1.05,0.190,31.69,13.31,-0.196,-58.01
22227,HANGING HEART MIRROR DECORATION,104,102,1.92,56.90,45.50,0.800,1.02,0.176,80.08,41.15,-0.425,-48.61
22228,BUNNY WOODEN PAINTED WITH BIRD,104,68,34.62,16.00,23.87,1.492,1.53,0.585,29.85,12.77,-0.062,-57.22
22229,BUNNY WOODEN PAINTED WITH FLOWER,104,54,48.08,9.56,15.09,1.579,1.93,0.381,19.15,8.31,-0.034,-56.63
22230,JIGSAW TREE WITH WATERING CAN,104,76,26.92,15.90,33.88,2.130,1.37,0.190,12.31,34.15,0.187,177.50
22231,JIGSAW TREE WITH BIRDHOUSE,104,90,13.46,20.02,23.45,1.171,1.16,0.169,30.77,14.00,-0.097,-54.50
22232,JIGSAW TOADSTOOLS 3 PIECE,104,66,36.54,10.22,15.09,1.476,1.58,0.229,8.62,18.38,0.104,113.39
22233,JIGSAW RABBIT AND BIRDHOUSE,104,67,35.58,9.08,13.24,1.458,1.55,0.313,10.46,14.92,0.072,42.65
22236,CAKE STAND 3 TIER MAGIC GARDEN,104,90,13.46,19.04,83.09,4.364,1.16,-0.012,22.23,5.00,-0.425,-77.51
22241,GARLAND WOODEN HAPPY EASTER,104,64,38.46,41.24,81.61,1.979,1.62,0.461,122.08,2.00,-0.711,-98.36
22242,5 HOOK HANGER MAGIC TOADSTOOL,104,59,43.27,45.83,72.82,1.589,1.76,0.298,63.46,0.00,-0.989,-100.00
22243,5 HOOK HANGER RED MAGIC TOADSTOOL,104,80,23.08,73.83,136.09,1.843,1.30,0.027,113.85,2.85,-0.792,-97.50
22244,3 HOOK HANGER MAGIC GARDEN,104,84,19.23,45.77,63.77,1.393,1.24,0.269,66.85,9.85,-0.493,-85.27
22245,"HOOK, 1 HANGER ,MAGIC GARDEN",104,75,27.88,44.55,58.44,1.312,1.39,0.193,60.08,0.00,-0.805,-100.00
22246,MAGIC GARDEN FELT GARLAND,104,72,30.77,9.98,14.39,1.441,1.44,0.121,10.08,6.62,-0.049,-34.35
22247,BUNNY DECORATION MAGIC GARDEN,104,47,54.81,11.38,23.51,2.065,2.21,0.662,29.54,0.38,-0.132,-98.70
22248,DECORATION PINK CHICK MAGIC GARDEN,104,63,39.42,9.71,15.51,1.598,1.65,0.401,10.31,2.69,-0.046,-73.88
22249,DECORATION WHITE CHICK MAGIC GARDEN,104,60,42.31,15.72,24.78,1.576,1.73,0.612,28.00,0.54,-0.144,-98.08
22250,DECORATION BUTTERFLY MAGIC GARDEN,104,80,23.08,14.61,21.59,1.478,1.30,0.295,11.08,0.92,-0.075,-91.67
22251,BIRDHOUSE DECORATION MAGIC GARDEN,104,81,22.12,17.97,30.95,1.722,1.28,0.238,22.00,2.23,-0.216,-89.86
22252,BIRDCAGE DECORATION TEALIGHT HOLDER,104,66,36.54,9.08,14.20,1.565,1.58,0.026,5.62,13.77,0.117,145.21
22253,6 CROCHET STRAWBERRIES,104,17,83.65,8.63,32.53,3.768,6.12,0.273,55.46,0.00,-0.408,-100.00
22254,FELT TOADSTOOL LARGE,104,67,35.58,12.95,24.87,1.920,1.55,0.126,26.77,4.23,-0.159,-84.20
22255,FELT TOADSTOOL SMALL,104,65,37.50,11.10,16.49,1.486,1.60,0.124,16.77,10.77,-0.040,-35.78
22256,FELT FARM ANIMAL CHICKEN,104,43,58.65,8.97,22.36,2.493,2.42,0.253,33.85,0.08,-0.230,-99.77
22257,FELT FARM ANIMAL SHEEP,104,26,75.00,4.03,16.42,4.075,4.00,0.085,2.38,0.46,0.006,-80.65
22258,FELT FARM ANIMAL RABBIT,104,39,62.50,12.89,32.55,2.524,2.67,0.402,22.92,1.00,-0.110,-95.64
22259,FELT FARM ANIMAL HEN,104,26,75.00,5.67,23.12,4.076,4.00,0.102,3.69,0.00,-0.018,-100.00
22260,FELT EGG COSY BLUE RABBIT,104,70,32.69,14.83,35.78,2.413,1.49,0.376,30.23,4.15,-0.305,-86.26
22261,FELT EGG COSY WHITE RABBIT,104,64,38.46,20.13,54.54,2.709,1.62,0.466,36.38,3.00,-0.524,-91.75
22262,FELT EGG COSY CHICKEN,104,82,21.15,19.34,25.27,1.307,1.27,0.575,37.08,9.85,-0.164,-73.44
22263,FELT EGG COSY LADYBIRD,104,55,47.12,8.02,31.52,3.931,1.89,-0.015,27.77,1.69,-0.163,-93.91
22264,FELT FARM ANIMAL WHITE BUNNY,104,53,49.04,19.36,61.69,3.187,1.96,0.144,16.46,0.08,-0.067,-99.53
22265,EASTER DECORATION NATURAL CHICK,104,60,42.31,17.58,35.99,2.048,1.73,0.201,42.54,1.85,-0.378,-95.66
22266,EASTER DECORATION HANGING BUNNY,104,57,45.19,23.81,67.05,2.816,1.82,0.162,36.31,79.08,0.387,117.80
22267,EASTER DECORATION EGG BUNNY,104,47,54.81,13.68,38.76,2.833,2.21,0.068,42.46,20.92,-0.074,-50.72
22268,DECORATION SITTING BUNNY,104,62,40.38,24.56,38.98,1.587,1.68,0.524,30.62,29.31,0.398,-4.27
22269,EGG CUP NATURAL CHICKEN,104,75,27.88,14.29,22.30,1.561,1.39,0.261,23.77,35.69,0.107,50.16
22270,HAPPY EASTER HANGING DECORATION,104,56,46.15,6.43,13.72,2.132,1.86,0.433,18.92,2.23,-0.140,-88.21
22271,FELTCRAFT DOLL ROSIE,104,98,5.77,45.04,49.12,1.091,1.06,0.535,21.31,51.08,-0.045,139.71
22272,FELTCRAFT DOLL MARIA,104,68,34.62,13.11,19.92,1.520,1.53,0.285,11.69,0.00,-0.250,-100.00
22273,FELTCRAFT DOLL MOLLY,104,101,2.88,68.68,176.31,2.567,1.03,0.372,55.46,228.77,1.141,312.48
22274,FELTCRAFT DOLL EMILY,104,101,2.88,35.51,43.16,1.216,1.03,0.129,54.38,45.38,-0.259,-16.55
22275,WEEKEND BAG VINTAGE ROSE PAISLEY,104,47,54.81,8.76,16.52,1.885,2.21,0.263,23.77,0.00,-0.292,-100.00
22276,WASH BAG VINTAGE ROSE PAISLEY,104,90,13.46,17.50,30.70,1.754,1.16,0.349,33.92,2.69,-0.428,-92.06
22277,COSMETIC BAG VINTAGE ROSE PAISLEY,104,85,18.27,13.32,24.17,1.815,1.22,0.156,25.77,13.69,-0.181,-46.87
22278,OVERNIGHT BAG VINTAGE ROSE PAISLEY,104,98,5.77,9.39,10.83,1.152,1.06,0.024,18.38,11.00,-0.069,-40.17
22279,POCKET BAG BLUE PAISLEY RED SPOT,104,76,26.92,13.68,21.32,1.558,1.37,0.161,8.69,14.38,0.073,65.49
22280,POCKET BAG PINK PAISELY BROWN SPOT,104,65,37.50,8.27,16.18,1.956,1.60,0.122,4.54,5.15,0.001,13.56
22281,EASTER TREE YELLOW BIRDS,104,38,63.46,4.88,18.61,3.810,2.74,0.106,21.23,0.15,-0.154,-99.28
22282,12 EGG HOUSE PAINTED WOOD,104,87,16.35,5.27,16.24,3.082,1.20,0.030,17.15,3.92,-0.104,-77.13
22283,6 EGG HOUSE PAINTED WOOD,104,96,7.69,9.75,17.31,1.776,1.08,0.072,24.54,4.77,-0.172,-80.56
22284,HEN HOUSE DECORATION,104,86,17.31,23.15,38.23,1.651,1.21,0.176,53.00,12.46,-0.340,-76.49
22285,HANGING HEN ON NEST DECORATION,104,78,25.00,26.69,55.75,2.089,1.33,0.370,95.85,8.23,-0.623,-91.41
22286,DECORATION WOBBLY RABBIT METAL,104,53,49.04,18.50,40.03,2.164,1.96,0.146,47.23,21.77,-0.004,-53.91
22287,DECORATION WOBBLY CHICKEN,104,46,55.77,12.77,34.34,2.689,2.26,0.058,32.77,17.46,-0.003,-46.71
22288,HANGING METAL RABBIT DECORATION,104,41,60.58,12.57,35.60,2.833,2.54,0.234,48.92,0.31,-0.294,-99.37
22289,HANGING METAL CHICKEN DECORATION,104,41,60.58,7.34,31.03,4.229,2.54,0.105,37.23,0.08,-0.239,-99.79
22290,UNKNOWN,104,15,85.58,6.45,31.86,4.938,6.93,0.175,42.31,0.00,-0.313,-100.00
22291,HANGING CHICK CREAM DECORATION,104,64,38.46,30.67,83.51,2.722,1.62,0.146,109.00,4.31,-0.598,-96.05
22292,HANGING CHICK YELLOW DECORATION,104,69,33.65,26.49,58.22,2.198,1.51,0.263,91.85,3.08,-0.518,-96.65
22293,HANGING CHICK GREEN DECORATION,104,70,32.69,19.55,41.67,2.132,1.49,0.177,63.00,3.85,-0.274,-93.89
22294,HEART FILIGREE DOVE SMALL,104,101,2.88,153.85,142.22,0.924,1.03,0.329,164.31,127.77,-1.049,-22.24
22295,HEART FILIGREE DOVE LARGE,104,92,11.54,78.74,84.09,1.068,1.13,0.307,24.46,55.23,-0.458,125.79
22296,HEART IVORY TRELLIS LARGE,104,91,12.50,91.79,86.52,0.943,1.14,0.419,34.15,44.00,-0.510,28.83
22297,HEART IVORY TRELLIS SMALL,104,102,1.92,130.06,111.94,0.861,1.02,0.356,164.15,71.77,-1.284,-56.28
22299,PIG KEYRING WITH LIGHT & SOUND,104,70,32.69,32.29,58.52,1.813,1.49,0.158,15.15,38.69,-0.230,155.33
22300,COFFEE MUG DOG + BALL DESIGN,104,97,6.73,38.41,49.61,1.291,1.07,0.054,50.08,53.15,-0.196,6.14
22301,COFFEE MUG CAT + BIRD DESIGN,104,101,2.88,47.21,51.37,1.088,1.03,-0.044,54.00,62.92,-0.078,16.52
22302,COFFEE MUG PEARS DESIGN,104,90,13.46,46.62,75.90,1.628,1.16,0.062,45.15,67.23,-0.070,48.89
22303,COFFEE MUG APPLES DESIGN,104,97,6.73,50.92,52.47,1.030,1.07,0.050,52.00,72.31,0.080,39.05
22304,COFFEE MUG BLUE PAISLEY DESIGN,104,73,29.81,22.33,61.06,2.735,1.42,-0.014,19.54,37.38,-0.149,91.34
22305,COFFEE MUG PINK PAISLEY DESIGN,104,79,24.04,21.54,56.52,2.624,1.32,-0.028,23.92,3.31,-0.354,-86.17
22306,SILVER MUG BONE CHINA TREE OF LIFE,104,40,61.54,15.39,30.19,1.961,2.60,0.731,0.85,78.85,0.472,9218.18
22307,GOLD MUG BONE CHINA TREE OF LIFE,104,39,62.50,11.47,22.23,1.938,2.67,0.552,0.85,51.08,0.285,5936.36
22308,TEA COSY BLUE STRIPE,104,86,17.31,6.26,11.06,1.766,1.21,0.092,7.15,6.00,-0.044,-16.13
22309,TEA COSY RED STRIPE,104,88,15.38,12.37,21.32,1.724,1.18,0.058,11.85,16.31,-0.106,37.66
22310,IVORY KNITTED MUG COSY,104,77,25.96,16.48,31.33,1.901,1.35,0.032,29.92,25.62,-0.065,-14.40
22311,OFFICE MUG WARMER BLACK+SILVER,104,80,23.08,18.68,44.07,2.359,1.30,0.232,6.08,49.54,0.275,715.19
22312,OFFICE MUG WARMER POLKADOT,104,83,20.19,11.33,20.88,1.844,1.25,0.215,9.38,17.92,0.056,90.98
22313,OFFICE MUG WARMER PINK,104,62,40.38,9.17,28.78,3.137,1.68,0.045,6.69,25.69,0.108,283.91
22314,OFFICE MUG WARMER CHOC+BLUE,104,81,22.12,9.67,16.86,1.743,1.28,0.313,10.54,11.08,-0.003,5.11
22315,200 RED + WHITE BENDY STRAWS,104,96,7.69,20.31,26.35,1.298,1.08,-0.052,19.00,16.92,-0.058,-10.93
22316,200 BENDY SKULL STRAWS,104,68,34.62,12.08,32.08,2.656,1.53,-0.038,4.62,2.62,0.012,-43.33
22317,FIVE CATS HANGING DECORATION,104,75,27.88,5.44,7.31,1.343,1.39,0.233,7.00,3.23,-0.029,-53.85
22318,FIVE HEART HANGING DECORATION,104,97,6.73,15.08,14.25,0.945,1.07,0.328,25.08,5.38,-0.211,-78.53
22319,HAIRCLIPS FORTIES FABRIC ASSORTED,104,73,29.81,22.02,21.61,0.982,1.42,0.199,27.62,16.69,-0.226,-39.55
22320,BIRDS MOBILE VINTAGE DESIGN,104,79,24.04,5.65,8.41,1.488,1.32,-0.012,14.38,5.77,-0.067,-59.89
22321,BIRD DECORATION RED RETROSPOT,104,94,9.62,23.10,26.63,1.153,1.11,0.147,36.69,15.77,-0.218,-57.02
22322,BIRD DECORATION GREEN POLKADOT,104,84,19.23,15.31,22.50,1.470,1.24,0.406,23.69,1.46,-0.129,-93.83
22323,UNKNOWN,104,42,59.62,6.02,13.46,2.236,2.48,0.109,9.54,0.00,-0.184,-100.00
22324,BLUE POLKADOT KIDS BAG,104,70,32.69,6.30,12.14,1.928,1.49,0.061,10.54,9.00,-0.033,-14.60
22325,MOBILE VINTAGE HEARTS,104,80,23.08,6.62,13.52,2.040,1.30,0.398,20.77,4.23,-0.102,-79.63
22326,ROUND SNACK BOXES SET OF4 WOODLAND,104,96,7.69,146.42,116.45,0.795,1.08,0.127,125.85,182.69,0.650,45.17
22327,ROUND SNACK BOXES SET OF 4 SKULLS,104,98,5.77,29.21,30.39,1.040,1.06,0.229,27.08,31.31,-0.155,15.62
22328,ROUND SNACK BOXES SET OF 4 FRUITS,104,98,5.77,123.77,161.66,1.306,1.06,0.145,96.08,100.54,-0.088,4.64
22329,ROUND CONTAINER SET OF 5 RETROSPOT,104,97,6.73,49.52,56.85,1.148,1.07,0.216,79.54,24.23,-0.632,-69.54
22330,72 ROUND PINK DOILIES,104,8,92.31,2.89,19.01,6.568,13.00,0.043,23.15,0.00,-0.155,-100.00
22331,WOODLAND PARTY BAG + STICKER SET,104,99,4.81,34.92,42.16,1.207,1.05,0.070,49.00,42.08,-0.068,-14.13
22332,SKULLS PARTY BAG + STICKER SET,104,97,6.73,39.82,93.52,2.349,1.07,-0.034,25.92,20.77,-0.490,-19.88
22333,RETROSPOT PARTY BAG + STICKER SET,104,101,2.88,95.66,118.16,1.235,1.03,0.148,46.92,86.85,-0.051,85.08
22334,DINOSAUR PARTY BAG + STICKER SET,104,92,11.54,21.27,45.96,2.161,1.13,0.061,41.31,10.54,-0.287,-74.49
22335,HEART DECORATION PAINTED ZINC,104,100,3.85,75.90,109.32,1.440,1.04,0.059,66.31,38.31,-0.540,-42.23
22336,DOVE DECORATION PAINTED ZINC,104,60,42.31,41.16,101.02,2.454,1.73,0.639,23.15,140.92,0.668,508.64
22337,ANGEL DECORATION PAINTED ZINC,104,35,66.35,20.09,52.59,2.618,2.97,0.145,3.23,39.92,0.251,1135.71
22338,STAR DECORATION PAINTED ZINC,104,49,52.88,54.20,129.84,2.395,2.12,0.716,7.92,319.00,1.930,3926.21
22339,CHRISTMAS TREE PAINTED ZINC,104,39,62.50,33.15,77.08,2.325,2.67,0.634,7.54,162.92,0.989,2061.22
22340,NOEL GARLAND PAINTED ZINC,104,34,67.31,16.24,41.42,2.551,3.06,0.796,1.23,100.15,0.626,8037.50
22341,LOVE GARLAND PAINTED ZINC,104,88,15.38,32.93,99.96,3.035,1.18,0.331,25.85,5.08,-0.402,-80.36
22342,HOME GARLAND PAINTED ZINC,104,91,12.50,17.16,21.71,1.265,1.14,-0.034,8.08,24.54,0.041,203.81
22343,PARTY PIZZA DISH RED RETROSPOT,104,78,25.00,25.20,42.80,1.698,1.33,0.246,11.23,11.92,0.011,6.16
22344,PARTY PIZZA DISH PINK POLKADOT,104,60,42.31,12.85,34.08,2.653,1.73,0.413,4.54,3.62,0.022,-20.34
22345,PARTY PIZZA DISH BLUE POLKADOT,104,61,41.35,11.69,31.36,2.682,1.70,0.422,2.15,3.15,0.009,46.43
22346,PARTY PIZZA DISH GREEN POLKADOT,104,47,54.81,10.18,30.29,2.975,2.21,0.349,1.23,2.31,0.046,87.50
22347,UNKNOWN,104,31,70.19,25.64,84.85,3.309,3.35,0.187,30.85,0.00,-0.842,-100.00
22348,TEA BAG PLATE RED RETROSPOT,104,102,1.92,115.33,140.58,1.219,1.02,0.130,250.62,76.08,-1.457,-69.64
22349,DOG BOWL CHASING BALL DESIGN,104,94,9.62,23.99,74.59,3.109,1.11,0.059,30.77,18.00,0.044,-41.50
22350,ILLUSTRATED CAT BOWL,104,90,13.46,26.64,92.87,3.486,1.16,-0.022,44.23,14.23,-0.072,-67.83
22351,DOTCOMGIFTSHOP TEA TOWEL,104,3,97.12,0.14,1.19,8.278,34.67,-0.015,0.00,0.00,0.001,
22352,LUNCH BOX WITH CUTLERY RETROSPOT,104,102,1.92,66.32,47.14,0.711,1.02,-0.076,72.15,60.38,-0.173,-16.31
22353,LUNCH BOX WITH CUTLERY FAIRY CAKES,104,59,43.27,28.98,43.82,1.512,1.76,0.661,72.69,0.00,-0.982,-100.00
22354,RETROSPOT PADDED SEAT CUSHION,104,87,16.35,21.34,23.33,1.093,1.20,0.186,31.08,6.46,-0.267,-79.21
22355,CHARLOTTE BAG SUKI DESIGN,104,102,1.92,298.22,167.81,0.563,1.02,0.253,158.77,390.00,1.892,145.64
22356,CHARLOTTE BAG PINK POLKADOT,104,102,1.92,187.09,112.65,0.602,1.02,0.038,160.23,224.69,0.245,40.23
22357,KINGS CHOICE BISCUIT TIN,104,96,7.69,19.92,71.44,3.586,1.08,-0.014,23.46,9.77,-0.237,-58.36
22358,KINGS CHOICE TEA CADDY,104,99,4.81,25.36,27.80,1.096,1.05,0.527,49.69,10.46,-0.422,-78.95
22359,GLASS JAR KINGS CHOICE,104,76,26.92,13.29,70.66,5.317,1.37,-0.001,0.00,3.77,-0.158,
22360,GLASS JAR ENGLISH CONFECTIONERY,104,88,15.38,24.95,32.34,1.296,1.18,0.048,0.15,16.15,-0.072,10400.00
22361,GLASS JAR DAISY FRESH COTTON WOOL,104,89,14.42,18.66,25.05,1.342,1.17,0.116,0.00,14.69,-0.072,
22362,GLASS JAR PEACOCK BATH SALTS,104,85,18.27,8.17,15.75,1.927,1.22,0.069,0.00,6.77,-0.039,
22363,GLASS JAR MARMALADE,104,77,25.96,8.46,19.89,2.351,1.35,0.031,0.00,3.46,-0.031,
22364,GLASS JAR DIGESTIVE BISCUITS,104,87,16.35,20.69,72.92,3.524,1.20,0.036,0.00,13.62,-0.113,
22365,DOORMAT RESPECTABLE HOUSE,104,98,5.77,22.38,48.26,2.156,1.06,-0.053,19.15,35.00,-0.084,82.73
22366,DOORMAT AIRMAIL,104,99,4.81,24.48,44.82,1.831,1.05,-0.020,22.38,30.31,-0.166,35.40
22367,CHILDRENS APRON SPACEBOY DESIGN,104,99,4.81,76.62,58.31,0.761,1.05,0.302,67.62,108.31,0.087,60.18
22371,AIRLINE BAG VINTAGE TOKYO 78,104,93,10.58,17.27,15.61,0.904,1.12,0.446,9.77,28.69,0.172,193.70
22372,AIRLINE BAG VINTAGE WORLD CHAMPION,104,85,18.27,5.77,6.50,1.126,1.22,0.314,5.92,7.69,0.007,29.87
22374,AIRLINE BAG VINTAGE JET SET RED,104,91,12.50,9.83,7.68,0.781,1.14,0.471,5.15,16.31,0.063,216.42
22375,AIRLINE BAG VINTAGE JET SET BROWN,104,89,14.42,5.63,5.70,1.012,1.17,0.334,2.54,9.31,0.052,266.67
22376,AIRLINE BAG VINTAGE JET SET WHITE,104,84,19.23,5.07,4.89,0.965,1.24,0.342,2.77,6.85,0.020,147.22
22377,BOTTLE BAG RETROSPOT,104,95,8.65,34.73,64.61,1.860,1.09,0.149,50.08,10.38,-0.439,-79.26
22378,WALL TIDY RETROSPOT,104,93,10.58,35.89,61.83,1.723,1.12,0.398,29.15,10.69,-0.100,-63.32
22379,RECYCLING BAG RETROSPOT,104,96,7.69,151.12,154.46,1.022,1.08,0.020,108.15,165.00,-0.302,52.56
22380,TOY TIDY SPACEBOY,104,97,6.73,46.71,58.20,1.246,1.07,0.263,77.00,22.62,-0.761,-70.63
22381,TOY TIDY PINK POLKADOT,104,97,6.73,88.91,91.18,1.025,1.07,0.137,78.77,88.77,-0.517,12.70
22382,LUNCH BAG SPACEBOY DESIGN,104,97,6.73,193.74,109.31,0.564,1.07,0.401,138.23,245.85,0.642,77.85
22383,LUNCH BAG SUKI DESIGN,104,97,6.73,239.88,150.77,0.629,1.07,0.201,105.23,199.85,0.465,89.91
22384,LUNCH BAG PINK POLKADOT,104,96,7.69,198.95,129.10,0.649,1.08,0.428,90.15,162.92,0.520,80.72
22385,JUMBO BAG SPACEBOY DESIGN,104,96,7.69,163.46,145.52,0.890,1.08,0.274,112.46,190.69,0.591,69.56
22386,JUMBO BAG PINK POLKADOT,104,96,7.69,378.22,255.63,0.676,1.08,0.307,179.85,600.77,2.739,234.05
22389,PAPERWEIGHT SAVE THE PLANET,104,51,50.96,5.77,14.14,2.452,2.04,0.034,0.00,11.77,0.027,
22390,PAPERWEIGHT CHILDHOOD MEMORIES,104,50,51.92,7.48,18.29,2.445,2.08,0.167,1.15,3.62,-0.055,213.33
22391,PAPERWEIGHT HOME SWEET HOME,104,40,61.54,2.73,6.78,2.483,2.60,0.148,0.00,1.69,-0.026,
22393,PAPERWEIGHT VINTAGE COLLAGE,104,60,42.31,5.77,9.70,1.682,1.73,0.034,0.00,6.54,0.003,
22394,PAPERWEIGHT KINGS CHOICE,104,37,64.42,3.09,9.04,2.929,2.81,-0.002,0.00,1.62,-0.009,
22395,PAPERWEIGHT VINTAGE PAISLEY,104,32,69.23,1.49,3.24,2.177,3.25,0.040,0.00,1.54,-0.000,
22396,MAGNETS PACK OF 4 RETRO PHOTO,104,73,29.81,18.09,34.69,1.918,1.42,0.060,0.00,32.00,0.186,
22398,MAGNETS PACK OF 4 SWALLOWS,104,82,21.15,39.59,43.70,1.104,1.27,0.344,0.00,89.85,0.530,
22399,MAGNETS PACK OF 4 CHILDHOOD MEMORY,104,83,20.19,38.87,90.27,2.323,1.25,0.394,0.00,7.38,-0.511,
22400,MAGNETS PACK OF 4 HOME SWEET HOME,104,70,32.69,23.47,46.40,1.977,1.49,0.075,0.00,47.08,0.341,
22402,MAGNETS PACK OF 4 VINTAGE COLLAGE,104,78,25.00,32.91,81.67,2.481,1.33,0.009,0.00,53.62,0.131,
22403,MAGNETS PACK OF 4 VINTAGE LABELS,104,69,33.65,16.37,32.36,1.977,1.51,0.125,0.00,27.15,0.280,
22405,MONEY BOX POCKET MONEY DESIGN,104,70,32.69,14.87,23.71,1.595,1.49,0.540,0.00,4.23,-0.225,
22406,MONEY BOX KINGS CHOICE DESIGN,104,71,31.73,23.05,85.38,3.704,1.46,0.055,0.00,6.31,-0.335,
22407,MONEY BOX FIRST AID DESIGN,104,47,54.81,3.98,9.84,2.472,2.21,0.201,0.00,0.85,-0.069,
22408,MONEY BOX CONFECTIONERY DESIGN,104,52,50.00,5.90,13.11,2.221,2.00,0.067,0.00,4.23,-0.091,
22409,MONEY BOX BISCUITS DESIGN,104,68,34.62,16.19,75.39,4.656,1.53,0.058,0.00,4.23,-0.186,
22410,MONEY BOX HOUSEKEEPING DESIGN,104,70,32.69,12.36,18.94,1.533,1.49,0.652,0.00,4.54,-0.211,
22411,JUMBO SHOPPER VINTAGE RED PAISLEY,104,96,7.69,259.34,161.09,0.621,1.08,0.360,148.85,311.69,0.497,109.41
22412,METAL SIGN NEIGHBOURHOOD WITCH,104,90,13.46,23.09,30.16,1.306,1.16,0.006,30.31,12.69,-0.177,-58.12
22413,METAL SIGN TAKE IT OR LEAVE IT,104,96,7.69,53.27,61.62,1.157,1.08,0.144,69.54,50.00,-0.180,-28.10
22414,DOORMAT NEIGHBOURHOOD WITCH,104,89,14.42,11.31,42.98,3.801,1.17,-0.034,6.85,11.85,-0.116,73.03
22415,WHITE TISSUE REAM,104,50,51.92,2.87,4.97,1.733,2.08,0.542,8.15,0.00,-0.087,-100.00
22416,SET OF 36 SPACEBOY PAPER DOILIES,104,82,21.15,18.94,37.76,1.993,1.27,-0.000,18.77,11.08,-0.124,-40.98
22417,PACK OF 60 SPACEBOY CAKE CASES,104,96,7.69,205.37,208.76,1.017,1.08,0.173,225.85,151.85,-1.106,-32.77
22418,10 COLOUR SPACEBOY PEN,104,82,21.15,117.69,110.17,0.936,1.27,0.473,0.00,169.69,1.152,
22419,LIPSTICK PEN RED,104,81,22.12,64.40,89.67,1.392,1.28,0.434,0.00,89.54,0.534,
22420,LIPSTICK PEN BABY PINK,104,68,34.62,20.05,33.36,1.664,1.53,0.285,0.00,40.77,0.351,
22421,LIPSTICK PEN FUSCHIA,104,79,24.04,44.71,63.03,1.410,1.32,0.224,0.00,100.62,0.554,
22422,TOOTHPASTE TUBE PEN,104,72,30.77,21.89,37.50,1.713,1.44,0.452,0.00,32.38,0.064,
22423,REGENCY CAKESTAND 3 TIER,104,89,14.42,251.15,180.71,0.720,1.17,0.636,0.00,220.54,1.097,
22424,ENAMEL BREAD BIN CREAM,104,81,22.12,14.59,17.15,1.176,1.28,0.174,0.00,19.31,0.119,
22425,ENAMEL COLANDER CREAM,104,79,24.04,8.19,12.20,1.489,1.32,0.101,0.00,8.92,0.041,
22426,ENAMEL WASH BOWL CREAM,104,80,23.08,13.06,13.81,1.058,1.30,0.306,0.00,13.69,0.086,
22427,ENAMEL FLOWER JUG CREAM,104,72,30.77,30.93,36.14,1.168,1.44,0.454,0.00,25.54,0.344,
22428,ENAMEL FIRE BUCKET CREAM,104,75,27.88,4.58,5.92,1.294,1.39,0.212,0.00,4.46,0.023,
22429,ENAMEL MEASURING JUG CREAM,104,82,21.15,21.99,32.39,1.473,1.27,0.208,0.00,23.85,0.105,
22430,ENAMEL WATERING CAN CREAM,104,80,23.08,13.50,25.89,1.918,1.30,0.217,0.00,7.15,-0.002,
22431,WATERING CAN BLUE ELEPHANT,104,91,12.50,32.31,31.46,0.974,1.14,0.438,8.23,15.62,0.190,89.72
22432,WATERING CAN PINK BUNNY,104,88,15.38,73.81,421.29,5.708,1.18,-0.004,341.54,8.85,-2.030,-97.41
22433,WATERING CAN GREEN DINOSAUR,104,86,17.31,26.64,35.80,1.343,1.21,0.298,8.54,12.31,-0.050,44.14
22434,BALLOON PUMP WITH 10 BALLOONS,104,77,25.96,24.29,51.98,2.140,1.35,0.246,0.00,14.92,-0.219,
22435,SET OF 9 HEART SHAPED BALLOONS,104,83,20.19,46.00,49.75,1.082,1.25,0.256,0.00,32.85,0.194,
22436,12 COLOURED PARTY BALLOONS,104,80,23.08,40.12,70.42,1.755,1.30,0.022,0.00,49.77,0.163,
22437,SET OF 9 BLACK SKULL BALLOONS,104,85,18.27,62.20,96.48,1.551,1.22,0.052,0.00,53.69,0.096,
22438,BALLOON ART MAKE YOUR OWN FLOWERS,104,63,39.42,8.88,13.75,1.548,1.65,0.187,0.00,9.46,0.035,
22439,6 ROCKET BALLOONS,104,82,21.15,36.87,36.94,1.002,1.27,0.328,0.00,45.23,0.159,
22440,BALLOON WATER BOMB PACK OF 35,104,77,25.96,81.76,217.97,2.666,1.35,0.012,0.00,40.69,0.782,
22441,GROW YOUR OWN BASIL IN ENAMEL MUG,104,83,20.19,24.92,30.24,1.213,1.25,0.596,0.00,29.62,-0.121,
22442,GROW YOUR OWN FLOWERS SET OF 3,104,57,45.19,6.63,30.96,4.667,1.82,-0.002,0.00,3.15,-0.104,
22443,GROW YOUR OWN HERBS SET OF 3,104,66,36.54,6.57,10.99,1.673,1.58,0.539,0.00,0.00,-0.108,
22444,UNKNOWN,104,55,47.12,102.67,155.23,1.512,1.89,0.632,0.00,0.00,-1.919,
22445,PENCIL CASE LIFE IS BEAUTIFUL,104,76,26.92,12.32,14.20,1.153,1.37,0.263,0.00,9.69,-0.025,
22446,PIN CUSHION BABUSHKA PINK,104,57,45.19,5.12,7.70,1.502,1.82,0.470,0.00,15.15,0.078,
22447,PIN CUSHION BABUSHKA BLUE,104,43,58.65,2.20,4.29,1.950,2.42,0.411,0.00,0.46,-0.007,
22448,PIN CUSHION BABUSHKA RED,104,58,44.23,6.98,24.29,3.479,1.79,0.056,0.00,4.23,-0.072,
22449,SILK PURSE BABUSHKA PINK,104,77,25.96,12.73,15.66,1.230,1.35,0.278,0.00,12.23,-0.043,
22450,SILK PURSE BABUSHKA BLUE,104,61,41.35,8.02,12.59,1.570,1.70,0.421,0.00,2.38,-0.107,
22451,SILK PURSE BABUSHKA RED,104,54,48.08,13.06,23.98,1.836,1.93,0.356,0.00,0.00,-0.205,
22452,MEASURING TAPE BABUSHKA PINK,104,73,29.81,12.20,17.73,1.453,1.42,0.489,0.00,18.08,0.098,
22453,MEASURING TAPE BABUSHKA BLUE,104,58,44.23,7.52,15.19,2.020,1.79,0.285,0.00,5.77,0.026,
22454,MEASURING TAPE BABUSHKA RED,104,57,45.19,13.51,41.95,3.105,1.82,0.095,0.00,2.54,-0.190,
22456,NATURAL SLATE CHALKBOARD LARGE,104,88,15.38,43.74,63.76,1.458,1.18,0.186,2.31,37.15,-0.081,1510.00
22457,NATURAL SLATE HEART CHALKBOARD,104,85,18.27,140.30,107.49,0.766,1.22,0.509,8.31,172.85,1.179,1980.56
22458,CAST IRON HOOK GARDEN FORK,104,49,52.88,14.72,42.37,2.878,2.12,0.008,2.31,0.00,-0.163,-100.00
22459,UNKNOWN,104,51,50.96,13.95,37.37,2.678,2.04,0.022,2.31,0.00,-0.165,-100.00
22460,EMBOSSED GLASS TEALIGHT HOLDER,104,88,15.38,45.38,44.30,0.976,1.18,0.283,0.00,57.38,0.343,
22461,SAVOY ART DECO CLOCK,104,59,43.27,3.94,7.65,1.940,1.76,0.299,0.08,0.00,0.029,-100.00
22464,HANGING METAL HEART LANTERN,104,91,12.50,71.02,53.45,0.753,1.14,0.539,5.15,63.69,-0.189,1135.82
22465,HANGING METAL STAR LANTERN,104,86,17.31,39.38,38.67,0.982,1.21,0.357,1.38,61.69,0.058,4355.56
22466,FAIRY TALE COTTAGE NIGHT LIGHT,104,83,20.19,50.44,92.01,1.824,1.25,0.067,0.38,70.77,0.155,18300.00
22467,GUMBALL COAT RACK,104,79,24.04,114.62,110.69,0.966,1.32,0.549,1.00,205.46,1.559,20446.15
22468,BABUSHKA LIGHTS STRING OF 10,104,85,18.27,16.65,32.29,1.939,1.22,0.102,0.00,14.85,-0.063,
22469,HEART OF WICKER SMALL,104,77,25.96,268.29,302.61,1.128,1.35,0.418,0.00,436.85,3.163,
22470,HEART OF WICKER LARGE,104,77,25.96,170.40,224.56,1.318,1.35,0.262,0.00,267.77,1.604,
22471,TV DINNER TRAY AIR HOSTESS,104,69,33.65,5.61,11.25,2.008,1.51,0.255,0.00,7.23,0.026,
22472,TV DINNER TRAY DOLLY GIRL,104,72,30.77,10.04,22.66,2.257,1.44,0.159,0.00,4.31,-0.143,
22473,TV DINNER TRAY VINTAGE PAISLEY,104,71,31.73,7.53,17.11,2.272,1.46,0.363,0.00,6.23,-0.012,
22474,SPACEBOY TV DINNER TRAY,104,74,28.85,8.79,21.55,2.452,1.41,0.020,0.00,6.15,-0.094,
22475,SKULL DESIGN TV DINNER TRAY,104,82,21.15,7.12,13.99,1.963,1.27,0.058,0.23,11.69,-0.013,4966.67
22476,EMPIRE UNION JACK TV DINNER TRAY,104,80,23.08,6.88,10.68,1.553,1.30,0.229,0.23,7.92,-0.038,3333.33
22477,WATERING CAN GARDEN MARKER,104,77,25.96,23.14,54.84,2.370,1.35,0.127,1.15,11.23,0.007,873.33
22478,BIRDHOUSE GARDEN MARKER,104,86,17.31,26.40,54.18,2.052,1.21,0.081,0.85,17.23,0.014,1936.36
22479,DAISY GARDEN MARKER,104,71,31.73,18.57,53.29,2.870,1.46,0.067,0.31,3.77,0.015,1125.00
22480,RED TEA TOWEL CLASSIC DESIGN,104,67,35.58,22.77,34.41,1.511,1.55,0.271,1.23,0.00,-0.258,-100.00
22481,BLACK TEA TOWEL CLASSIC DESIGN,104,73,29.81,11.13,13.52,1.214,1.42,0.409,0.08,13.69,0.095,17700.00
22482,BLUE TEA TOWEL CLASSIC DESIGN,104,58,44.23,22.30,37.73,1.692,1.79,0.280,1.15,0.00,-0.352,-100.00
22483,RED GINGHAM TEDDY BEAR,104,90,13.46,17.51,25.12,1.435,1.16,0.128,0.62,17.85,-0.063,2800.00
22485,SET OF 2 WOODEN MARKET CRATES,104,90,13.46,10.36,10.46,1.010,1.16,0.304,0.38,10.00,0.001,2500.00
22486,PLASMATRONIC LAMP,104,25,75.96,0.80,2.22,2.779,4.16,0.079,0.00,1.00,-0.000,
22487,WHITE WOOD GARDEN PLANT LADDER,104,90,13.46,15.57,12.11,0.778,1.16,0.630,0.62,13.77,0.001,2137.50
22488,NATURAL SLATE RECTANGLE CHALKBOARD,104,91,12.50,66.05,55.83,0.845,1.14,0.108,6.31,66.00,0.110,946.34
22489,PACK OF 12 TRADITIONAL CRAYONS,104,83,20.19,169.70,165.42,0.975,1.25,0.331,0.31,228.00,1.338,74000.00
22491,PACK OF 12 COLOURED PENCILS,104,82,21.15,71.14,105.41,1.482,1.27,0.116,0.00,68.46,0.482,
22492,MINI PAINT SET VINTAGE,104,82,21.15,416.60,394.29,0.946,1.27,0.175,0.00,654.92,4.972,
22493,PAINT YOUR OWN CANVAS SET,104,82,21.15,44.85,69.34,1.546,1.27,0.477,0.00,38.31,0.307,
22494,EMERGENCY FIRST AID TIN,104,96,7.69,26.46,33.64,1.271,1.08,-0.014,22.38,17.77,-0.145,-20.62
22495,SET OF 2 ROUND TINS CAMEMBERT,104,73,29.81,8.11,14.06,1.734,1.42,0.256,11.15,5.38,-0.132,-51.72
22496,SET OF 2 ROUND TINS DUTCH CHEESE,104,79,24.04,5.96,8.10,1.358,1.32,0.331,9.15,5.31,-0.091,-42.02
22497,SET OF 2 TINS VINTAGE BATHROOM,104,83,20.19,8.92,13.16,1.475,1.25,0.207,8.69,2.31,-0.122,-73.45
22498,WOODEN REGATTA BUNTING,104,90,13.46,11.01,18.24,1.657,1.16,0.282,21.85,2.85,-0.170,-86.97
22499,WOODEN UNION JACK BUNTING,104,95,8.65,34.47,43.84,1.272,1.09,0.771,25.00,8.15,-0.032,-67.38
22500,SET OF 2 TINS JARDIN DE PROVENCE,104,81,22.12,4.74,6.24,1.317,1.28,0.226,3.77,2.77,-0.048,-26.53
22501,PICNIC BASKET WICKER LARGE,104,75,27.88,28.06,43.09,1.536,1.39,0.486,0.00,7.00,0.210,
22502,PICNIC BASKET WICKER SMALL,104,70,32.69,38.58,47.92,1.242,1.49,0.488,0.00,0.85,0.027,
22503,CABIN BAG VINTAGE PAISLEY,104,36,65.38,1.36,2.88,2.121,2.89,0.073,0.00,1.46,0.010,
22504,CABIN BAG VINTAGE RETROSPOT,104,46,55.77,3.49,7.28,2.085,2.26,0.253,0.00,2.38,0.028,
22505,MEMO BOARD COTTAGE DESIGN,104,90,13.46,36.16,39.17,1.083,1.16,0.188,0.00,28.15,-0.111,
22507,MEMO BOARD RETROSPOT DESIGN,104,90,13.46,52.18,91.47,1.753,1.16,-0.039,0.00,64.54,0.366,
22508,DOORSTOP RETROSPOT HEART,104,89,14.42,27.58,74.83,2.713,1.17,-0.003,0.00,79.69,0.305,
22509,SEWING BOX RETROSPOT DESIGN,104,70,32.69,2.87,4.43,1.545,1.49,0.237,0.00,3.62,-0.011,
22510,GINGHAM BABUSHKA DOORSTOP,104,51,50.96,2.85,7.06,2.480,2.04,0.420,0.00,3.08,0.011,
22511,RETROSPOT BABUSHKA DOORSTOP,104,51,50.96,3.68,8.14,2.211,2.04,0.435,0.00,2.85,-0.005,
22512,DOORSTOP RACING CAR DESIGN,104,41,60.58,3.50,12.94,3.697,2.54,-0.031,0.00,2.38,-0.036,
22513,DOORSTOP FOOTBALL DESIGN,104,64,38.46,5.11,12.76,2.498,1.62,0.130,0.00,2.92,-0.071,
22514,CHILDS GARDEN SPADE BLUE,104,71,31.73,10.38,28.33,2.728,1.46,0.254,0.00,2.62,-0.171,
22515,CHILDS GARDEN SPADE PINK,104,67,35.58,10.10,27.57,2.730,1.55,0.187,0.00,2.38,-0.184,
22516,CHILDS GARDEN RAKE BLUE,104,55,47.12,7.98,25.65,3.214,1.89,0.116,0.00,1.31,-0.160,
22517,CHILDS GARDEN RAKE PINK,104,59,43.27,7.73,25.19,3.258,1.76,0.091,0.00,1.85,-0.151,
22518,CHILDS GARDEN BRUSH BLUE,104,54,48.08,13.48,31.63,2.346,1.93,0.385,0.00,0.00,-0.259,
22519,CHILDS GARDEN BRUSH PINK,104,58,44.23,13.76,31.81,2.312,1.79,0.381,0.00,0.00,-0.240,
22520,CHILDS GARDEN TROWEL BLUE,104,58,44.23,22.09,37.77,1.710,1.79,0.725,0.00,0.00,-0.329,
22521,CHILDS GARDEN TROWEL PINK,104,54,48.08,22.01,39.51,1.795,1.93,0.718,0.00,0.00,-0.383,
22522,CHILDS GARDEN FORK BLUE,104,72,30.77,21.53,37.32,1.734,1.44,0.509,0.00,4.38,-0.210,
22523,CHILDS GARDEN FORK PINK,104,75,27.88,20.88,34.78,1.666,1.39,0.550,0.00,5.31,-0.208,
22524,CHILDRENS GARDEN GLOVES BLUE,104,59,43.27,18.77,26.68,1.421,1.76,0.578,0.00,0.00,-0.243,
22525,CHILDRENS GARDEN GLOVES PINK,104,55,47.12,18.75,29.90,1.595,1.89,0.553,0.00,0.00,-0.314,
22526,WHEELBARROW FOR CHILDREN,104,73,29.81,5.22,13.12,2.513,1.42,0.195,0.00,1.85,-0.085,
22528,GARDENERS KNEELING PAD,104,36,65.38,102.45,514.56,5.022,2.89,0.122,0.00,0.00,-3.334,
22529,MAGIC DRAWING SLATE GO TO THE FAIR,104,64,38.46,22.91,45.55,1.988,1.62,-0.033,0.00,34.00,-0.042,
22530,MAGIC DRAWING SLATE DOLLY GIRL,104,86,17.31,96.05,197.53,2.057,1.21,0.202,0.00,134.77,-0.365,
22531,MAGIC DRAWING SLATE CIRCUS PARADE,104,86,17.31,77.76,138.37,1.779,1.21,0.094,0.00,77.77,0.188,
22532,MAGIC DRAWING SLATE LEAP FROG,104,66,36.54,27.19,49.41,1.817,1.58,0.062,0.00,34.62,0.073,
22533,MAGIC DRAWING SLATE BAKE A CAKE,104,71,31.73,43.97,81.50,1.854,1.46,0.007,0.00,32.62,-0.002,
22534,MAGIC DRAWING SLATE SPACEBOY,104,88,15.38,123.60,182.68,1.478,1.18,0.241,0.00,129.54,-0.546,
22535,MAGIC DRAWING SLATE BUNNIES,104,84,19.23,43.29,53.31,1.231,1.24,0.183,0.00,57.38,0.039,
22536,MAGIC DRAWING SLATE PURDEY,104,83,20.19,87.39,135.27,1.548,1.25,0.165,0.00,64.38,-0.053,
22537,MAGIC DRAWING SLATE DINOSAUR,104,83,20.19,56.81,158.79,2.795,1.25,0.004,0.00,64.00,-0.385,
22538,MINI JIGSAW GO TO THE FAIR,104,54,48.08,13.41,27.41,2.044,1.93,0.150,0.00,3.08,-0.161,
22539,MINI JIGSAW DOLLY GIRL,104,79,24.04,51.04,80.62,1.580,1.32,0.178,0.00,85.23,0.272,
22540,MINI JIGSAW CIRCUS PARADE,104,76,26.92,56.84,128.60,2.263,1.37,0.015,0.00,18.69,-0.185,
22541,MINI JIGSAW LEAP FROG,104,45,56.73,11.91,36.60,3.073,2.31,0.103,0.00,7.08,-0.065,
22543,MINI JIGSAW BAKE A CAKE,104,63,39.42,30.01,77.43,2.580,1.65,0.107,0.00,23.23,-0.110,
22544,MINI JIGSAW SPACEBOY,104,85,18.27,84.49,111.22,1.316,1.22,0.221,0.00,96.62,0.117,
22545,MINI JIGSAW BUNNIES,104,76,26.92,31.62,63.77,2.017,1.37,0.260,0.00,27.08,-0.289,
22546,MINI JIGSAW PURDEY,104,67,35.58,40.96,84.73,2.069,1.55,0.002,0.00,54.15,0.042,
22547,MINI JIGSAW DINOSAUR,104,75,27.88,17.36,27.98,1.612,1.39,0.179,0.00,7.77,-0.119,
22548,adjustment,104,84,19.23,33.94,43.57,1.284,1.24,0.354,0.00,61.08,0.385,
22549,PICTURE DOMINOES,104,88,15.38,61.03,65.49,1.073,1.18,0.500,0.00,106.77,0.334,
22550,HOLIDAY FUN LUDO,104,86,17.31,19.63,30.82,1.570,1.21,-0.017,0.00,25.46,0.135,
22551,PLASTERS IN TIN SPACEBOY,104,88,15.38,146.56,124.43,0.849,1.18,0.490,0.00,201.15,0.981,
22553,PLASTERS IN TIN SKULLS,104,88,15.38,74.38,61.71,0.830,1.18,0.570,0.00,141.00,0.777,
22554,PLASTERS IN TIN WOODLAND ANIMALS,104,87,16.35,129.59,106.33,0.821,1.20,0.443,0.00,215.38,1.305,
22555,PLASTERS IN TIN STRONGMAN,104,88,15.38,110.13,123.51,1.121,1.18,0.296,0.00,134.77,0.742,
22556,PLASTERS IN TIN CIRCUS PARADE,104,88,15.38,129.06,132.38,1.026,1.18,0.384,0.00,152.77,0.489,
22557,PLASTERS IN TIN VINTAGE PAISLEY,104,88,15.38,98.83,104.35,1.056,1.18,0.371,0.00,118.23,0.223,
22558,CLOTHES PEGS RETROSPOT PACK 24,104,70,32.69,176.49,507.65,2.876,1.49,0.061,0.00,163.77,-0.932,
22559,SEASIDE FLYING DISC,104,71,31.73,15.23,25.17,1.653,1.46,0.440,0.00,3.62,-0.191,
22560,TRADITIONAL MODELLING CLAY,104,88,15.38,133.54,127.65,0.956,1.18,0.263,0.00,206.08,0.922,
22561,WOODEN SCHOOL COLOURING SET,104,88,15.38,110.27,102.44,0.929,1.18,0.569,0.00,157.00,0.766,
22562,MONSTERS STENCIL CRAFT,104,85,18.27,37.87,88.05,2.325,1.22,0.069,0.00,51.62,-0.011,
22563,HAPPY STENCIL CRAFT,104,87,16.35,55.76,102.26,1.834,1.20,0.066,0.00,80.23,0.253,
22564,ALPHABET STENCIL CRAFT,104,82,21.15,43.62,102.72,2.355,1.27,0.188,0.00,60.69,0.550,
22565,FELTCRAFT HAIRBANDS PINK AND WHITE,104,80,23.08,19.89,26.85,1.349,1.30,0.300,0.00,24.46,0.063,
22566,FELTCRAFT HAIRBAND PINK AND PURPLE,104,77,25.96,26.86,81.21,3.024,1.35,0.048,0.00,28.00,-0.007,
22567,20 DOLLY PEGS RETROSPOT,104,79,24.04,53.21,78.33,1.472,1.32,0.255,0.00,32.08,-0.088,
22568,FELTCRAFT CUSHION OWL,104,90,13.46,52.53,67.06,1.277,1.16,0.435,0.00,119.46,0.816,
22569,FELTCRAFT CUSHION BUTTERFLY,104,85,18.27,53.09,78.31,1.475,1.22,0.284,0.00,59.31,0.369,
22570,UNKNOWN,104,85,18.27,54.60,77.59,1.421,1.22,0.289,0.00,76.00,0.502,
22571,ROCKING HORSE RED CHRISTMAS,104,49,52.88,54.01,97.71,1.809,2.12,0.813,0.00,120.00,0.620,
22572,ROCKING HORSE GREEN CHRISTMAS,104,49,52.88,33.07,63.37,1.916,2.12,0.722,0.00,79.38,0.385,
22573,STAR WOODEN CHRISTMAS DECORATION,104,48,53.85,46.38,94.44,2.036,2.17,0.433,0.00,171.38,0.916,
22574,HEART WOODEN CHRISTMAS DECORATION,104,51,50.96,47.88,88.25,1.843,2.04,0.811,0.00,132.08,0.679,
22575,METAL MERRY CHRISTMAS WREATH,104,44,57.69,29.92,66.11,2.209,2.36,0.800,0.00,35.77,0.076,
22576,SWALLOW WOODEN CHRISTMAS DECORATION,104,46,55.77,29.37,52.96,1.804,2.26,0.737,0.00,79.00,0.437,
22577,WOODEN HEART CHRISTMAS SCANDINAVIAN,104,63,39.42,131.35,282.07,2.147,1.65,0.942,0.00,744.62,4.688,
22578,WOODEN STAR CHRISTMAS SCANDINAVIAN,104,44,57.69,119.35,283.53,2.376,2.36,0.899,0.00,714.46,4.513,
22579,WOODEN TREE CHRISTMAS SCANDINAVIAN,104,43,58.65,68.91,155.08,2.250,2.42,0.866,0.00,380.38,2.314,
22580,ADVENT CALENDAR GINGHAM SACK,104,45,56.73,21.89,40.30,1.841,2.31,0.859,0.00,88.38,0.533,
22581,WOOD STOCKING CHRISTMAS SCANDISPOT,104,43,58.65,31.85,61.17,1.921,2.42,0.669,0.00,87.92,0.416,
22582,PACK OF 6 SWEETIE GIFT BOXES,104,78,25.00,24.23,45.78,1.889,1.33,0.086,0.00,27.54,0.062,
22583,PACK OF 6 HANDBAG GIFT BOXES,104,83,20.19,17.98,22.39,1.245,1.25,0.185,0.00,7.08,-0.118,
22584,PACK OF 6 PANETTONE GIFT BOXES,104,88,15.38,49.82,60.00,1.204,1.18,0.176,0.00,62.92,0.018,
22585,PACK OF 6 BIRDY GIFT TAGS,104,90,13.46,168.10,181.39,1.079,1.16,0.655,0.00,184.92,-0.276,
22586,FELTCRAFT HAIRBAND PINK AND BLUE,104,77,25.96,19.76,25.57,1.294,1.35,0.182,0.00,22.46,0.004,
22587,FELTCRAFT HAIRBAND RED AND BLUE,104,78,25.00,19.93,28.60,1.435,1.33,0.323,0.00,37.38,0.077,
22588,CARD HOLDER GINGHAM HEART,104,54,48.08,27.28,47.15,1.728,1.93,0.758,0.00,28.92,-0.023,
22589,CARDHOLDER GINGHAM STAR,104,37,64.42,12.52,22.64,1.808,2.81,0.676,0.00,21.08,0.040,
22591,CARDHOLDER GINGHAM CHRISTMAS TREE,104,36,65.38,13.20,29.64,2.245,2.89,0.507,0.00,28.15,0.073,
22592,CARDHOLDER HOLLY WREATH METAL,104,41,60.58,18.53,50.36,2.718,2.54,0.212,0.00,39.54,0.145,
22593,CHRISTMAS GINGHAM STAR,104,48,53.85,51.38,82.22,1.600,2.17,0.766,0.00,123.38,0.539,
22594,CHRISTMAS GINGHAM TREE,104,50,51.92,45.64,75.75,1.660,2.08,0.776,0.00,109.54,0.557,
22595,GINGHAM HEART DECORATION,104,72,30.77,120.26,235.91,1.962,1.44,0.266,0.00,331.15,1.883,
22596,CHRISTMAS STAR WISH LIST CHALKBOARD,104,42,59.62,55.32,101.48,1.835,2.48,0.703,0.00,195.62,0.965,
22597,MUSICAL ZINC HEART DECORATION,104,53,49.04,42.63,85.09,1.996,1.96,0.807,0.00,181.31,1.103,
22598,CHRISTMAS MUSICAL ZINC TREE,104,31,70.19,16.64,36.84,2.213,3.35,0.667,0.00,69.54,0.398,
22599,CHRISTMAS MUSICAL ZINC STAR,104,34,67.31,28.91,60.14,2.080,3.06,0.716,0.00,134.31,0.815,
22600,CHRISTMAS RETROSPOT STAR WOOD,104,51,50.96,45.68,75.85,1.660,2.04,0.726,0.00,90.23,0.304,
22601,CHRISTMAS RETROSPOT ANGEL WOOD,104,50,51.92,49.94,94.37,1.890,2.08,0.429,0.00,147.15,0.752,
22602,RETROSPOT WOODEN HEART DECORATION,104,71,31.73,60.55,93.89,1.551,1.46,0.634,0.00,88.31,0.323,
22603,CHRISTMAS RETROSPOT TREE WOOD,104,47,54.81,39.25,78.58,2.002,2.21,0.494,0.00,76.54,0.307,
22604,SET OF 4 NAPKIN CHARMS CUTLERY,104,60,42.31,43.85,252.69,5.763,1.73,-0.020,0.00,15.15,-0.353,
22605,WOODEN CROQUET GARDEN SET,104,84,19.23,17.43,28.09,1.611,1.24,0.349,0.00,9.00,-0.070,
22606,WOODEN SKITTLES GARDEN SET,104,80,23.08,10.34,24.26,2.347,1.30,0.273,0.00,2.08,-0.115,
22607,WOODEN ROUNDERS GARDEN SET,104,71,31.73,24.34,35.05,1.440,1.46,0.548,0.00,9.85,-0.004,
22608,PENS ASSORTED FUNKY JEWELED,104,55,47.12,53.81,108.13,2.010,1.89,0.168,5.77,121.85,1.490,2012.00
22609,PENS ASSORTED SPACEBALL,104,63,39.42,67.71,98.08,1.449,1.65,0.301,8.38,176.31,1.661,2002.75
22610,PENS ASSORTED FUNNY FACE,104,77,25.96,119.85,184.99,1.544,1.35,0.188,11.31,302.08,2.475,2571.43
22611,VINTAGE UNION JACK SHOPPING BAG,104,58,44.23,8.72,13.36,1.532,1.79,0.264,0.00,4.46,-0.100,
22612,TEA COSY VINTAGE UNION JACK,104,24,76.92,9.62,54.59,5.672,4.33,-0.003,0.00,0.00,-0.181,
22613,PACK OF 20 SPACEBOY NAPKINS,104,75,27.88,29.10,44.58,1.532,1.39,0.355,0.00,18.00,0.006,
22614,PACK OF 12 SPACEBOY TISSUES,104,77,25.96,54.32,54.00,0.994,1.35,0.416,0.00,85.15,0.432,
22615,PACK OF 12 CIRCUS PARADE TISSUES,104,73,29.81,35.45,58.46,1.649,1.42,0.124,0.00,45.31,0.205,
22616,PACK OF 12 LONDON TISSUES,104,82,21.15,372.94,501.31,1.344,1.27,0.111,0.00,441.08,5.202,
22617,BAKING SET SPACEBOY DESIGN,104,89,14.42,40.21,51.92,1.291,1.17,0.242,0.00,79.15,0.305,
22618,COOKING SET RETROSPOT,104,50,51.92,6.90,12.29,1.780,2.08,0.533,0.00,0.00,-0.125,
22619,SET OF 6 SOLDIER SKITTLES,104,82,21.15,37.88,45.91,1.212,1.27,0.269,0.00,71.38,0.566,
22620,4 TRADITIONAL SPINNING TOPS,104,82,21.15,77.71,84.90,1.092,1.27,0.246,0.00,113.69,0.950,
22621,TRADITIONAL KNITTING NANCY,104,81,22.12,83.32,94.35,1.132,1.28,0.604,0.00,210.31,1.430,
22622,BOX OF VINTAGE ALPHABET BLOCKS,104,82,21.15,28.05,42.79,1.526,1.27,0.278,0.00,35.92,0.118,
22623,BOX OF VINTAGE JIGSAW BLOCKS,104,81,22.12,22.14,29.53,1.333,1.28,0.521,0.00,31.85,0.110,
22624,IVORY KITCHEN SCALES,104,78,25.00,30.11,26.09,0.867,1.33,0.528,0.00,45.62,0.353,
22625,RED KITCHEN SCALES,104,77,25.96,25.06,23.40,0.934,1.35,0.383,0.00,36.92,0.297,
22626,BLACK KITCHEN SCALES,104,81,22.12,7.92,9.68,1.221,1.28,0.186,0.00,8.62,0.073,
22627,MINT KITCHEN SCALES,104,74,28.85,15.23,15.51,1.018,1.41,0.396,0.00,24.08,0.144,
22628,PICNIC BOXES SET OF 3 RETROSPOT,104,72,30.77,16.58,31.53,1.902,1.44,0.236,0.00,10.85,0.114,
22629,SPACEBOY LUNCH BOX,104,74,28.85,196.55,196.24,0.998,1.41,0.421,0.00,259.77,3.124,
22630,DOLLY GIRL LUNCH BOX,104,74,28.85,172.94,189.59,1.096,1.41,0.357,0.00,206.46,2.566,
22631,CIRCUS PARADE LUNCH BOX,104,75,27.88,59.68,69.43,1.163,1.39,0.222,0.00,87.38,0.778,
22632,HAND WARMER RED RETROSPOT,104,32,69.23,97.04,249.40,2.570,3.25,0.298,0.00,234.62,1.224,
22633,HAND WARMER UNION JACK,104,34,67.31,79.59,168.05,2.112,3.06,0.772,0.00,263.85,1.595,
22634,CHILDS BREAKFAST SET SPACEBOY,104,80,23.08,16.09,19.18,1.192,1.30,0.306,0.00,17.08,0.079,
22635,CHILDS BREAKFAST SET DOLLY GIRL,104,77,25.96,15.89,19.61,1.234,1.35,0.432,0.00,13.62,0.052,
22636,CHILDS BREAKFAST SET CIRCUS PARADE,104,77,25.96,15.48,20.00,1.292,1.35,0.372,0.00,12.62,-0.012,
22637,PIGGY BANK RETROSPOT,104,79,24.04,43.08,85.55,1.986,1.32,0.148,0.00,107.85,0.670,
22638,SET OF 4 NAPKIN CHARMS CROWNS,104,35,66.35,28.09,250.84,8.931,2.97,-0.008,0.00,4.62,-0.528,
22639,SET OF 4 NAPKIN CHARMS HEARTS,104,67,35.58,40.10,251.06,6.261,1.55,-0.001,0.00,21.69,-0.421,
22640,SET OF 4 NAPKIN CHARMS 3 KEYS,104,52,50.00,28.06,250.78,8.938,2.00,-0.006,0.00,6.15,-0.520,
22641,SET OF 4 NAPKIN CHARMS INSTRUMENT,104,39,62.50,27.47,250.83,9.131,2.67,-0.011,0.00,3.08,-0.545,
22642,SET OF 4 NAPKIN CHARMS STARS,104,43,58.65,33.67,251.43,7.467,2.42,-0.009,0.00,10.31,-0.556,
22643,SET OF 4 NAPKIN CHARMS LEAVES,104,41,60.58,28.67,251.34,8.766,2.54,0.005,0.00,3.77,-0.545,
22644,CERAMIC CHERRY CAKE MONEY BANK,104,80,23.08,41.52,48.99,1.180,1.30,0.476,0.00,36.23,-0.002,
22645,CERAMIC HEART FAIRY CAKE MONEY BANK,104,81,22.12,51.17,60.51,1.182,1.28,0.551,0.00,48.46,0.057,
22646,CERAMIC STRAWBERRY CAKE MONEY BANK,104,81,22.12,80.60,90.95,1.128,1.28,0.462,0.00,109.85,0.374,
22647,CERAMIC LOVE HEART MONEY BANK,104,44,57.69,9.34,26.25,2.812,2.36,0.107,0.00,5.92,0.030,
22649,STRAWBERRY FAIRY CAKE TEAPOT,104,80,23.08,22.17,26.04,1.174,1.30,0.462,0.00,11.77,-0.060,
22650,CERAMIC PIRATE CHEST MONEY BANK,104,77,25.96,16.90,21.51,1.273,1.35,0.371,0.00,21.62,0.124,
22651,GENTLEMAN SHIRT REPAIR KIT,104,64,38.46,30.43,54.39,1.787,1.62,0.243,0.00,43.38,0.447,
22652,TRAVEL SEWING KIT,104,70,32.69,95.31,136.19,1.429,1.49,0.520,0.00,90.62,0.919,
22653,BUTTON BOX,104,67,35.58,28.03,44.18,1.576,1.55,0.407,0.00,59.92,0.475,
22654,DELUXE SEWING KIT,104,71,31.73,24.12,33.91,1.406,1.46,0.669,0.00,28.23,0.206,
22655,VINTAGE RED KITCHEN CABINET,104,32,69.23,1.08,3.26,3.023,3.25,0.063,0.00,0.54,-0.000,
22656,VINTAGE BLUE KITCHEN CABINET,104,27,74.04,0.71,2.27,3.186,3.85,0.219,0.00,0.08,-0.005,
22657,HEN & 2 CHICKS IN BASKET,104,7,93.27,1.19,6.99,5.866,14.86,0.060,8.69,0.00,-0.056,-100.00
22659,LUNCH BOX I LOVE LONDON,104,75,27.88,152.83,182.07,1.191,1.39,0.418,0.00,189.92,2.438,
22660,DOORMAT I LOVE LONDON,104,65,37.50,8.38,25.55,3.050,1.60,0.047,0.00,16.08,0.039,
22661,CHARLOTTE BAG DOLLY GIRL DESIGN,104,71,31.73,78.04,90.09,1.154,1.46,0.280,0.00,94.92,1.210,
22662,LUNCH BAG DOLLY GIRL DESIGN,104,71,31.73,95.17,102.84,1.081,1.46,0.547,0.00,115.54,1.569,
22663,JUMBO BAG DOLLY GIRL DESIGN,104,71,31.73,55.06,68.50,1.244,1.46,0.422,0.00,65.62,0.739,
22664,TOY TIDY DOLLY GIRL DESIGN,104,69,33.65,12.57,20.94,1.666,1.51,0.211,0.00,10.77,0.079,
22665,RECIPE BOX BLUE SKETCHBOOK DESIGN,104,72,30.77,28.50,35.35,1.240,1.44,0.502,0.00,23.54,0.208,
22666,RECIPE BOX PANTRY YELLOW DESIGN,104,73,29.81,98.96,116.95,1.182,1.42,0.409,0.00,228.54,2.260,
22667,RECIPE BOX RETROSPOT,104,66,36.54,45.34,62.90,1.387,1.58,0.254,0.00,66.00,0.618,
22668,PINK BABY BUNTING,104,73,29.81,34.42,40.89,1.188,1.42,0.332,0.00,33.69,0.370,
22669,RED BABY BUNTING,104,72,30.77,22.78,29.02,1.274,1.44,0.426,0.00,27.15,0.158,
22670,FRENCH WC SIGN BLUE METAL,104,67,35.58,41.61,106.31,2.555,1.55,0.374,0.00,34.15,0.316,
22671,FRENCH LAUNDRY SIGN BLUE METAL,104,63,39.42,16.17,31.14,1.925,1.65,0.316,0.00,10.46,0.203,
22672,FRENCH BATHROOM SIGN BLUE METAL,104,66,36.54,27.13,43.87,1.617,1.58,0.558,0.00,16.54,0.257,
22673,FRENCH GARDEN SIGN BLUE METAL,104,60,42.31,12.65,20.17,1.594,1.73,0.352,0.00,11.54,0.156,
22674,FRENCH TOILET SIGN BLUE METAL,104,66,36.54,22.68,37.51,1.654,1.58,0.405,0.00,12.15,0.243,
22675,FRENCH KITCHEN SIGN BLUE METAL,104,66,36.54,20.99,38.12,1.816,1.58,0.328,0.00,11.23,0.215,
22676,FRENCH BLUE METAL DOOR SIGN 1,104,67,35.58,17.82,22.70,1.274,1.55,0.297,0.00,28.46,0.303,
22677,FRENCH BLUE METAL DOOR SIGN 2,104,63,39.42,15.38,20.23,1.315,1.65,0.289,0.00,22.23,0.251,
22678,FRENCH BLUE METAL DOOR SIGN 3,104,63,39.42,13.62,18.31,1.345,1.65,0.324,0.00,19.15,0.201,
22679,FRENCH BLUE METAL DOOR SIGN 4,104,64,38.46,12.31,16.55,1.345,1.62,0.407,0.00,15.31,0.164,
22680,FRENCH BLUE METAL DOOR SIGN 5,104,64,38.46,13.13,17.69,1.347,1.62,0.362,0.00,18.38,0.195,
22681,FRENCH BLUE METAL DOOR SIGN 6,104,64,38.46,11.37,15.51,1.364,1.62,0.364,0.00,14.08,0.160,
22682,FRENCH BLUE METAL DOOR SIGN 7,104,64,38.46,11.23,15.67,1.396,1.62,0.335,0.00,14.23,0.149,
22683,FRENCH BLUE METAL DOOR SIGN 8,104,65,37.50,11.06,15.82,1.431,1.60,0.411,0.00,12.62,0.135,
22684,FRENCH BLUE METAL DOOR SIGN 9,104,61,41.35,9.80,15.34,1.566,1.70,0.440,0.00,8.77,0.097,
22685,FRENCH BLUE METAL DOOR SIGN 0,104,59,43.27,10.48,15.47,1.476,1.76,0.375,0.00,7.92,0.111,
22686,FRENCH BLUE METAL DOOR SIGN No,104,65,37.50,13.74,23.76,1.729,1.60,0.125,0.00,31.46,0.317,
22687,DOORMAT CHRISTMAS VILLAGE,104,34,67.31,8.96,48.42,5.403,3.06,0.033,0.00,44.00,0.245,
22688,DOORMAT PEACE ON EARTH BLUE,104,32,69.23,8.47,62.17,7.339,3.25,-0.010,0.00,51.54,0.286,
22689,UNKNOWN,104,48,53.85,11.00,27.30,2.482,2.17,0.287,0.00,45.85,0.269,
22690,DOORMAT HOME SWEET HOME BLUE,104,69,33.65,24.25,62.22,2.566,1.51,0.046,0.00,32.38,0.359,
22691,DOORMAT WELCOME SUNRISE,104,63,39.42,7.25,19.33,2.666,1.65,0.170,0.00,14.69,0.064,
22692,DOORMAT WELCOME TO OUR HOME,104,71,31.73,20.58,37.47,1.821,1.46,0.183,0.00,43.38,0.363,
22693,GROW A FLYTRAP OR SUNFLOWER IN TIN,104,67,35.58,169.65,401.06,2.364,1.55,0.140,0.00,190.77,3.253,
22694,WICKER STAR,104,66,36.54,46.68,80.97,1.734,1.58,0.861,0.00,83.92,0.402,
22695,WICKER WREATH SMALL,104,51,50.96,12.29,20.46,1.665,2.04,0.656,0.00,31.31,0.154,
22696,WICKER WREATH LARGE,104,56,46.15,13.57,22.22,1.638,1.86,0.561,0.00,34.00,0.202,
22697,GREEN REGENCY TEACUP AND SAUCER,104,68,34.62,91.78,83.98,0.915,1.53,0.677,0.00,146.85,1.822,
22698,PINK REGENCY TEACUP AND SAUCER,104,62,40.38,77.03,86.78,1.127,1.68,0.588,0.00,136.31,1.553,
22699,ROSES REGENCY TEACUP AND SAUCER,104,68,34.62,123.00,134.86,1.096,1.53,0.365,0.00,184.08,2.527,
22700,BLACK AND WHITE DOG BOWL,104,44,57.69,13.31,58.42,4.390,2.36,0.095,0.00,0.23,0.194,
22701,PINK DOG BOWL,104,57,45.19,5.82,12.85,2.210,1.82,-0.070,0.00,5.92,0.088,
22702,BLACK AND WHITE CAT BOWL,104,51,50.96,15.28,88.68,5.804,2.04,-0.027,0.00,1.62,0.264,
22703,PINK CAT BOWL,104,56,46.15,4.07,6.92,1.702,1.86,0.167,0.00,10.38,0.076,
22704,WRAP RED APPLES,104,78,25.00,82.24,85.25,1.037,1.33,0.423,0.00,105.77,1.121,
22705,WRAP GREEN PEARS,104,63,39.42,35.65,40.15,1.126,1.65,0.333,0.00,40.38,0.313,
22706,WRAP COWBOYS,104,53,49.04,40.12,70.83,1.766,1.96,0.169,0.00,30.77,0.352,
22707,WRAP MONSTER FUN,104,54,48.08,20.74,25.22,1.216,1.93,0.181,0.00,28.85,0.294,
22708,WRAP DOLLY GIRL,104,69,33.65,50.72,101.89,2.009,1.51,0.130,0.00,73.08,0.605,
22709,WRAP WEDDING DAY,104,49,52.88,26.67,48.30,1.811,2.12,0.072,0.00,26.92,0.240,
22710,WRAP I LOVE LONDON,104,70,32.69,68.84,104.69,1.521,1.49,0.138,0.00,117.31,0.860,
22711,WRAP CIRCUS PARADE,104,69,33.65,50.98,64.22,1.260,1.51,0.154,0.00,50.00,0.505,
22712,CARD DOLLY GIRL,104,68,34.62,67.70,97.06,1.434,1.53,0.270,0.00,102.08,1.114,
22713,CARD I LOVE LONDON,104,79,24.04,58.12,87.29,1.502,1.32,0.068,0.00,74.23,0.588,
22714,CARD BIRTHDAY COWBOY,104,78,25.00,50.45,70.53,1.398,1.33,0.131,0.00,85.15,0.779,
22715,CARD WEDDING DAY,104,67,35.58,26.12,34.25,1.311,1.55,0.234,0.00,19.15,0.237,
22716,CARD CIRCUS PARADE,104,76,26.92,49.50,43.81,0.885,1.37,0.429,0.00,57.46,0.556,
22717,CARD DOG AND BALL,104,71,31.73,23.10,35.68,1.545,1.46,0.093,0.00,19.92,0.154,
22718,CARD CAT AND TREE,104,75,27.88,24.93,27.47,1.102,1.39,0.308,0.00,28.69,0.279,
22719,UNKNOWN,104,53,49.04,31.77,176.53,5.557,1.96,-0.011,0.00,0.00,-0.687,
22720,SET OF 3 CAKE TINS PANTRY DESIGN,104,50,51.92,70.83,124.65,1.760,2.08,0.369,0.00,185.77,2.104,
22721,SET OF 3 CAKE TINS SKETCHBOOK,104,49,52.88,8.39,15.43,1.838,2.12,0.412,0.00,11.23,0.202,
22722,SET OF 6 SPICE TINS PANTRY DESIGN,104,42,59.62,56.76,128.22,2.259,2.48,0.151,0.00,191.85,1.708,
22723,SET OF 6 HERB TINS SKETCHBOOK,104,50,51.92,9.98,17.84,1.788,2.08,0.456,0.00,6.00,0.218,
22725,ALARM CLOCK BAKELIKE CHOCOLATE,104,62,40.38,23.62,31.60,1.338,1.68,0.517,0.00,65.85,0.611,
22726,ALARM CLOCK BAKELIKE GREEN,104,58,44.23,71.41,99.19,1.389,1.79,0.576,0.00,216.62,2.074,
22727,ALARM CLOCK BAKELIKE RED,104,62,40.38,79.78,116.26,1.457,1.68,0.385,0.00,221.62,2.192,
22728,ALARM CLOCK BAKELIKE PINK,104,62,40.38,58.44,98.15,1.679,1.68,0.376,0.00,163.54,1.728,
22729,ALARM CLOCK BAKELIKE ORANGE,104,62,40.38,28.90,44.24,1.530,1.68,0.353,0.00,32.69,0.577,
22730,ALARM CLOCK BAKELIKE IVORY,104,62,40.38,34.89,50.17,1.438,1.68,0.460,0.00,96.92,0.936,
22731,3D CHRISTMAS STAMPS STICKERS,104,36,65.38,28.10,64.50,2.296,2.89,0.698,0.00,70.15,0.341,
22732,3D VINTAGE CHRISTMAS STICKERS,104,41,60.58,35.90,78.80,2.195,2.54,0.691,0.00,100.54,0.543,
22733,3D TRADITIONAL CHRISTMAS STICKERS,104,39,62.50,32.75,65.49,2.000,2.67,0.721,0.00,98.08,0.543,
22734,SET OF 6 RIBBONS VINTAGE CHRISTMAS,104,44,57.69,96.60,239.70,2.481,2.36,0.540,0.00,215.15,0.995,
22735,RIBBON REEL SOCKS AND MITTENS,104,37,64.42,13.69,30.24,2.209,2.81,0.416,0.00,37.46,0.257,
22736,RIBBON REEL MAKING SNOWMEN,104,45,56.73,23.90,46.26,1.935,2.31,0.679,0.00,62.69,0.399,
22737,RIBBON REEL CHRISTMAS PRESENT,104,45,56.73,31.14,61.59,1.978,2.31,0.781,0.00,81.31,0.431,
22738,RIBBON REEL SNOWY VILLAGE,104,44,57.69,42.21,84.60,2.004,2.36,0.616,0.00,125.77,0.705,
22739,RIBBON REEL CHRISTMAS SOCK BAUBLE,104,48,53.85,38.08,78.04,2.049,2.17,0.749,0.00,93.54,0.535,
22740,adjustment,104,43,58.65,129.17,249.95,1.935,2.42,0.518,0.00,13.69,1.090,
22741,FUNKY DIVA PEN,104,60,42.31,99.88,121.51,1.217,1.73,0.537,0.00,197.85,2.440,
22742,MAKE YOUR OWN PLAYTIME CARD KIT,104,58,44.23,7.37,11.01,1.495,1.79,0.465,0.00,11.69,0.099,
22743,MAKE YOUR OWN FLOWERPOWER CARD KIT,104,62,40.38,12.08,18.20,1.507,1.68,0.471,0.00,13.62,0.140,
22744,MAKE YOUR OWN MONSOON CARD KIT,104,62,40.38,12.38,18.15,1.465,1.68,0.671,0.00,14.69,0.120,
22745,POPPY'S PLAYHOUSE BEDROOM,104,62,40.38,38.03,64.06,1.685,1.68,0.609,0.00,45.31,0.441,
22746,POPPY'S PLAYHOUSE LIVINGROOM,104,62,40.38,27.80,50.45,1.815,1.68,0.543,0.00,29.62,0.279,
22747,POPPY'S PLAYHOUSE BATHROOM,104,61,41.35,19.38,41.13,2.122,1.70,0.462,0.00,18.08,0.164,
22748,POPPY'S PLAYHOUSE KITCHEN,104,62,40.38,39.68,67.22,1.694,1.68,0.604,0.00,50.08,0.456,
22749,FELTCRAFT PRINCESS CHARLOTTE DOLL,104,63,39.42,35.32,51.02,1.445,1.65,0.551,0.00,78.77,0.655,
22750,FELTCRAFT PRINCESS LOLA DOLL,104,62,40.38,29.68,40.71,1.371,1.68,0.529,0.00,63.00,0.562,
22751,FELTCRAFT PRINCESS OLIVIA DOLL,104,64,38.46,21.61,36.52,1.690,1.62,0.247,0.00,44.15,0.467,
22752,SET 7 BABUSHKA NESTING BOXES,104,68,34.62,89.23,588.00,6.590,1.53,-0.002,0.00,36.85,-0.868,
22753,SMALL YELLOW BABUSHKA NOTEBOOK,104,64,38.46,68.65,489.73,7.133,1.62,-0.011,0.00,22.85,-0.791,
22754,SMALL RED BABUSHKA NOTEBOOK,104,66,36.54,80.17,490.24,6.115,1.58,0.005,0.00,32.08,-0.706,
22755,SMALL PURPLE BABUSHKA NOTEBOOK,104,67,35.58,80.03,490.67,6.131,1.55,-0.006,0.00,23.08,-0.767,
22756,LARGE YELLOW BABUSHKA NOTEBOOK,104,58,44.23,57.99,489.76,8.446,1.79,0.009,0.00,7.62,-0.884,
22757,LARGE RED BABUSHKA NOTEBOOK,104,64,38.46,70.51,491.20,6.966,1.62,0.018,0.00,12.62,-0.871,
22758,LARGE PURPLE BABUSHKA NOTEBOOK,104,63,39.42,66.53,490.41,7.371,1.65,0.008,0.00,15.92,-0.843,
22759,check,104,69,33.65,183.59,941.88,5.130,1.51,-0.005,0.00,222.15,-0.192,
22760,"TRAY, BREAKFAST IN BED",104,41,60.58,3.42,7.12,2.080,2.54,0.166,0.00,4.15,0.062,
22761,CHEST 7 DRAWER MA CAMPAGNE,104,25,75.96,0.46,1.03,2.238,4.16,0.193,0.00,0.85,0.009,
22762,CUPBOARD 3 DRAWER MA CAMPAGNE,104,50,51.92,1.92,3.08,1.600,2.08,0.206,0.00,2.77,0.040,
22763,KEY CABINET MA CAMPAGNE,104,54,48.08,6.28,41.58,6.622,1.93,0.003,0.00,4.38,0.019,
22764,"RUSTIC WOODEN CABINET, GLASS DOORS",104,9,91.35,1.79,11.32,6.328,11.56,0.090,0.00,0.00,-0.008,
22765,NEWSPAPER STAND,104,10,90.38,2.99,16.03,5.359,10.40,0.099,0.00,0.00,-0.015,
22766,PHOTO FRAME CORNICE,104,60,42.31,41.71,72.44,1.737,1.73,0.273,0.00,95.46,0.896,
22767,TRIPLE PHOTO FRAME CORNICE,104,58,44.23,9.47,17.52,1.849,1.79,0.264,0.00,24.54,0.220,
22768,FAMILY PHOTO FRAME CORNICE,104,60,42.31,10.72,18.97,1.769,1.73,0.305,0.00,28.92,0.245,
22769,CHALKBOARD KITCHEN ORGANISER,104,12,88.46,1.67,10.72,6.407,8.67,0.239,0.00,0.00,-0.012,
22770,MIRROR CORNICE,104,42,59.62,1.08,1.69,1.572,2.48,0.233,0.00,2.31,0.026,
22771,CLEAR DRAWER KNOB ACRYLIC EDWARDIAN,104,59,43.27,71.63,82.32,1.149,1.76,0.558,0.00,123.62,1.751,
22772,PINK DRAWER KNOB ACRYLIC EDWARDIAN,104,59,43.27,42.04,59.10,1.406,1.76,0.351,0.00,57.69,0.895,
22773,GREEN DRAWER KNOB ACRYLIC EDWARDIAN,104,55,47.12,22.83,33.35,1.461,1.89,0.363,0.00,34.08,0.458,
22774,RED DRAWER KNOB ACRYLIC EDWARDIAN,104,53,49.04,26.72,49.04,1.835,1.96,0.232,0.00,39.62,0.482,
22775,PURPLE DRAWERKNOB ACRYLIC EDWARDIAN,104,59,43.27,34.58,50.72,1.467,1.76,0.342,0.00,67.38,0.889,
22776,SWEETHEART 3 TIER CAKE STAND,104,59,43.27,16.27,21.29,1.309,1.76,0.631,0.00,20.46,0.285,
22777,GLASS CLOCHE LARGE,104,23,77.88,4.41,15.04,3.407,4.52,0.118,0.00,0.00,0.057,
22778,GLASS CLOCHE SMALL,104,53,49.04,9.37,15.87,1.695,1.96,0.191,0.00,14.62,0.198,
22779,WOODEN OWLS LIGHT GARLAND,104,52,50.00,16.55,35.61,2.152,2.00,0.300,0.00,25.38,0.298,
22780,LIGHT GARLAND BUTTERFILES PINK,104,50,51.92,15.48,35.16,2.271,2.08,0.233,0.00,18.85,0.244,
22781,GUMBALL MAGAZINE RACK,104,59,43.27,8.25,11.72,1.421,1.76,0.641,0.00,11.69,0.164,
22782,SET 3 WICKER STORAGE BASKETS,104,38,63.46,2.39,6.96,2.909,2.74,0.375,0.00,1.23,0.028,
22783,UNKNOWN,104,19,81.73,4.65,22.57,4.851,5.47,0.254,0.00,0.00,0.106,
22784,LANTERN CREAM GAZEBO,104,56,46.15,14.70,19.52,1.328,1.86,0.607,0.00,22.23,0.352,
22785,SQUARECUSHION COVER PINK UNION JACK,104,37,64.42,2.79,9.03,3.238,2.81,0.372,0.00,1.77,0.016,
22786,CUSHION COVER PINK UNION JACK,104,36,65.38,2.25,5.39,2.396,2.89,0.622,0.00,1.69,0.016,
22788,BROCANTE COAT RACK,104,32,69.23,4.58,21.35,4.664,3.25,0.035,0.00,0.00,0.016,
22789,T-LIGHT HOLDER SWEETHEART HANGING,104,52,50.00,11.86,19.85,1.674,2.00,0.551,0.00,8.15,0.165,
22790,"MIRROR, ARCHED GEORGIAN",104,1,99.04,1.92,19.61,10.198,104.00,-0.010,0.00,0.00,-0.016,
22791,T-LIGHT GLASS FLUTED ANTIQUE,104,52,50.00,88.92,124.68,1.402,2.00,0.500,0.00,220.15,2.432,
22792,FLUTED ANTIQUE CANDLE HOLDER,104,54,48.08,32.50,59.02,1.816,1.93,0.673,0.00,112.62,0.931,
22794,SWEETHEART WIRE MAGAZINE RACK,104,58,44.23,3.71,4.49,1.209,1.79,0.550,0.00,4.23,0.075,
22795,SWEETHEART RECIPE BOOK STAND,104,47,54.81,14.88,21.74,1.460,2.21,0.605,0.00,32.23,0.331,
22796,PHOTO FRAME 3 CLASSIC HANGING,104,59,43.27,7.68,9.73,1.266,1.76,0.584,0.00,11.85,0.148,
22797,CHEST OF DRAWERS GINGHAM HEART,104,47,54.81,2.31,4.62,2.003,2.21,0.284,0.00,2.38,0.039,
22798,ANTIQUE GLASS DRESSING TABLE POT,104,58,44.23,21.57,31.93,1.481,1.79,0.679,0.00,47.62,0.508,
22799,SWEETHEART WIRE FRUIT BOWL,104,44,57.69,2.29,4.19,1.830,2.36,0.405,0.00,3.31,0.050,
22800,ANTIQUE TALL SWIRLGLASS TRINKET POT,104,56,46.15,10.65,19.42,1.822,1.86,0.377,0.00,16.69,0.195,
22801,ANTIQUE GLASS PEDESTAL BOWL,104,57,45.19,12.27,18.28,1.490,1.82,0.477,0.00,26.00,0.295,
22802,FAUX FUR CHOCOLATE THROW,104,27,74.04,0.92,2.29,2.484,3.85,0.343,0.00,1.69,0.016,
22803,IVORY EMBROIDERED QUILT,104,19,81.73,0.57,2.13,3.755,5.47,0.045,0.00,0.15,0.005,
22804,PINK HANGING HEART T-LIGHT HOLDER,104,62,40.38,50.34,105.77,2.101,1.68,0.253,0.00,81.77,0.769,
22805,BLUE DRAWER KNOB ACRYLIC EDWARDIAN,104,59,43.27,21.09,32.04,1.519,1.76,0.297,0.00,37.69,0.487,
22806,SET OF 6 T-LIGHTS WEDDING CAKE,104,32,69.23,3.56,11.94,3.356,3.25,0.083,0.00,4.85,0.044,
22807,SET OF 6 T-LIGHTS TOADSTOOLS,104,58,44.23,12.36,19.68,1.593,1.79,0.679,0.00,12.85,0.161,
22808,SET OF 6 T-LIGHTS EASTER CHICKS,104,28,73.08,3.79,8.96,2.366,3.71,0.342,0.00,0.38,0.034,
22809,SET OF 6 T-LIGHTS SANTA,104,35,66.35,23.87,54.89,2.300,2.97,0.574,0.00,72.00,0.410,
22810,SET OF 6 T-LIGHTS SNOWMEN,104,37,64.42,21.43,47.57,2.219,2.81,0.565,0.00,52.85,0.293,
22811,SET OF 6 T-LIGHTS CACTI,104,47,54.81,9.26,27.02,2.918,2.21,0.215,0.00,35.46,0.343,
22812,PACK 3 BOXES CHRISTMAS PANETTONE,104,37,64.42,47.90,97.59,2.037,2.81,0.806,0.00,108.31,0.502,
22813,PACK 3 BOXES BIRD PANETTONE,104,63,39.42,37.54,65.48,1.744,1.65,0.433,0.00,81.00,0.586,
22814,CARD PARTY GAMES,104,60,42.31,24.23,31.91,1.317,1.73,0.385,0.00,37.92,0.531,
22815,CARD PSYCHEDELIC APPLES,104,61,41.35,32.08,40.28,1.256,1.70,0.542,0.00,61.31,0.755,
22816,CARD MOTORBIKE SANTA,104,38,63.46,63.88,118.39,1.853,2.74,0.802,0.00,229.00,1.342,
22817,CARD SUKI BIRTHDAY,104,62,40.38,32.26,39.22,1.216,1.68,0.510,0.00,53.31,0.664,
22818,CARD CHRISTMAS VILLAGE,104,39,62.50,59.47,110.03,1.850,2.67,0.791,0.00,218.15,1.366,
22819,"BIRTHDAY CARD, RETRO SPOT",104,61,41.35,31.57,41.08,1.301,1.70,0.419,0.00,67.08,0.711,
22820,GIFT BAG BIRTHDAY,104,46,55.77,13.01,26.30,2.022,2.26,0.230,0.00,9.77,0.177,
22821,GIFT BAG PSYCHEDELIC APPLES,104,56,46.15,15.86,26.06,1.643,1.86,0.547,0.00,22.23,0.332,
22822,CREAM WALL PLANTER HEART SHAPED,104,49,52.88,5.56,12.07,2.172,2.12,0.439,0.00,1.85,0.079,
22823,CHEST NATURAL WOOD 20 DRAWERS,104,15,85.58,0.52,2.52,4.853,6.93,0.003,0.00,2.23,0.016,
22824,3 TIER SWEETHEART GARDEN SHELF,104,31,70.19,0.59,1.15,1.968,3.35,0.299,0.00,0.54,0.013,
22825,DECORATIVE PLANT POT WITH FRIEZE,104,28,73.08,0.96,2.19,2.277,3.71,0.290,0.00,1.00,0.018,
22826,LOVE SEAT ANTIQUE WHITE METAL,104,24,76.92,0.56,1.30,2.328,4.33,0.417,0.00,2.46,0.023,
22827,RUSTIC SEVENTEEN DRAWER SIDEBOARD,104,23,77.88,0.48,1.11,2.318,4.52,-0.002,0.00,1.08,0.010,
22828,REGENCY MIRROR WITH SHUTTERS,104,10,90.38,0.16,0.58,3.526,10.40,-0.024,0.00,0.23,0.002,
22829,SWEETHEART WIRE WALL TIDY,104,47,54.81,2.37,3.77,1.593,2.21,0.467,0.00,1.69,0.050,
22830,UNKNOWN,104,10,90.38,1.76,12.82,7.284,10.40,0.018,0.00,0.00,-0.001,
22831,WHITE BROCANTE SOAP DISH,104,48,53.85,7.46,17.20,2.306,2.17,0.103,0.00,8.46,0.198,
22832,BROCANTE SHELF WITH HOOKS,104,40,61.54,1.78,3.83,2.155,2.60,0.299,0.00,2.62,0.037,
22833,UNKNOWN,104,8,92.31,1.16,7.91,6.801,13.00,0.008,0.00,0.00,-0.001,
22834,HAND WARMER BABUSHKA DESIGN,104,47,54.81,65.77,226.73,3.447,2.21,0.557,0.00,43.85,0.281,
22835,HOT WATER BOTTLE I AM SO POORLY,104,63,39.42,49.50,80.20,1.620,1.65,0.791,0.00,146.08,1.089,
22837,UNKNOWN,104,32,69.23,34.57,110.99,3.211,3.25,0.791,0.00,1.38,-0.056,
22838,3 TIER CAKE TIN RED AND CREAM,104,50,51.92,8.84,18.97,2.146,2.08,0.198,0.00,14.92,0.157,
22839,3 TIER CAKE TIN GREEN AND CREAM,104,59,43.27,5.53,9.00,1.628,1.76,0.209,0.00,9.92,0.114,
22840,ROUND CAKE TIN VINTAGE RED,104,58,44.23,12.64,22.14,1.751,1.79,0.371,0.00,17.08,0.200,
22841,ROUND CAKE TIN VINTAGE GREEN,104,59,43.27,7.39,12.27,1.660,1.76,0.405,0.00,11.08,0.125,
22842,BISCUIT TIN VINTAGE RED,104,57,45.19,7.87,13.37,1.700,1.82,0.534,0.00,10.77,0.130,
22843,BISCUIT TIN VINTAGE GREEN,104,53,49.04,5.73,10.90,1.903,1.96,0.397,0.00,6.92,0.101,
22844,VINTAGE CREAM DOG FOOD CONTAINER,104,59,43.27,11.63,14.29,1.229,1.76,0.497,0.00,16.46,0.270,
22845,VINTAGE CREAM CAT FOOD CONTAINER,104,59,43.27,9.42,13.27,1.409,1.76,0.408,0.00,12.62,0.205,
22846,BREAD BIN DINER STYLE RED,104,55,47.12,7.80,10.74,1.377,1.89,0.515,0.00,15.92,0.178,
22847,BREAD BIN DINER STYLE IVORY,104,50,51.92,11.09,16.20,1.461,2.08,0.574,0.00,25.54,0.283,
22848,AMAZON,104,55,47.12,3.69,6.37,1.725,1.89,0.299,0.00,3.31,0.070,
22849,BREAD BIN DINER STYLE MINT,104,41,60.58,3.88,7.29,1.881,2.54,0.462,0.00,0.08,0.051,
22850,UNKNOWN,104,2,98.08,0.15,1.10,7.176,52.00,0.490,0.00,0.00,-0.001,
22851,SET 20 NAPKINS FAIRY CAKES DESIGN,104,67,35.58,49.65,78.11,1.573,1.55,0.657,0.00,39.85,0.498,
22852,DOG BOWL VINTAGE CREAM,104,54,48.08,5.26,8.53,1.622,1.93,0.478,0.00,7.77,0.094,
22853,CAT BOWL VINTAGE CREAM,104,53,49.04,6.04,9.23,1.528,1.96,0.482,0.00,8.15,0.117,
22854,CREAM SWEETHEART EGG HOLDER,104,46,55.77,11.15,19.57,1.754,2.26,0.415,0.00,0.15,0.129,
22855,FINE WICKER HEART,104,47,54.81,46.11,73.68,1.598,2.21,0.716,0.00,0.00,0.278,
22856,ASSORTED EASTER DECORATIONS BELLS,104,21,79.81,8.43,39.94,4.736,4.95,-0.028,0.00,3.69,0.052,
22857,ASSORTED EASTER GIFT TAGS,104,22,78.85,11.83,31.72,2.682,4.73,0.459,0.00,0.92,0.133,
22858,EASTER TIN KEEPSAKE,104,23,77.88,10.91,29.55,2.707,4.52,0.424,0.00,0.23,0.125,
22859,EASTER TIN BUNNY BOUQUET,104,32,69.23,12.02,26.86,2.235,3.25,0.324,0.00,12.08,0.188,
22860,EASTER TIN CHICKS PINK DAISY,104,22,78.85,5.88,16.90,2.873,4.73,0.593,0.00,0.69,0.079,
22861,EASTER TIN CHICKS IN GARDEN,104,15,85.58,2.93,9.09,3.099,6.93,0.395,0.00,0.00,0.033,
22862,LOVE HEART NAPKIN BOX,104,19,81.73,7.29,19.29,2.647,5.47,0.784,0.00,0.00,-0.032,
22863,SOAP DISH BROCANTE,104,54,48.08,10.63,17.32,1.629,1.93,0.449,0.00,6.00,0.118,
22864,MUG AND COASTER SET RED CIRCLES,104,3,97.12,7.33,49.57,6.765,34.67,-0.022,0.00,0.00,-0.210,
22865,HAND WARMER OWL DESIGN,104,47,54.81,134.20,272.12,2.028,2.21,0.755,0.00,486.31,2.981,
22866,HAND WARMER SCOTTY DOG DESIGN,104,38,63.46,118.39,253.78,2.144,2.74,0.753,0.00,376.23,2.223,
22867,HAND WARMER BIRD DESIGN,104,39,62.50,108.33,228.74,2.112,2.67,0.836,0.00,307.00,1.769,
22868,NUMBER TILE COTTAGE GARDEN 0,104,22,78.85,1.19,5.08,4.258,4.73,-0.005,0.00,0.46,0.010,
22869,NUMBER TILE COTTAGE GARDEN 1,104,38,63.46,1.61,5.31,3.309,2.74,0.110,0.00,0.62,0.017,
22870,NUMBER TILE COTTAGE GARDEN 2,104,33,68.27,1.49,5.20,3.488,3.15,0.039,0.00,0.77,0.016,
22871,NUMBER TILE COTTAGE GARDEN 3,104,26,75.00,1.22,5.05,4.135,4.00,0.018,0.00,0.23,0.010,
22872,NUMBER TILE COTTAGE GARDEN 4,104,27,74.04,1.29,5.09,3.954,3.85,0.033,0.00,0.23,0.009,
22873,NUMBER TILE COTTAGE GARDEN 5,104,27,74.04,1.15,5.08,4.401,3.85,-0.005,0.00,0.15,0.007,
22874,NUMBER TILE COTTAGE GARDEN 6,104,17,83.65,1.21,5.19,4.288,6.12,-0.023,0.00,0.23,0.010,
22875,NUMBER TILE COTTAGE GARDEN 7,104,22,78.85,1.16,5.05,4.342,4.73,-0.014,0.00,0.08,0.008,
22876,NUMBER TILE COTTAGE GARDEN 8,104,19,81.73,1.13,5.07,4.467,5.47,0.004,0.00,0.15,0.008,
22877,NUMBER TILE COTTAGE GARDEN 9,104,19,81.73,1.23,5.24,4.256,5.47,0.046,0.00,0.23,0.008,
22878,NUMBER TILE COTTAGE GARDEN No,104,31,70.19,1.23,4.07,3.305,3.35,-0.016,0.00,0.38,0.013,
22879,NUMBER TILE VINTAGE FONT 0,104,19,81.73,0.79,3.74,4.741,5.47,-0.036,0.00,0.38,0.007,
22880,NUMBER TILE VINTAGE FONT 1,104,25,75.96,1.07,3.89,3.647,4.16,0.004,0.00,0.77,0.015,
22881,NUMBER TILE VINTAGE FONT 2,104,29,72.12,1.07,3.77,3.531,3.59,-0.007,0.00,0.77,0.016,
22882,NUMBER TILE VINTAGE FONT 3,104,33,68.27,1.20,3.95,3.288,3.15,-0.013,0.00,0.62,0.016,
22883,NUMBER TILE VINTAGE FONT 4,104,26,75.00,1.03,3.83,3.720,4.00,0.011,0.00,0.54,0.012,
22884,NUMBER TILE VINTAGE FONT 5,104,33,68.27,1.06,3.76,3.554,3.15,0.005,0.00,0.69,0.014,
22885,NUMBER TILE VINTAGE FONT 6,104,26,75.00,1.04,3.83,3.692,4.00,0.010,0.00,0.46,0.012,
22886,NUMBER TILE VINTAGE FONT 7,104,25,75.96,0.94,3.77,3.998,4.16,-0.033,0.00,0.54,0.012,
22887,NUMBER TILE VINTAGE FONT 8,104,24,76.92,0.88,3.80,4.346,4.33,-0.043,0.00,0.38,0.008,
22888,NUMBER TILE VINTAGE FONT 9,104,19,81.73,0.75,3.62,4.830,5.47,-0.037,0.00,0.46,0.010,
22889,NUMBER TILE VINTAGE FONT No,104,25,75.96,1.88,10.34,5.515,4.16,-0.023,0.00,0.92,0.013,
22890,NOVELTY BISCUITS CAKE STAND 3 TIER,104,57,45.19,7.63,17.66,2.313,1.82,0.654,0.00,8.00,0.070,
22891,TEA FOR ONE POLKADOT,104,54,48.08,6.10,10.31,1.691,1.93,0.591,0.00,8.85,0.086,
22892,SET OF SALT AND PEPPER TOADSTOOLS,104,57,45.19,33.85,47.50,1.403,1.82,0.606,0.00,39.38,0.578,
22893,MINI CAKE STAND T-LIGHT HOLDER,104,54,48.08,25.90,53.50,2.065,1.93,0.359,0.00,27.46,0.422,
22894,TABLECLOTH RED APPLES DESIGN,104,54,48.08,5.86,13.84,2.364,1.93,0.547,0.00,2.77,0.046,
22895,SET OF 2 TEA TOWELS APPLE AND PEARS,104,63,39.42,37.77,105.19,2.785,1.65,0.174,0.00,37.31,0.342,
22896,PEG BAG APPLES DESIGN,104,62,40.38,21.72,36.40,1.676,1.68,0.394,0.00,16.46,0.300,
22897,OVEN MITT APPLES DESIGN,104,62,40.38,20.63,31.97,1.550,1.68,0.580,0.00,33.85,0.320,
22898,CHILDRENS APRON APPLES DESIGN,104,62,40.38,31.60,42.12,1.333,1.68,0.523,0.00,62.69,0.670,
22899,CHILDREN'S APRON DOLLY GIRL,104,61,41.35,25.74,35.98,1.398,1.70,0.362,0.00,55.00,0.572,
22900,SET 2 TEA TOWELS I LOVE LONDON,104,62,40.38,58.90,91.68,1.556,1.68,0.398,0.00,82.00,1.151,
22902,TOTE BAG I LOVE LONDON,104,58,44.23,18.39,32.40,1.762,1.79,0.226,0.00,25.77,0.296,
22903,CALENDAR FAMILY FAVOURITES,104,37,64.42,7.10,27.72,3.906,2.81,0.381,0.00,6.15,0.024,
22904,CALENDAR PAPER CUT DESIGN,104,60,42.31,33.34,59.88,1.796,1.73,0.569,0.00,41.62,0.450,
22905,CALENDAR IN SEASON DESIGN,104,48,53.85,9.50,22.25,2.342,2.17,0.307,0.00,22.38,0.148,
22906,12 MESSAGE CARDS WITH ENVELOPES,104,61,41.35,31.17,54.67,1.754,1.70,0.705,0.00,37.85,0.365,
22907,PACK OF 20 NAPKINS PANTRY DESIGN,104,63,39.42,82.25,101.36,1.232,1.65,0.595,0.00,106.15,1.629,
22908,PACK OF 20 NAPKINS RED APPLES,104,61,41.35,53.68,85.38,1.591,1.70,0.420,0.00,49.00,0.894,
22909,SET OF 20 VINTAGE CHRISTMAS NAPKINS,104,51,50.96,169.62,319.59,1.884,2.04,0.778,0.00,477.69,2.805,
22910,PAPER CHAIN KIT VINTAGE CHRISTMAS,104,49,52.88,182.81,322.04,1.762,2.12,0.806,0.00,557.15,3.416,
22911,PAPER CHAIN KIT LONDON,104,54,48.08,8.14,17.27,2.120,1.93,0.314,0.00,11.92,0.105,
22912,YELLOW COAT RACK PARIS FASHION,104,46,55.77,3.01,7.90,2.623,2.26,0.165,0.00,2.85,0.065,
22913,RED COAT RACK PARIS FASHION,104,45,56.73,4.31,13.08,3.035,2.31,0.259,0.00,2.15,0.079,
22914,BLUE COAT RACK PARIS FASHION,104,50,51.92,5.43,13.62,2.506,2.08,0.339,0.00,3.08,0.101,
22915,ASSORTED BOTTLE TOP MAGNETS,104,48,53.85,27.28,49.14,1.801,2.17,0.321,0.00,47.69,0.683,
22916,HERB MARKER THYME,104,53,49.04,18.42,34.84,1.891,1.96,0.339,0.00,15.54,0.465,
22917,HERB MARKER ROSEMARY,104,52,50.00,18.80,35.55,1.891,2.00,0.338,0.00,16.54,0.474,
22918,HERB MARKER PARSLEY,104,52,50.00,18.06,34.44,1.907,2.00,0.337,0.00,15.85,0.461,
22919,HERB MARKER MINT,104,51,50.96,16.99,29.78,1.753,2.04,0.534,0.00,14.31,0.411,
22920,HERB MARKER BASIL,104,48,53.85,33.04,158.21,4.789,2.17,0.032,0.00,14.85,0.893,
22921,HERB MARKER CHIVES,104,48,53.85,16.71,33.35,1.996,2.17,0.322,0.00,16.85,0.433,
22922,FRIDGE MAGNETS US DINER ASSORTED,104,41,60.58,19.64,38.95,1.983,2.54,0.473,0.00,35.77,0.436,
22923,FRIDGE MAGNETS LES ENFANTS ASSORTED,104,38,63.46,14.82,30.87,2.083,2.74,0.239,0.00,27.92,0.377,
22924,FRIDGE MAGNETS LA VIE EN ROSE,104,42,59.62,13.96,30.01,2.150,2.48,0.183,0.00,36.00,0.387,
22925,AMAZON,104,48,53.85,4.71,8.67,1.840,2.17,0.544,0.00,5.08,0.112,
22926,IVORY GIANT GARDEN THERMOMETER,104,25,75.96,6.54,14.88,2.275,4.16,0.631,0.00,0.00,0.071,
22927,GREEN GIANT GARDEN THERMOMETER,104,41,60.58,4.49,8.84,1.968,2.54,0.479,0.00,1.92,0.094,
22928,YELLOW GIANT GARDEN THERMOMETER,104,41,60.58,2.72,6.49,2.384,2.54,0.374,0.00,7.92,0.091,
22929,SCHOOL DESK AND CHAIR,104,12,88.46,0.22,0.72,3.271,8.67,-0.003,0.00,0.46,0.005,
22930,BAKING MOULD HEART MILK CHOCOLATE,104,48,53.85,10.51,24.62,2.343,2.17,0.244,0.00,14.31,0.221,
22931,BAKING MOULD HEART WHITE CHOCOLATE,104,40,61.54,7.67,22.70,2.958,2.60,0.369,0.00,3.69,0.099,
22932,BAKING MOULD TOFFEE CUP CHOCOLATE,104,37,64.42,8.35,28.75,3.445,2.81,0.036,0.00,2.54,0.124,
22933,BAKING MOULD EASTER EGG MILK CHOC,104,25,75.96,9.02,33.79,3.747,4.16,0.253,0.00,0.31,0.117,
22934,BAKING MOULD EASTER EGG WHITE CHOC,104,25,75.96,5.66,15.51,2.738,4.16,0.501,0.00,0.69,0.071,
22935,BAKING MOULD ROSE MILK CHOCOLATE,104,34,67.31,6.58,18.63,2.833,3.06,0.227,0.00,1.69,0.104,
22936,BAKING MOULD ROSE WHITE CHOCOLATE,104,28,73.08,2.62,10.63,4.048,3.71,0.089,0.00,1.38,0.043,
22937,BAKING MOULD CHOCOLATE CUPCAKES,104,40,61.54,9.21,18.57,2.016,2.60,0.503,0.00,8.23,0.159,
22938,CUPCAKE LACE PAPER SET 6,104,60,42.31,35.42,54.20,1.530,1.73,0.477,0.00,50.38,0.593,
22939,ADULT APRON APPLE DELIGHT,104,54,48.08,6.73,13.45,1.999,1.93,0.521,0.00,8.46,0.100,
22940,FELTCRAFT CHRISTMAS FAIRY,104,47,54.81,33.29,62.61,1.881,2.21,0.524,0.00,87.54,0.645,
22941,CHRISTMAS LIGHTS 10 REINDEER,104,31,70.19,24.02,61.77,2.572,3.35,0.384,0.00,97.31,0.626,
22942,CHRISTMAS LIGHTS 10 SANTAS,104,24,76.92,10.62,29.36,2.766,4.33,0.653,0.00,32.62,0.175,
22943,CHRISTMAS LIGHTS 10 VINTAGE BAUBLES,104,39,62.50,22.98,59.75,2.600,2.67,0.443,0.00,73.23,0.424,
22944,CHRISTMAS METAL POSTCARD WITH BELLS,104,29,72.12,45.79,116.58,2.546,3.59,0.651,0.00,246.85,1.476,
22945,CHRISTMAS METAL TAGS ASSORTED,104,44,57.69,73.36,152.92,2.085,2.36,0.742,0.00,150.69,0.937,
22946,WOODEN ADVENT CALENDAR CREAM,104,43,58.65,9.37,19.63,2.096,2.42,0.541,0.00,22.31,0.153,
22947,UNKNOWN,104,33,68.27,9.77,27.04,2.767,3.15,0.770,0.00,54.69,0.352,
22948,METAL DECORATION NAUGHTY CHILDREN,104,55,47.12,20.42,29.92,1.465,1.89,0.419,0.00,33.15,0.413,
22949,SET OF 36 DOLLY GIRL PAPER DOILIES,104,56,46.15,19.32,55.62,2.879,1.86,0.106,0.00,16.77,0.126,
22950,36 DOILIES VINTAGE CHRISTMAS,104,31,70.19,90.24,227.72,2.523,3.35,0.669,0.00,221.77,1.728,
22951,60 CAKE CASES DOLLY GIRL DESIGN,104,63,39.42,105.04,141.96,1.351,1.65,0.343,0.00,189.08,1.930,
22952,60 CAKE CASES VINTAGE CHRISTMAS,104,50,51.92,321.49,607.81,1.891,2.08,0.710,0.00,891.54,5.340,
22953,BIRTHDAY PARTY CORDON BARRIER TAPE,104,45,56.73,7.30,19.01,2.605,2.31,0.245,0.00,7.15,0.106,
22954,HEN PARTY CORDON BARRIER TAPE,104,35,66.35,2.29,5.27,2.305,2.97,0.067,0.00,2.77,0.054,
22955,36 FOIL STAR CAKE CASES,104,47,54.81,14.74,35.16,2.385,2.21,0.150,0.00,33.00,0.346,
22956,36 FOIL HEART CAKE CASES,104,54,48.08,23.47,46.79,1.993,1.93,0.129,0.00,26.08,0.482,
22957,SET 3 PAPER VINTAGE CHICK PAPER EGG,104,17,83.65,17.07,46.92,2.749,6.12,0.735,0.00,0.46,0.212,
22959,WRAP CHRISTMAS VILLAGE,104,33,68.27,92.67,191.20,2.063,3.15,0.770,0.00,311.62,1.907,
22960,JAM MAKING SET WITH JARS,104,53,49.04,85.69,110.42,1.289,1.96,0.570,0.00,195.38,2.420,
22961,JAM MAKING SET PRINTED,104,55,47.12,157.90,211.64,1.340,1.89,0.628,0.00,367.62,4.312,
22962,JAM JAR WITH PINK LID,104,52,50.00,42.61,83.97,1.971,2.00,0.314,0.00,57.54,0.814,
22963,JAM JAR WITH GREEN LID,104,55,47.12,36.29,70.18,1.934,1.89,0.352,0.00,43.69,0.693,
22964,3 PIECE SPACEBOY COOKIE CUTTER SET,104,54,48.08,25.72,48.47,1.884,1.93,0.289,0.00,53.31,0.642,
22965,3 TRADITIONAl BISCUIT CUTTERS SET,104,54,48.08,17.56,39.90,2.272,1.93,0.415,0.00,29.38,0.372,
22966,GINGERBREAD MAN COOKIE CUTTER,104,51,50.96,77.02,117.23,1.522,2.04,0.482,0.00,211.38,2.156,
22967,SET 3 SONG BIRD PAPER EGGS ASSORTED,104,18,82.69,11.20,33.87,3.024,5.78,0.438,0.00,0.00,0.141,
22968,ROSE COTTAGE KEEPSAKE BOX,104,50,51.92,11.09,23.49,2.119,2.08,0.510,0.00,4.31,0.122,
22969,HOMEMADE JAM SCENTED CANDLES,104,54,48.08,137.57,250.92,1.824,1.93,0.344,0.00,262.46,3.166,
22970,LONDON BUS COFFEE MUG,104,49,52.88,41.00,75.10,1.832,2.12,0.432,0.00,74.00,1.132,
22971,QUEENS GUARD COFFEE MUG,104,49,52.88,23.10,36.78,1.593,2.12,0.446,0.00,37.92,0.621,
22972,CHILDREN'S SPACEBOY MUG,104,49,52.88,17.80,26.88,1.511,2.12,0.498,0.00,33.85,0.437,
22973,CHILDREN'S CIRCUS PARADE MUG,104,50,51.92,12.47,21.76,1.745,2.08,0.406,0.00,20.85,0.280,
22974,CHILDRENS DOLLY GIRL MUG,104,49,52.88,15.67,28.12,1.794,2.12,0.292,0.00,24.00,0.338,
22975,SPACEBOY CHILDRENS EGG CUP,104,48,53.85,11.81,18.16,1.538,2.17,0.514,0.00,16.08,0.269,
22976,CIRCUS PARADE CHILDRENS EGG CUP,104,48,53.85,10.59,16.92,1.599,2.17,0.629,0.00,11.85,0.209,
22977,DOLLY GIRL CHILDRENS EGG CUP,104,42,59.62,9.57,18.00,1.882,2.48,0.444,0.00,8.46,0.173,
22978,PANTRY ROLLING PIN,104,42,59.62,23.62,78.12,3.307,2.48,0.083,0.00,77.08,0.837,
22979,PANTRY WASHING UP BRUSH,104,40,61.54,38.84,90.27,2.324,2.60,0.254,0.00,111.23,1.339,
22980,PANTRY SCRUBBING BRUSH,104,41,60.58,22.65,44.96,1.985,2.54,0.827,0.00,30.62,0.615,
22981,PANTRY APPLE CORER,104,34,67.31,4.48,16.48,3.678,3.06,0.123,0.00,7.31,0.140,
22982,PANTRY PASTRY BRUSH,104,39,62.50,10.87,20.99,1.932,2.67,0.681,0.00,19.54,0.318,
22983,CARD BILLBOARD FONT,104,63,39.42,63.62,78.85,1.239,1.65,0.391,0.00,112.77,1.364,
22984,CARD GINGHAM ROSE,104,62,40.38,32.08,45.95,1.433,1.68,0.347,0.00,52.23,0.732,
22985,WRAP BILLBOARD FONTS DESIGN,104,57,45.19,45.16,94.75,2.098,1.82,0.139,0.00,44.23,0.754,
22986,WRAP GINGHAM ROSE,104,61,41.35,54.76,75.65,1.381,1.70,0.399,0.00,76.92,1.009,
22987,WRAP SUMMER ROSE DESIGN,104,11,89.42,2.42,7.40,3.055,9.45,0.223,0.00,0.15,0.024,
22988,SOLDIERS EGG CUP,104,45,56.73,86.30,151.88,1.760,2.31,0.307,0.00,172.92,2.453,
22989,SET 2 PANTRY DESIGN TEA TOWELS,104,44,57.69,26.71,56.74,2.124,2.36,0.328,0.00,42.54,0.783,
22990,COTTON APRON PANTRY DESIGN,104,44,57.69,5.04,12.70,2.521,2.36,0.280,0.00,7.85,0.131,
22991,GIRAFFE WOODEN RULER,104,41,60.58,36.80,87.94,2.390,2.54,0.405,0.00,117.85,1.368,
22992,REVOLVER WOODEN RULER,104,41,60.58,49.63,106.75,2.151,2.54,0.447,0.00,172.54,1.899,
22993,SET OF 4 PANTRY JELLY MOULDS,104,42,59.62,117.71,166.91,1.418,2.48,0.739,0.00,318.46,4.085,
22994,TRAVEL CARD WALLET RETROSPOT,104,42,59.62,20.28,33.19,1.637,2.48,0.635,0.00,60.62,0.690,
22995,TRAVEL CARD WALLET SUKI,104,42,59.62,22.41,37.79,1.686,2.48,0.469,0.00,46.31,0.717,
22996,TRAVEL CARD WALLET VINTAGE TICKET,104,42,59.62,45.29,81.37,1.797,2.48,0.391,0.00,115.85,1.531,
22997,TRAVEL CARD WALLET UNION JACK,104,41,60.58,24.17,36.02,1.490,2.54,0.596,0.00,67.46,0.857,
22998,TRAVEL CARD WALLET KEEP CALM,104,42,59.62,117.38,201.24,1.714,2.48,0.481,0.00,346.54,4.267,
22999,TRAVEL CARD WALLET VINTAGE LEAF,104,42,59.62,27.17,57.53,2.117,2.48,0.288,0.00,58.08,0.881,
23000,TRAVEL CARD WALLET TRANSPORT,104,42,59.62,29.90,44.66,1.493,2.48,0.647,0.00,84.92,1.041,
23001,TRAVEL CARD WALLET DOTCOMGIFTSHOP,104,1,99.04,1.92,19.61,10.198,104.00,-0.010,0.00,0.00,0.065,
23002,TRAVEL CARD WALLET SKULLS,104,42,59.62,19.76,37.03,1.874,2.48,0.317,0.00,68.08,0.722,
23003,TRAVEL CARD WALLET VINTAGE ROSE,104,16,84.62,5.21,21.81,4.185,6.50,0.079,0.00,0.00,0.105,
23004,TRAVEL CARD WALLET PANTRY,104,42,59.62,18.45,28.60,1.550,2.48,0.629,0.00,55.46,0.669,
23005,TRAVEL CARD WALLET I LOVE LONDON,104,27,74.04,44.96,105.15,2.339,3.85,0.574,0.00,204.85,2.012,
23006,TRAVEL CARD WALLET FLOWER MEADOW,104,41,60.58,16.87,29.90,1.773,2.54,0.479,0.00,39.38,0.519,
23007,SPACEBOY BABY GIFT SET,104,37,64.42,4.69,9.52,2.028,2.81,0.538,0.00,13.31,0.154,
23008,DOLLY GIRL BABY GIFT SET,104,36,65.38,4.13,9.06,2.192,2.89,0.447,0.00,8.31,0.124,
23009,I LOVE LONDON BABY GIFT SET,104,37,64.42,2.48,5.27,2.124,2.81,0.288,0.00,9.38,0.095,
23010,CIRCUS PARADE BABY GIFT SET,104,35,66.35,3.03,7.27,2.400,2.97,0.590,0.00,6.46,0.092,
23012,GLASS APOTHECARY BOTTLE PERFUME,104,25,75.96,10.08,20.40,2.024,4.16,0.881,0.00,55.08,0.466,
23013,GLASS APOTHECARY BOTTLE TONIC,104,25,75.96,8.71,17.97,2.063,4.16,0.796,0.00,47.85,0.403,
23014,GLASS APOTHECARY BOTTLE ELIXIR,104,24,76.92,8.13,16.69,2.052,4.33,0.740,0.00,40.15,0.363,
23015,CORDIAL GLASS JUG,104,14,86.54,0.38,1.26,3.267,7.43,0.452,0.00,0.85,0.016,
23016,GLASS TWIST BON BON JAR,104,14,86.54,0.69,2.18,3.151,7.43,0.277,0.00,3.77,0.031,
23017,APOTHECARY MEASURING JAR,104,16,84.62,0.62,1.86,3.015,6.50,0.249,0.00,2.69,0.026,
23018,LARGE APOTHECARY MEASURING JAR,104,13,87.50,0.49,1.89,3.844,8.00,0.095,0.00,1.38,0.020,
23019,SMALL APOTHECARY MEASURING JAR,104,17,83.65,0.77,2.38,3.097,6.12,0.277,0.00,2.54,0.032,
23020,GLASS SONGBIRD STORAGE JAR,104,25,75.96,1.71,3.96,2.314,4.16,0.609,0.00,6.23,0.073,
23021,GLASS BONNE JAM JAR,104,15,85.58,1.12,3.67,3.294,6.93,0.326,0.00,5.38,0.049,
23022,SMALL BONNE JAM JAR T-LIGHT HOLDER,104,14,86.54,3.93,14.25,3.624,7.43,0.117,0.00,14.69,0.165,
23023,RIDGED BONNE JAM JAR T-LIGHT HOLDER,104,14,86.54,2.58,8.37,3.250,7.43,0.192,0.00,10.85,0.114,
23024,LARGE BONNE JAM JAR T-LIGHT HOLDER,104,9,91.35,2.45,12.06,4.919,11.56,0.023,0.00,8.62,0.099,
23025,DRAWER KNOB VINTAGE GLASS BALL,104,20,80.77,3.37,8.56,2.543,5.20,0.598,0.00,18.69,0.152,
23026,DRAWER KNOB VINTAGE GLASS STAR,104,24,76.92,5.29,13.55,2.562,4.33,0.340,0.00,19.31,0.220,
23027,DRAWER KNOB VINTAGE GLASS HEXAGON,104,18,82.69,2.84,9.85,3.474,5.78,0.372,0.00,16.46,0.133,
23028,DRAWER KNOB CRACKLE GLAZE BLUE,104,21,79.81,13.16,35.75,2.716,4.95,0.650,0.00,30.00,0.501,
23029,DRAWER KNOB CRACKLE GLAZE GREEN,104,25,75.96,12.75,27.35,2.145,4.16,0.707,0.00,51.92,0.540,
23031,DRAWER KNOB CRACKLE GLAZE PINK,104,25,75.96,12.07,26.24,2.175,4.16,0.702,0.00,55.00,0.521,
23032,DRAWER KNOB CRACKLE GLAZE IVORY,104,24,76.92,22.38,48.95,2.187,4.33,0.669,0.00,90.85,0.945,
23033,DRAWER KNOB CERAMIC RED,104,24,76.92,6.86,20.62,3.008,4.33,0.292,0.00,34.15,0.305,
23034,DRAWER KNOB CERAMIC BLACK,104,24,76.92,9.37,24.26,2.591,4.33,0.462,0.00,40.23,0.400,
23035,DRAWER KNOB CERAMIC IVORY,104,25,75.96,20.59,44.71,2.172,4.16,0.654,0.00,84.23,0.900,
23036,T-LIGHT HOLDER SILVER PETIT FOUR,104,12,88.46,1.65,5.80,3.507,8.67,0.181,0.00,8.62,0.078,
23037,CANDLE HOLDER SILVER MADELINE,104,11,89.42,1.76,6.17,3.504,9.45,0.127,0.00,8.54,0.080,
23038,T-LIGHT HOLDER SILVER SAUCER,104,6,94.23,0.39,2.04,5.164,17.33,0.299,0.00,0.38,0.016,
23039,T-LIGHT HOLDER SILVER HEART HANDLE,104,13,87.50,1.86,6.46,3.483,8.00,0.422,0.00,9.00,0.086,
23040,PAPER LANTERN 9 POINT SNOW STAR,104,20,80.77,2.28,12.34,5.416,5.20,0.088,0.00,15.62,0.107,
23041,PAPER LANTERN 9 POINT SNOW STAR,104,24,76.92,2.51,6.56,2.616,4.33,0.488,0.00,13.85,0.112,
23042,PAPER LANTERN 7 POINT SNOW STAR,104,17,83.65,0.97,3.10,3.194,6.12,0.365,0.00,5.85,0.044,
23043,PAPER LANTERN 9 POINT HOLLY STAR L,104,12,88.46,0.74,2.54,3.434,8.67,0.545,0.00,4.77,0.034,
23044,PAPER LANTERN 9 POINT HOLLY STAR S,104,17,83.65,0.97,3.07,3.158,6.12,0.122,0.00,4.62,0.040,
23045,PAPER LANTERN 5 POINT STAR MOON,104,15,85.58,1.12,4.24,3.764,6.93,0.289,0.00,7.38,0.052,
23046,PAPER LANTERN 9 POINT DELUXE STAR,104,20,80.77,3.34,24.21,7.257,5.20,0.043,0.00,24.23,0.159,
23047,PAPER LANTERN 5 POINT SEQUIN STAR,104,19,81.73,0.56,1.45,2.595,5.47,0.331,0.00,2.15,0.022,
23048,SET OF 10 LANTERNS FAIRY LIGHT STAR,104,28,73.08,5.49,21.93,3.994,3.71,0.146,0.00,33.38,0.250,
23049,RECYCLED ACAPULCO MAT RED,104,40,61.54,4.38,8.33,1.901,2.60,0.637,0.00,4.38,0.131,
23050,RECYCLED ACAPULCO MAT GREEN,104,39,62.50,4.74,8.15,1.719,2.67,0.790,0.00,4.85,0.145,
23051,RECYCLED ACAPULCO MAT BLUE,104,37,64.42,3.47,6.40,1.844,2.81,0.712,0.00,2.38,0.102,
23052,RECYCLED ACAPULCO MAT TURQUOISE,104,40,61.54,6.23,11.15,1.790,2.60,0.731,0.00,4.69,0.183,
23053,RECYCLED ACAPULCO MAT PINK,104,35,66.35,3.44,7.19,2.088,2.97,0.557,0.00,2.62,0.098,
23054,RECYCLED ACAPULCO MAT LAVENDER,104,34,67.31,2.80,5.12,1.831,3.06,0.768,0.00,2.08,0.082,
23055,IVORY CHANDELIER T-LIGHT HOLDER,104,21,79.81,6.32,36.84,5.831,4.95,-0.022,0.00,46.38,0.320,
23056,FLOWERS CHANDELIER T-LIGHT HOLDER,104,23,77.88,9.26,61.05,6.593,4.52,-0.015,0.00,67.92,0.465,
23057,BEADED CHANDELIER T-LIGHT HOLDER,104,23,77.88,7.43,37.18,5.002,4.52,-0.027,0.00,47.92,0.350,
23058,CHRISTMAS HANGING SNOWFLAKE,104,12,88.46,4.11,15.73,3.831,8.67,0.621,0.00,32.85,0.219,
23060,HEART BEADED TRELLIS DECORATION,104,21,79.81,2.20,5.97,2.711,4.95,0.127,0.00,8.92,0.088,
23061,VINTAGE EMBOSSED HEART,104,32,69.23,9.58,17.89,1.868,3.25,0.713,0.00,22.00,0.347,
23064,CINDERELLA CHANDELIER,104,16,84.62,2.12,12.52,5.890,6.50,0.469,0.00,15.31,0.105,
23065,LARGE DECO JEWELLERY STAND,104,28,73.08,2.62,7.05,2.687,3.71,0.329,0.00,4.31,0.090,
23066,SMALL DECO JEWELLERY STAND,104,24,76.92,2.49,7.39,2.967,4.33,0.305,0.00,3.92,0.085,
23067,HANGING ENGRAVED METAL HEART,104,30,71.15,2.81,6.43,2.289,3.47,0.515,0.00,9.46,0.107,
23068,ALUMINIUM STAMPED HEART,104,33,68.27,7.69,15.97,2.076,3.15,0.557,0.00,26.08,0.292,
23069,EDWARDIAN PHOTO FRAME,104,21,79.81,0.85,1.97,2.328,4.95,0.388,0.00,3.23,0.035,
23070,EDWARDIAN HEART PHOTO FRAME,104,24,76.92,1.53,3.63,2.371,4.33,0.360,0.00,5.77,0.062,
23071,MARIE ANTOINETTE TRINKET BOX GOLD,104,14,86.54,3.03,21.76,7.183,7.43,0.004,0.00,21.46,0.146,
23072,MARIE ANTOINETTE TRINKET BOX SILVER,104,16,84.62,3.21,23.98,7.467,6.50,0.007,0.00,24.23,0.160,
23073,GEORGIAN TRINKET BOX,104,25,75.96,1.38,3.95,2.876,4.16,0.175,0.00,6.31,0.057,
23074,EMBOSSED HEART TRINKET BOX,104,13,87.50,2.26,7.61,3.368,8.00,0.668,0.00,18.08,0.116,
23075,PARLOUR CERAMIC WALL HOOK,104,30,71.15,4.37,9.76,2.237,3.47,0.263,0.00,12.92,0.168,
23076,ICE CREAM SUNDAE LIP GLOSS,104,36,65.38,76.46,126.00,1.648,2.89,0.723,0.00,241.62,2.870,
23077,DOUGHNUT LIP GLOSS,104,37,64.42,95.48,165.42,1.732,2.81,0.759,0.00,399.00,3.929,
23078,ICE CREAM PEN LIP GLOSS,104,37,64.42,65.40,108.72,1.662,2.81,0.696,0.00,189.38,2.412,
23079,TOADSTOOL BEDSIDE LIGHT,104,29,72.12,2.37,4.99,2.109,3.59,0.593,0.00,8.92,0.097,
23080,RED METAL BOX TOP SECRET,104,30,71.15,8.12,19.98,2.462,3.47,0.659,0.00,44.23,0.374,
23081,GREEN METAL BOX ARMY SUPPLIES,104,30,71.15,4.43,11.70,2.640,3.47,0.351,0.00,24.62,0.200,
23082,SET 6 PAPER TABLE LANTERN HEARTS,104,30,71.15,21.53,42.81,1.988,3.47,0.679,0.00,94.54,0.910,
23083,SET 6 PAPER TABLE LANTERN STARS,104,29,72.12,17.76,42.90,2.416,3.59,0.782,0.00,112.54,0.852,
23084,RABBIT NIGHT LIGHT,104,30,71.15,273.75,910.66,3.327,3.47,0.650,0.00,1764.85,13.753,
23085,ANTIQUE SILVER BAUBLE LAMP,104,20,80.77,3.52,9.92,2.818,5.20,0.676,0.00,25.77,0.174,
23086,ZINC STAR T-LIGHT HOLDER,104,22,78.85,11.60,37.50,3.234,4.73,0.244,0.00,45.38,0.501,
23087,ZINC HEART T-LIGHT HOLDER,104,24,76.92,8.27,22.52,2.724,4.33,0.295,0.00,30.77,0.332,
23088,ZINC HEART FLOWER T-LIGHT HOLDER,104,25,75.96,7.35,18.93,2.576,4.16,0.411,0.00,20.85,0.277,
23089,GLASS BON BON JAR,104,30,71.15,22.04,60.46,2.743,3.47,0.266,0.00,89.31,0.915,
23090,VINTAGE GLASS T-LIGHT HOLDER,104,27,74.04,18.80,43.14,2.295,3.85,0.519,0.00,97.08,0.842,
23091,ZINC HERB GARDEN CONTAINER,104,27,74.04,5.60,12.44,2.223,3.85,0.838,0.00,8.38,0.191,
23092,LARGE ANTIQUE WHITE PHOTO FRAME,104,28,73.08,4.84,17.48,3.615,3.71,0.166,0.00,22.62,0.200,
23093,SMALL PARISIENNE HEART PHOTO FRAME,104,30,71.15,8.94,23.25,2.600,3.47,0.340,0.00,29.38,0.343,
23094,LE GRAND TRAY CHIC SET,104,29,72.12,1.46,3.52,2.406,3.59,0.418,0.00,3.38,0.054,
23096,PETIT TRAY CHIC,104,29,72.12,9.90,24.59,2.483,3.59,0.569,0.00,49.54,0.430,
23099,FRENCH CARRIAGE LANTERN,104,24,76.92,1.26,3.06,2.431,4.33,0.393,0.00,3.31,0.048,
23100,SILVER BELLS TABLE DECORATION,104,29,72.12,20.18,44.84,2.222,3.59,0.898,0.00,120.31,0.936,
23101,SILVER STARS TABLE DECORATION,104,27,74.04,19.38,44.69,2.306,3.85,0.739,0.00,115.62,0.894,
23102,SILVER HEARTS TABLE DECORATION,104,27,74.04,12.25,27.51,2.246,3.85,0.611,0.00,48.46,0.496,
23103,JINGLE BELL HEART DECORATION,104,30,71.15,38.33,81.62,2.130,3.47,0.845,0.00,207.62,1.723,
23104,IVORY CAFE HANGING LAMP,104,23,77.88,1.12,3.92,3.517,4.52,0.652,0.00,5.00,0.051,
23106,ZINC HEARTS PLANT POT HOLDER,104,24,76.92,2.58,6.00,2.327,4.33,0.343,0.00,6.46,0.098,
23107,WHITE HEARTS WIRE PLANT POT HOLDER,104,26,75.00,3.17,8.43,2.656,4.00,0.601,0.00,10.54,0.119,
23108,SET OF 10 LED DOLLY LIGHTS,104,30,71.15,20.92,58.78,2.809,3.47,0.227,0.00,98.92,0.871,
23109,PACK OF SIX LED TEA LIGHTS,104,29,72.12,21.28,44.91,2.111,3.59,0.720,0.00,103.69,0.936,
23110,PARISIENNE KEY CABINET,104,30,71.15,6.59,12.62,1.917,3.47,0.738,0.00,20.54,0.262,
23111,PARISIENNE SEWING BOX,104,29,72.12,2.65,7.18,2.707,3.59,0.429,0.00,10.62,0.106,
23112,PARISIENNE CURIO CABINET,104,30,71.15,5.02,9.34,1.860,3.47,0.743,0.00,14.46,0.193,
23113,PANTRY CHOPPING BOARD,104,12,88.46,11.02,94.66,8.591,8.67,0.006,0.00,88.15,0.516,
23114,VINTAGE LEAF CHOPPING BOARD,104,10,90.38,1.33,5.84,4.404,10.40,0.387,0.00,10.62,0.068,
23115,RED APPLES CHOPPING BOARD,104,10,90.38,1.40,5.45,3.881,10.40,0.514,0.00,11.23,0.074,
23116,VEGETABLE GARDEN CHOPPING BOARD,104,10,90.38,0.72,4.07,5.642,10.40,0.268,0.00,5.77,0.038,
23117,POPPY FIELDS CHOPPING BOARD,104,10,90.38,0.88,3.04,3.470,10.40,0.732,0.00,7.00,0.046,
23118,PARISIENNE JEWELLERY DRAWER,104,30,71.15,7.21,16.87,2.339,3.47,0.435,0.00,26.23,0.291,
23119,PACK OF 6 LARGE FRUIT STRAWS,104,25,75.96,21.87,62.18,2.844,4.16,0.834,0.00,46.46,0.840,
23120,PACK OF 6 SMALL FRUIT STRAWS,104,24,76.92,16.18,52.31,3.233,4.33,0.706,0.00,39.69,0.632,
23121,PACK OF 6 COCKTAIL PARASOL STRAWS,104,24,76.92,24.04,78.57,3.269,4.33,0.737,0.00,44.46,0.921,
23122,PARTY CHARMS 50 PIECES,104,24,76.92,21.48,73.66,3.429,4.33,0.600,0.00,34.38,0.836,
23123,COCKTAIL SWORDS 50 PIECES,104,23,77.88,8.86,31.60,3.568,4.52,0.084,0.00,26.69,0.363,
23124,18PC WOODEN CUTLERY SET DISPOSABLE,104,15,85.58,5.45,28.40,5.209,6.93,0.097,0.00,2.08,0.195,
23125,6PC WOOD PLATE SET DISPOSABLE,104,17,83.65,4.41,30.91,7.003,6.12,0.013,0.00,2.23,0.161,
23126,FELTCRAFT GIRL AMELIE KIT,104,40,61.54,10.36,20.36,1.966,2.60,0.424,0.00,41.46,0.397,
23127,FELTCRAFT GIRL NICOLE KIT,104,39,62.50,6.80,12.73,1.872,2.67,0.505,0.00,23.69,0.253,
23128,FELTCRAFT BOY JEAN-PAUL KIT,104,38,63.46,4.17,8.42,2.018,2.74,0.328,0.00,11.15,0.142,
23129,HEART SHAPED HOLLY WREATH,104,25,75.96,9.11,24.97,2.743,4.16,0.806,0.00,67.23,0.441,
23130,MISTLETOE HEART WREATH GREEN,104,28,73.08,9.25,22.12,2.391,3.71,0.717,0.00,57.92,0.434,
23131,MISTLETOE HEART WREATH CREAM,104,32,69.23,9.49,31.99,3.371,3.25,0.271,0.00,34.54,0.395,
23132,SMALL IVORY HEART WALL ORGANISER,104,31,70.19,9.78,26.05,2.664,3.35,0.520,0.00,55.31,0.439,
23133,LARGE IVORY HEART WALL ORGANISER,104,32,69.23,7.40,23.34,3.152,3.25,0.191,0.00,41.15,0.328,
23134,UNKNOWN,104,18,82.69,11.28,58.32,5.171,5.78,0.117,0.00,0.23,0.365,
23135,SMALL ZINC HEART WALL ORGANISER,104,22,78.85,15.88,71.66,4.514,4.73,0.052,0.00,5.00,0.574,
23136,IVORY WIRE SWEETHEART LETTER TRAY,104,21,79.81,1.26,3.27,2.594,4.95,0.266,0.00,2.85,0.045,
23137,ZINC WIRE SWEETHEART LETTER TRAY,104,13,87.50,0.67,3.08,4.575,8.00,0.005,0.00,1.38,0.022,
23138,SINGLE WIRE HOOK IVORY HEART,104,33,68.27,8.43,29.52,3.500,3.15,0.302,0.00,8.92,0.306,
23139,SINGLE WIRE HOOK PINK HEART,104,21,79.81,3.67,24.62,6.703,4.95,0.086,0.00,2.92,0.144,
23140,TRIPLE WIRE HOOK IVORY HEART,104,25,75.96,1.75,5.12,2.924,4.16,0.344,0.00,2.46,0.058,
23141,TRIPLE WIRE HOOK PINK HEART,104,15,85.58,0.56,1.77,3.179,6.93,0.423,0.00,0.31,0.018,
23142,IVORY WIRE KITCHEN ORGANISER,104,20,80.77,1.16,6.20,5.330,5.20,0.080,0.00,0.92,0.035,
23143,ZINC WIRE KITCHEN ORGANISER,104,7,93.27,0.13,0.54,4.017,14.86,0.003,0.00,0.31,0.005,
23144,ZINC T-LIGHT HOLDER STARS SMALL,104,33,68.27,47.63,96.95,2.035,3.15,0.653,0.00,142.69,1.792,
23145,ZINC T-LIGHT HOLDER STAR LARGE,104,33,68.27,19.56,35.82,1.831,3.15,0.696,0.00,66.31,0.775,
23146,TRIPLE HOOK ANTIQUE IVORY ROSE,104,33,68.27,7.66,14.04,1.832,3.15,0.690,0.00,21.85,0.292,
23147,SINGLE ANTIQUE ROSE HOOK IVORY,104,33,68.27,17.71,32.00,1.807,3.15,0.787,0.00,45.00,0.659,
23148,MINIATURE ANTIQUE ROSE HOOK IVORY,104,33,68.27,19.83,36.91,1.862,3.15,0.700,0.00,48.54,0.746,
23149,ANTIQUE IVORY WIRE BOWL SMALL,104,14,86.54,0.95,3.57,3.747,7.43,0.283,0.00,1.92,0.032,
23150,IVORY SWEETHEART SOAP DISH,104,24,76.92,1.36,3.19,2.350,4.33,0.516,0.00,4.92,0.056,
23151,ZINC SWEETHEART SOAP DISH,104,11,89.42,0.35,1.22,3.527,9.45,0.243,0.00,0.85,0.013,
23152,IVORY SWEETHEART WIRE LETTER RACK,104,33,68.27,5.33,10.83,2.034,3.15,0.602,0.00,15.23,0.198,
23153,ZINC SWEETHEART WIRE LETTER RACK,104,31,70.19,2.46,5.21,2.118,3.35,0.626,0.00,6.54,0.093,
23154,SET OF 4 JAM JAR MAGNETS,104,37,64.42,24.60,46.14,1.876,2.81,0.544,0.00,77.08,0.904,
23155,KNICKERBOCKERGLORY MAGNET ASSORTED,104,36,65.38,21.30,45.42,2.133,2.89,0.499,0.00,33.31,0.666,
23156,SET OF 5 MINI GROCERY MAGNETS,104,37,64.42,15.64,30.79,1.968,2.81,0.634,0.00,44.69,0.557,
23157,SET OF 6 NATIVITY MAGNETS,104,25,75.96,28.92,77.76,2.689,4.16,0.550,0.00,168.08,1.374,
23158,SET OF 5 LUCKY CAT MAGNETS,104,37,64.42,24.57,46.36,1.887,2.81,0.502,0.00,74.85,0.887,
23159,SET OF 5 PANCAKE DAY MAGNETS,104,37,64.42,22.05,41.06,1.862,2.81,0.467,0.00,48.54,0.751,
23160,REGENCY TEA SPOON,104,26,75.00,13.88,32.20,2.319,4.00,0.430,0.00,30.31,0.500,
23161,REGENCY CAKE FORK,104,28,73.08,16.37,36.30,2.218,3.71,0.472,0.00,33.31,0.601,
23162,REGENCY TEA STRAINER,104,31,70.19,13.52,28.62,2.117,3.35,0.542,0.00,53.15,0.541,
23163,REGENCY SUGAR TONGS,104,32,69.23,17.32,34.14,1.972,3.25,0.628,0.00,46.69,0.675,
23164,REGENCY CAKE SLICE,104,29,72.12,5.53,14.26,2.579,3.59,0.364,0.00,18.31,0.216,
23165,LARGE CERAMIC TOP STORAGE JAR,104,30,71.15,28.38,55.34,1.950,3.47,0.687,0.00,79.23,1.105,
23166,MEDIUM CERAMIC TOP STORAGE JAR,104,31,70.19,748.62,7274.34,9.717,3.35,-0.011,0.00,98.31,6.521,
23167,SMALL CERAMIC TOP STORAGE JAR,104,30,71.15,52.25,179.16,3.429,3.47,0.405,0.00,124.54,1.840,
23168,CLASSIC CAFE SUGAR DISPENSER,104,30,71.15,30.56,58.23,1.906,3.47,0.669,0.00,111.46,1.250,
23169,CLASSIC GLASS COOKIE JAR,104,30,71.15,14.92,27.57,1.848,3.47,0.766,0.00,71.23,0.651,
23170,REGENCY TEA PLATE ROSES,104,30,71.15,64.89,143.51,2.211,3.47,0.565,0.00,146.77,2.370,
23171,REGENCY TEA PLATE GREEN,104,30,71.15,59.20,170.39,2.878,3.47,0.294,0.00,120.77,2.141,
23172,REGENCY TEA PLATE PINK,104,30,71.15,36.03,87.51,2.429,3.47,0.662,0.00,99.23,1.327,
23173,REGENCY TEAPOT ROSES,104,30,71.15,26.27,74.46,2.835,3.47,0.252,0.00,46.85,0.961,
23174,REGENCY SUGAR BOWL GREEN,104,30,71.15,29.18,89.61,3.071,3.47,0.238,0.00,46.23,1.046,
23175,REGENCY MILK JUG PINK,104,28,73.08,30.24,91.95,3.041,3.71,0.264,0.00,55.08,1.082,
23176,ABC TREASURE BOOK BOX,104,40,61.54,20.70,51.18,2.472,2.60,0.296,0.00,67.62,0.789,
23177,TREASURE ISLAND BOOK BOX,104,40,61.54,19.44,48.48,2.493,2.60,0.435,0.00,64.00,0.760,
23178,JAM CLOCK MAGNET,104,28,73.08,2.97,9.31,3.133,3.71,0.176,0.00,5.00,0.088,
23179,CLOCK MAGNET MUM'S KITCHEN,104,26,75.00,3.09,10.47,3.391,4.00,0.273,0.00,4.62,0.085,
23180,MUM'S KITCHEN CLOCK,104,27,74.04,1.05,2.49,2.372,3.85,0.297,0.00,2.62,0.034,
23181,BULL DOG BOTTLE TOP WALL CLOCK,104,34,67.31,1.91,3.63,1.899,3.06,0.428,0.00,4.46,0.065,
23182,TOILET SIGN OCCUPIED OR VACANT,104,40,61.54,35.71,57.94,1.622,2.60,0.588,0.00,69.46,1.162,
23183,MOTHER'S KITCHEN SPOON REST,104,30,71.15,2.12,4.47,2.114,3.47,0.545,0.00,5.46,0.067,
23184,BULL DOG BOTTLE OPENER,104,39,62.50,8.09,14.37,1.777,2.67,0.562,0.00,20.92,0.272,
23185,FRENCH STYLE STORAGE JAR JAM,104,20,80.77,2.96,7.55,2.551,5.20,0.547,0.00,14.00,0.130,
23186,FRENCH STYLE STORAGE JAR CAFE,104,25,75.96,18.54,47.41,2.557,4.16,0.540,0.00,77.62,0.809,
23187,FRENCH STYLE STORAGE JAR BONBONS,104,22,78.85,22.48,56.74,2.524,4.73,0.599,0.00,64.92,0.921,
23188,VINTAGE 2 METRE FOLDING RULER,104,25,75.96,31.65,70.32,2.221,4.16,0.751,0.00,181.69,1.501,
23189,SET OF 12 FORK CANDLES,104,18,82.69,11.87,31.06,2.618,5.78,0.612,0.00,62.62,0.553,
23190,BUNDLE OF 3 SCHOOL EXERCISE BOOKS,104,30,71.15,16.23,35.70,2.200,3.47,0.486,0.00,49.23,0.628,
23191,BUNDLE OF 3 RETRO NOTE BOOKS,104,30,71.15,20.70,41.22,1.991,3.47,0.660,0.00,79.54,0.844,
23192,BUNDLE OF 3 ALPHABET EXERCISE BOOKS,104,30,71.15,32.09,65.91,2.054,3.47,0.578,0.00,136.62,1.353,
23193,BUFFALO BILL TREASURE BOOK BOX,104,40,61.54,14.62,45.23,3.092,2.60,0.283,0.00,59.54,0.594,
23194,GYMKHANA TREASURE BOOK BOX,104,40,61.54,17.46,47.67,2.730,2.60,0.277,0.00,66.23,0.682,
23196,VINTAGE LEAF MAGNETIC NOTEPAD,104,24,76.92,17.65,37.75,2.139,4.33,0.782,0.00,81.77,0.795,
23197,SKETCHBOOK MAGNETIC SHOPPING LIST,104,24,76.92,13.38,31.86,2.381,4.33,0.446,0.00,66.62,0.608,
23198,PANTRY MAGNETIC SHOPPING LIST,104,24,76.92,30.62,61.25,2.000,4.33,0.818,0.00,142.92,1.375,
23199,JUMBO BAG APPLES,104,34,67.31,141.97,242.09,1.705,3.06,0.669,0.00,362.00,5.387,
23200,JUMBO BAG PEARS,104,31,70.19,68.48,120.24,1.756,3.35,0.821,0.00,185.15,2.645,
23201,JUMBO BAG ALPHABET,104,34,67.31,126.98,220.80,1.739,3.06,0.600,0.00,425.54,5.099,
23202,JUMBO BAG VINTAGE LEAF,104,31,70.19,102.32,179.45,1.754,3.35,0.773,0.00,302.08,4.043,
23203,JUMBO BAG VINTAGE DOILY,104,31,70.19,192.83,354.58,1.839,3.35,0.783,0.00,691.00,8.008,
23204,CHARLOTTE BAG APPLES DESIGN,104,34,67.31,74.03,124.45,1.681,3.06,0.706,0.00,194.62,2.766,
23205,CHARLOTTE BAG VINTAGE ALPHABET,104,34,67.31,54.92,98.03,1.785,3.06,0.547,0.00,175.62,2.124,
23206,LUNCH BAG APPLE DESIGN,104,34,67.31,115.65,196.13,1.696,3.06,0.684,0.00,269.69,4.232,
23207,LUNCH BAG ALPHABET DESIGN,104,34,67.31,74.50,131.40,1.764,3.06,0.788,0.00,153.46,2.745,
23208,LUNCH BAG VINTAGE LEAF DESIGN,104,34,67.31,57.58,98.68,1.714,3.06,0.659,0.00,145.69,2.137,
23209,LUNCH BAG VINTAGE DOILY,104,31,70.19,124.32,223.59,1.799,3.35,0.754,0.00,353.08,4.861,
23210,WHITE ROCKING HORSE HAND PAINTED,104,26,75.00,26.28,68.22,2.596,4.00,0.568,0.00,154.46,1.239,
23211,RED ROCKING HORSE HAND PAINTED,104,26,75.00,21.23,54.13,2.549,4.00,0.484,0.00,113.54,0.975,
23212,HEART WREATH DECORATION WITH BELL,104,26,75.00,20.75,56.12,2.705,4.00,0.427,0.00,111.38,0.966,
23213,STAR WREATH DECORATION WITH BELL,104,23,77.88,15.40,41.87,2.718,4.52,0.548,0.00,97.08,0.747,
23214,JINGLE BELL HEART ANTIQUE GOLD,104,22,78.85,7.53,19.40,2.577,4.73,0.663,0.00,50.69,0.361,
23215,JINGLE BELL HEART ANTIQUE SILVER,104,23,77.88,33.58,108.66,3.236,4.52,0.528,0.00,198.00,1.636,
23216,LAUREL HEART ANTIQUE GOLD,104,20,80.77,5.03,16.58,3.296,5.20,0.500,0.00,29.92,0.226,
23217,LAUREL HEART ANTIQUE SILVER,104,22,78.85,12.38,36.95,2.986,4.73,0.400,0.00,83.69,0.593,
23218,LAUREL STAR ANTIQUE GOLD,104,13,87.50,3.63,13.72,3.775,8.00,0.130,0.00,20.77,0.172,
23219,LAUREL STAR ANTIQUE SILVER,104,16,84.62,3.98,11.72,2.945,6.50,0.481,0.00,27.38,0.197,
23220,REINDEER HEART DECORATION GOLD,104,18,82.69,9.27,26.81,2.892,5.78,0.661,0.00,67.46,0.464,
23221,REINDEER HEART DECORATION SILVER,104,24,76.92,14.45,40.44,2.798,4.33,0.569,0.00,101.23,0.719,
23222,CHRISTMAS TREE HANGING GOLD,104,16,84.62,7.46,25.53,3.421,6.50,0.426,0.00,56.92,0.368,
23223,CHRISTMAS TREE HANGING SILVER,104,19,81.73,7.53,21.76,2.891,5.47,0.655,0.00,52.23,0.374,
23224,CHERUB HEART DECORATION GOLD,104,16,84.62,6.94,25.22,3.632,6.50,0.262,0.00,51.92,0.342,
23225,CHERUB HEART DECORATION SILVER,104,18,82.69,12.72,38.90,3.058,5.78,0.467,0.00,84.54,0.629,
23226,FILIGREE HEART DAISY WHITE,104,27,74.04,11.72,27.36,2.334,3.85,0.540,0.00,26.15,0.463,
23227,FILIGREE HEART BUTTERFLY WHITE,104,28,73.08,15.63,37.32,2.387,3.71,0.486,0.00,50.00,0.641,
23228,FILIGREE HEART BIRD WHITE,104,27,74.04,14.21,30.36,2.137,3.85,0.747,0.00,51.46,0.604,
23229,VINTAGE DONKEY TAIL GAME,104,25,75.96,16.60,40.13,2.418,4.16,0.497,0.00,78.31,0.728,
23230,WRAP ALPHABET DESIGN,104,46,55.77,75.73,126.88,1.675,2.26,0.455,0.00,155.77,2.265,
23231,WRAP VINTAGE DOILY,104,47,54.81,68.29,99.41,1.456,2.21,0.558,0.00,146.15,2.158,
23232,WRAP VINTAGE LEAF DESIGN,104,44,57.69,79.58,133.43,1.677,2.36,0.460,0.00,234.62,2.782,
23233,WRAP POPPIES DESIGN,104,46,55.77,49.52,92.37,1.865,2.26,0.324,0.00,119.23,1.626,
23234,BISCUIT TIN VINTAGE CHRISTMAS,104,25,75.96,18.05,48.54,2.689,4.16,0.482,0.00,109.92,0.861,
23235,STORAGE TIN VINTAGE LEAF,104,24,76.92,6.60,25.14,3.812,4.33,0.244,0.00,11.08,0.245,
23236,STORAGE TIN VINTAGE DOILY,104,26,75.00,23.77,58.08,2.444,4.00,0.478,0.00,84.15,0.974,
23237,SET OF 4 KNICK KNACK TINS LEAF,104,26,75.00,9.85,22.49,2.284,4.00,0.520,0.00,31.46,0.407,
23238,SET OF 4 KNICK KNACK TINS LONDON,104,26,75.00,16.29,36.80,2.259,4.00,0.531,0.00,59.38,0.684,
23239,SET OF 4 KNICK KNACK TINS POPPIES,104,26,75.00,7.48,19.09,2.551,4.00,0.442,0.00,20.15,0.299,
23240,SET OF 4 KNICK KNACK TINS DOILY,104,26,75.00,38.90,78.93,2.029,4.00,0.632,0.00,141.00,1.642,
23241,TREASURE TIN GYMKHANA DESIGN,104,26,75.00,20.42,47.09,2.306,4.00,0.513,0.00,89.23,0.880,
23242,TREASURE TIN BUFFALO BILL,104,26,75.00,13.40,35.66,2.660,4.00,0.403,0.00,53.92,0.562,
23243,SET OF TEA COFFEE SUGAR TINS PANTRY,104,26,75.00,45.82,189.15,4.128,4.00,0.083,0.00,218.23,1.968,
23244,ROUND STORAGE TIN VINTAGE LEAF,104,26,75.00,8.75,26.52,3.031,4.00,0.290,0.00,22.31,0.349,
23245,SET OF 3 REGENCY CAKE TINS,104,26,75.00,59.19,124.91,2.110,4.00,0.625,0.00,200.08,2.458,
23247,BISCUIT TIN 50'S CHRISTMAS,104,24,76.92,20.40,53.37,2.616,4.33,0.722,0.00,132.46,0.986,
23249,VINTAGE RED ENAMEL TRIM PLATE,104,25,75.96,8.07,23.64,2.931,4.16,0.258,0.00,24.15,0.324,
23250,VINTAGE RED TRIM ENAMEL BOWL,104,25,75.96,10.66,24.69,2.316,4.16,0.496,0.00,45.54,0.464,
23251,VINTAGE RED ENAMEL TRIM MUG,104,25,75.96,15.51,38.58,2.488,4.16,0.437,0.00,45.54,0.635,
23252,VINTAGE RED ENAMEL TRIM JUG,104,26,75.00,5.78,14.16,2.450,4.00,0.566,0.00,14.31,0.232,
23253,16 PIECE CUTLERY SET PANTRY DESIGN,104,29,72.12,2.45,7.00,2.855,3.59,0.409,0.00,4.15,0.084,
23254,CHILDRENS CUTLERY DOLLY GIRL,104,35,66.35,16.10,32.67,2.030,2.97,0.471,0.00,48.38,0.622,
23255,CHILDRENS CUTLERY CIRCUS PARADE,104,35,66.35,9.46,21.09,2.229,2.97,0.261,0.00,28.54,0.366,
23256,CHILDRENS CUTLERY SPACEBOY,104,35,66.35,19.24,33.45,1.739,2.97,0.774,0.00,58.23,0.748,
23263,SET OF 3 WOODEN HEART DECORATIONS,104,27,74.04,35.79,75.03,2.097,3.85,0.914,0.00,206.69,1.693,
23264,SET OF 3 WOODEN SLEIGH DECORATIONS,104,26,75.00,17.42,44.05,2.528,4.00,0.897,0.00,121.77,0.866,
23265,SET OF 3 WOODEN TREE DECORATIONS,104,26,75.00,15.87,41.49,2.615,4.00,0.900,0.00,114.23,0.791,
23266,SET OF 3 WOODEN STOCKING DECORATION,104,26,75.00,18.62,43.87,2.357,4.00,0.930,0.00,123.15,0.913,
23267,SET OF 4 SANTA PLACE SETTINGS,104,22,78.85,11.41,28.81,2.524,4.73,0.689,0.00,74.00,0.543,
23268,UNKNOWN,104,21,79.81,17.68,67.88,3.839,4.95,0.169,0.00,58.23,0.750,
23269,SET OF 2 CERAMIC CHRISTMAS TREES,104,22,78.85,7.30,26.42,3.621,4.73,0.428,0.00,51.69,0.363,
23270,SET OF 2 CERAMIC PAINTED HEARTS,104,26,75.00,12.12,33.11,2.731,4.00,0.262,0.00,43.69,0.532,
23271,CHRISTMAS TABLE SILVER CANDLE SPIKE,104,20,80.77,16.14,46.27,2.866,5.20,0.557,0.00,120.69,0.790,
23272,TREE T-LIGHT HOLDER WILLIE WINKIE,104,17,83.65,2.76,7.69,2.785,6.12,0.424,0.00,15.62,0.128,
23273,HEART T-LIGHT HOLDER WILLIE WINKIE,104,26,75.00,8.91,19.89,2.232,4.00,0.783,0.00,51.15,0.415,
23274,STAR T-LIGHT HOLDER WILLIE WINKIE,104,23,77.88,10.96,28.97,2.643,4.52,0.650,0.00,75.31,0.526,
23275,SET OF 3 HANGING OWLS OLLIE BEAK,104,27,74.04,33.38,83.09,2.490,3.85,0.784,0.00,192.85,1.604,
23280,FOLDING BUTTERFLY MIRROR HOT PINK,104,29,72.12,17.88,46.61,2.606,3.59,0.333,0.00,37.31,0.668,
23281,FOLDING BUTTERFLY MIRROR RED,104,27,74.04,11.12,32.87,2.955,3.85,0.115,0.00,16.23,0.413,
23282,FOLDING BUTTERFLY MIRROR IVORY,104,29,72.12,7.76,18.29,2.357,3.59,0.536,0.00,21.46,0.292,
23283,DOORMAT VINTAGE LEAF,104,26,75.00,9.43,25.90,2.746,4.00,0.451,0.00,35.08,0.364,
23284,DOORMAT KEEP CALM AND COME IN,104,29,72.12,51.69,140.08,2.710,3.59,0.590,0.00,236.54,2.133,
23285,PINK VINTAGE SPOT BEAKER,104,26,75.00,46.15,219.20,4.749,4.00,0.044,0.00,177.62,1.878,
23286,BLUE VINTAGE SPOT BEAKER,104,26,75.00,48.38,213.78,4.419,4.00,0.068,0.00,185.31,1.983,
23287,RED VINTAGE SPOT BEAKER,104,25,75.96,17.88,43.32,2.422,4.16,0.798,0.00,31.77,0.703,
23288,GREEN VINTAGE SPOT BEAKER,104,26,75.00,44.38,216.49,4.879,4.00,0.036,0.00,182.85,1.838,
23289,DOLLY GIRL CHILDRENS BOWL,104,25,75.96,15.52,35.91,2.314,4.16,0.589,0.00,54.92,0.656,
23290,SPACEBOY CHILDRENS BOWL,104,25,75.96,21.69,50.20,2.314,4.16,0.460,0.00,97.38,0.960,
23291,DOLLY GIRL CHILDRENS CUP,104,25,75.96,15.56,37.25,2.394,4.16,0.522,0.00,52.92,0.652,
23292,SPACEBOY CHILDRENS CUP,104,25,75.96,19.62,45.15,2.302,4.16,0.543,0.00,75.54,0.840,
23293,SET OF 12 FAIRY CAKE BAKING CASES,104,21,79.81,77.20,176.24,2.283,4.95,0.753,0.00,345.00,3.455,
23294,SET OF 6 SNACK LOAF BAKING CASES,104,21,79.81,41.62,110.95,2.666,4.95,0.524,0.00,169.62,1.807,
23295,SET OF 12 MINI LOAF BAKING CASES,104,21,79.81,57.93,137.25,2.369,4.95,0.563,0.00,236.08,2.557,
23296,SET OF 6 TEA TIME BAKING CASES,104,21,79.81,47.62,125.18,2.629,4.95,0.523,0.00,177.69,2.079,
23297,SET 40 HEART SHAPE PETIT FOUR CASES,104,15,85.58,41.38,149.45,3.612,6.93,0.692,0.00,55.54,1.613,
23298,SPOTTY BUNTING,104,31,70.19,82.12,153.33,1.867,3.35,0.700,0.00,180.85,3.100,
23299,FOOD COVER WITH BEADS SET 2,104,29,72.12,9.69,30.78,3.176,3.59,0.602,0.00,8.85,0.309,
23300,GARDENERS KNEELING PAD CUP OF TEA,104,30,71.15,62.47,130.24,2.085,3.47,0.579,0.00,231.31,2.612,
23301,GARDENERS KNEELING PAD KEEP CALM,104,30,71.15,79.40,161.19,2.030,3.47,0.772,0.00,382.92,3.530,
23302,KNEELING MAT HOUSEWORK DESIGN,104,29,72.12,10.64,26.21,2.462,3.59,0.284,0.00,34.77,0.429,
23303,SET 4 PICNIC CUTLERY FONDANT,104,3,97.12,0.51,3.35,6.579,34.67,0.471,0.00,4.08,0.027,
23304,SET 4 PICNIC CUTLERY CHERRY,104,3,97.12,0.45,3.45,7.627,34.67,0.205,0.00,3.62,0.024,
23305,SET 4 PICNIC CUTLERY BLUEBERRY,104,4,96.15,0.56,3.61,6.481,26.00,0.498,0.00,4.46,0.029,
23306,SET OF 36 PANTRY PAPER DOILIES,104,27,74.04,34.01,107.44,3.159,3.85,0.314,0.00,106.00,1.331,
23307,SET OF 60 PANTRY DESIGN CAKE CASES,104,27,74.04,110.61,232.81,2.105,3.85,0.632,0.00,356.54,4.534,
23308,SET OF 60 VINTAGE LEAF CAKE CASES,104,27,74.04,54.92,124.73,2.271,3.85,0.521,0.00,157.85,2.223,
23309,SET OF 60 I LOVE LONDON CAKE CASES,104,27,74.04,73.02,157.74,2.160,3.85,0.532,0.00,322.62,3.213,
23310,BUBBLEGUM RING ASSORTED,104,26,75.00,113.66,247.63,2.179,4.00,0.589,0.00,544.08,5.047,
23311,VINTAGE CHRISTMAS STOCKING,104,21,79.81,21.59,56.37,2.611,4.95,0.924,0.00,157.23,1.086,
23312,VINTAGE CHRISTMAS GIFT SACK,104,21,79.81,13.26,33.20,2.504,4.95,0.700,0.00,86.15,0.649,
23313,VINTAGE CHRISTMAS BUNTING,104,21,79.81,26.88,72.18,2.685,4.95,0.787,0.00,185.69,1.349,
23314,VINTAGE CHRISTMAS TABLECLOTH,104,18,82.69,3.72,12.83,3.447,5.78,0.232,0.00,19.85,0.174,
23315,IVORY REFECTORY CLOCK,104,24,76.92,1.99,4.98,2.502,4.33,0.515,0.00,6.54,0.087,
23316,RED REFECTORY CLOCK,104,24,76.92,2.35,5.12,2.182,4.33,0.622,0.00,11.23,0.106,
23317,BLUE REFECTORY CLOCK,104,24,76.92,1.63,3.65,2.234,4.33,0.625,0.00,8.15,0.074,
23318,BOX OF 6 MINI VINTAGE CRACKERS,104,21,79.81,34.99,90.71,2.592,4.95,0.795,0.00,246.54,1.732,
23319,BOX OF 6 MINI 50'S CRACKERS,104,22,78.85,34.68,94.90,2.736,4.73,0.793,0.00,253.31,1.735,
23320,GIANT 50'S CHRISTMAS CRACKER,104,22,78.85,22.66,56.47,2.492,4.73,0.823,0.00,155.15,1.112,
23321,SMALL WHITE HEART OF WICKER,104,26,75.00,44.21,88.24,1.996,4.00,0.920,0.00,222.38,2.034,
23322,LARGE WHITE HEART OF WICKER,104,26,75.00,29.02,60.78,2.095,4.00,0.752,0.00,146.77,1.330,
23323,WHITE WICKER STAR,104,24,76.92,13.50,32.93,2.439,4.33,0.834,0.00,88.69,0.668,
23324,RUSTIC STRAWBERRY JAM POT LARGE,104,15,85.58,3.82,13.60,3.561,6.93,0.367,0.00,20.54,0.172,
23325,RUSTIC STRAWBERRY JAM POT SMALL,104,15,85.58,4.44,13.25,2.982,6.93,0.625,0.00,27.23,0.207,
23326,HANGING MINI COLOURED BOTTLES,104,16,84.62,32.56,103.19,3.169,6.50,0.557,0.00,151.15,1.502,
23327,HANGING CLEAR MINI BOTTLE,104,13,87.50,16.63,59.40,3.571,8.00,0.457,0.00,95.00,0.775,
23328,SET 6 SCHOOL MILK BOTTLES IN CRATE,104,17,83.65,25.39,66.38,2.614,6.12,0.762,0.00,158.69,1.252,
23329,DECORATIVE WICKER HEART LARGE,104,18,82.69,16.26,38.35,2.359,5.78,0.894,0.00,98.15,0.789,
23330,DECORATIVE WICKER HEART MEDIUM,104,17,83.65,16.91,44.26,2.617,6.12,0.744,0.00,113.38,0.834,
23331,DECORATIVE WICKER HEART SMALL,104,17,83.65,14.48,36.80,2.542,6.12,0.759,0.00,79.38,0.688,
23332,IVORY WICKER HEART LARGE,104,18,82.69,18.41,44.53,2.418,5.78,0.861,0.00,112.46,0.890,
23333,IVORY WICKER HEART MEDIUM,104,17,83.65,19.73,49.51,2.509,6.12,0.835,0.00,129.15,0.977,
23334,IVORY WICKER HEART SMALL,104,17,83.65,20.97,56.99,2.718,6.12,0.608,0.00,110.92,0.991,
23335,EGG FRYING PAN IVORY,104,24,76.92,3.49,11.86,3.399,4.33,0.209,0.00,13.92,0.156,
23336,EGG FRYING PAN PINK,104,24,76.92,2.03,5.61,2.766,4.33,0.592,0.00,12.38,0.095,
23337,EGG FRYING PAN MINT,104,23,77.88,1.62,4.29,2.639,4.52,0.468,0.00,9.54,0.077,
23338,EGG FRYING PAN RED,104,25,75.96,3.41,9.70,2.842,4.16,0.386,0.00,16.08,0.157,
23339,EGG FRYING PAN BLUE,104,21,79.81,1.51,4.11,2.719,4.95,0.450,0.00,8.69,0.072,
23340,VINTAGE CHRISTMAS CAKE FRILL,104,18,82.69,23.58,83.57,3.545,5.78,0.464,0.00,161.23,1.108,
23341,PINK DINER WALL CLOCK,104,24,76.92,2.86,6.80,2.380,4.33,0.572,0.00,14.54,0.129,
23342,MINT DINER WALL CLOCK,104,24,76.92,3.55,8.85,2.495,4.33,0.679,0.00,19.69,0.162,
23343,JUMBO BAG VINTAGE CHRISTMAS,104,25,75.96,90.62,346.48,3.824,4.16,0.124,0.00,431.08,4.064,
23344,JUMBO BAG 50'S CHRISTMAS,104,25,75.96,91.60,247.66,2.704,4.16,0.784,0.00,645.08,4.609,
23345,DOLLY GIRL BEAKER,104,20,80.77,23.24,80.10,3.446,5.20,0.356,0.00,105.00,1.045,
23346,SPACEBOY BEAKER,104,20,80.77,24.90,81.45,3.271,5.20,0.346,0.00,116.31,1.135,
23347,I LOVE LONDON BEAKER,104,20,80.77,7.97,28.34,3.555,5.20,0.367,0.00,40.08,0.358,
23348,UNKNOWN,104,25,75.96,14.86,56.65,3.814,4.16,0.364,0.00,84.38,0.690,
23349,ROLL WRAP VINTAGE CHRISTMAS,104,18,82.69,29.14,80.81,2.773,5.78,0.855,0.00,218.85,1.473,
23350,ROLL WRAP VINTAGE SPOT,104,18,82.69,24.69,65.08,2.636,5.78,0.781,0.00,176.54,1.227,
23351,ROLL WRAP 50'S CHRISTMAS,104,18,82.69,31.58,87.97,2.786,5.78,0.869,0.00,237.54,1.606,
23352,ROLL WRAP 50'S RED CHRISTMAS,104,17,83.65,16.23,42.89,2.642,6.12,0.861,0.00,118.46,0.809,
23353,6 GIFT TAGS VINTAGE CHRISTMAS,104,18,82.69,37.54,101.94,2.716,5.78,0.785,0.00,268.31,1.873,
23354,6 GIFT TAGS 50'S CHRISTMAS,104,18,82.69,35.25,94.23,2.673,5.78,0.858,0.00,263.08,1.772,
23355,HOT WATER BOTTLE KEEP CALM,104,15,85.58,51.77,141.32,2.730,6.93,0.880,0.00,394.38,2.633,
23356,LOVE HOT WATER BOTTLE,104,15,85.58,21.68,64.17,2.960,6.93,0.703,0.00,165.62,1.098,
23357,HOT WATER BOTTLE SEX BOMB,104,15,85.58,3.79,11.45,3.022,6.93,0.647,0.00,27.69,0.189,
23358,HOT STUFF HOT WATER BOTTLE,104,15,85.58,4.69,14.40,3.069,6.93,0.559,0.00,31.77,0.234,
23359,SET OF 12 T-LIGHTS VINTAGE DOILY,104,18,82.69,9.39,24.88,2.648,5.78,0.722,0.00,56.08,0.445,
23360,SET 8 CANDLES VINTAGE DOILY,104,18,82.69,11.32,30.54,2.698,5.78,0.557,0.00,67.62,0.532,
23365,SET 12 COLOUR PENCILS LOVE LONDON,104,11,89.42,17.63,62.45,3.541,9.45,0.673,0.00,141.08,0.920,
23366,SET 12 COLOURING PENCILS DOILY,104,11,89.42,19.64,66.15,3.367,9.45,0.773,0.00,157.15,1.022,
23367,SET 12 COLOUR PENCILS SPACEBOY,104,11,89.42,29.54,94.74,3.207,9.45,0.826,0.00,236.31,1.542,
23368,SET 12 COLOUR PENCILS DOLLY GIRL,104,11,89.42,22.03,73.64,3.343,9.45,0.754,0.00,176.23,1.140,
23369,SET 36 COLOUR PENCILS LOVE LONDON,104,11,89.42,9.97,33.97,3.407,9.45,0.603,0.00,79.77,0.518,
23370,SET 36 COLOURING PENCILS DOILY,104,11,89.42,14.06,46.02,3.273,9.45,0.619,0.00,112.46,0.725,
23371,SET 36 COLOUR PENCILS SPACEBOY,104,11,89.42,15.85,52.95,3.341,9.45,0.744,0.00,126.77,0.826,
23372,SET 36 COLOUR PENCILS DOLLY GIRL,104,11,89.42,13.11,44.00,3.357,9.45,0.730,0.00,104.85,0.682,
23373,VINTAGE CHRISTMAS PAPER GIFT BAG,104,17,83.65,15.13,51.52,3.404,6.12,0.479,0.00,115.69,0.739,
23374,RED SPOT PAPER GIFT BAG,104,18,82.69,21.25,59.98,2.823,5.78,0.704,0.00,155.38,1.029,
23375,50'S CHRISTMAS PAPER GIFT BAG,104,15,85.58,12.68,39.18,3.089,6.93,0.685,0.00,96.69,0.634,
23376,PACK OF 12 VINTAGE CHRISTMAS TISSUE,104,14,86.54,28.06,84.71,3.019,7.43,0.661,0.00,220.77,1.407,
23377,PACK OF 12 DOLLY GIRL TISSUES,104,14,86.54,12.55,36.43,2.903,7.43,0.827,0.00,99.46,0.616,
23378,PACK OF 12 50'S CHRISTMAS TISSUES,104,14,86.54,37.11,116.66,3.144,7.43,0.714,0.00,293.15,1.850,
23379,PACK OF 12 RED APPLE TISSUES,104,13,87.50,11.45,56.57,4.940,8.00,0.214,0.00,91.62,0.559,
23380,PACK OF 12 VINTAGE DOILY TISSUES,104,13,87.50,21.43,78.59,3.667,8.00,0.533,0.00,171.46,1.045,
23381,PACK OF 12 VINTAGE LEAF TISSUES,104,13,87.50,13.74,63.72,4.637,8.00,0.502,0.00,109.92,0.648,
23382,BOX OF 6 CHRISTMAS CAKE DECORATIONS,104,8,92.31,14.74,58.72,3.984,13.00,0.841,0.00,117.92,0.775,
23388,WOODLAND MINI BACKPACK,104,13,87.50,7.58,26.31,3.472,8.00,0.543,0.00,60.62,0.376,
23389,SPACEBOY MINI BACKPACK,104,13,87.50,10.32,33.31,3.228,8.00,0.625,0.00,82.54,0.520,
23390,DOLLY GIRL MINI BACKPACK,104,13,87.50,6.49,23.64,3.642,8.00,0.546,0.00,51.92,0.320,
23391,I LOVE LONDON MINI BACKPACK,104,13,87.50,3.50,12.44,3.554,8.00,0.649,0.00,28.00,0.175,
23392,SPACEBOY ROCKET LOLLY MAKERS,104,13,87.50,6.15,23.49,3.817,8.00,0.302,0.00,49.23,0.307,
23393,HOME SWEET HOME CUSHION COVER,104,14,86.54,7.66,21.33,2.783,7.43,0.879,0.00,60.54,0.383,
23394,POSTE FRANCE CUSHION COVER,104,14,86.54,4.01,11.37,2.835,7.43,0.795,0.00,31.00,0.202,
23395,BELLE JARDINIERE CUSHION COVER,104,14,86.54,6.88,18.80,2.734,7.43,0.863,0.00,54.54,0.346,
23396,LE JARDIN BOTANIQUE CUSHION COVER,104,14,86.54,6.19,17.67,2.854,7.43,0.815,0.00,48.77,0.311,
23397,FOOT STOOL HOME SWEET HOME,104,14,86.54,4.63,13.41,2.894,7.43,0.810,0.00,36.85,0.232,
23398,HANGING HEART BONHEUR,104,14,86.54,5.60,16.61,2.969,7.43,0.660,0.00,43.54,0.277,
23399,HOME SWEET HOME HANGING HEART,104,14,86.54,18.06,54.38,3.011,7.43,0.811,0.00,143.54,0.888,
23400,SHELF WITH 4 HOOKS HOME SWEET HOME,104,13,87.50,4.41,20.10,4.553,8.00,0.274,0.00,35.31,0.217,
23401,RUSTIC MIRROR WITH LACE HEART,104,13,87.50,2.95,14.48,4.906,8.00,0.296,0.00,23.62,0.145,
23402,HOME SWEET HOME 3 PEG HANGER,104,13,87.50,2.82,9.07,3.219,8.00,0.677,0.00,22.54,0.140,
23403,LETTER HOLDER HOME SWEET HOME,104,13,87.50,5.86,22.17,3.787,8.00,0.428,0.00,46.85,0.293,
23404,HOME SWEET HOME BLACKBOARD,104,13,87.50,8.04,26.85,3.341,8.00,0.703,0.00,64.31,0.406,
23405,HOME SWEET HOME 2 DRAWER CABINET,104,13,87.50,2.34,7.09,3.035,8.00,0.614,0.00,18.69,0.119,
23406,UNKNOWN,104,13,87.50,4.33,19.42,4.488,8.00,0.201,0.00,34.62,0.219,
23407,SET OF 2 TRAYS HOME SWEET HOME,104,14,86.54,2.39,6.68,2.789,7.43,0.823,0.00,19.00,0.120,
23408,PHOTO FRAME LINEN AND LACE SMALL,104,13,87.50,2.92,9.24,3.161,8.00,0.747,0.00,23.38,0.145,
23409,PHOTO FRAME LINEN AND LACE LARGE,104,12,88.46,2.01,7.10,3.535,8.67,0.514,0.00,16.08,0.099,
23410,CURIO CABINET LINEN AND LACE,104,9,91.35,0.35,1.42,4.101,11.56,0.513,0.00,2.77,0.017,
23411,TRELLIS COAT RACK,104,14,86.54,2.18,9.95,4.560,7.43,0.173,0.00,17.38,0.106,
23412,UNKNOWN,104,6,94.23,3.48,18.38,5.281,17.33,0.323,0.00,27.85,0.163,
23413,DECORATIVE VINTAGE COFFEE BOX,104,13,87.50,1.62,5.33,3.280,8.00,0.621,0.00,13.00,0.081,
23414,ZINC BOX SIGN HOME,104,14,86.54,1.36,4.31,3.181,7.43,0.573,0.00,10.77,0.067,
23415,HOME SWEET HOME HOOK,104,12,88.46,2.16,7.23,3.343,8.67,0.456,0.00,17.31,0.110,
23416,CHAMBRE HOOK,104,11,89.42,0.90,3.84,4.243,9.45,0.583,0.00,7.23,0.043,
23417,BATHROOM HOOK,104,9,91.35,0.70,2.64,3.756,11.56,0.428,0.00,5.62,0.035,
23418,LAVENDER TOILETTE BOTTLE,104,13,87.50,5.21,17.31,3.322,8.00,0.644,0.00,41.69,0.254,
23419,HOME SWEET HOME BOTTLE,104,13,87.50,4.37,15.02,3.442,8.00,0.576,0.00,34.92,0.214,
23420,PANTRY HOOK TEA STRAINER,104,11,89.42,1.58,6.06,3.843,9.45,0.269,0.00,12.62,0.078,
23421,PANTRY HOOK SPATULA,104,13,87.50,1.54,5.13,3.338,8.00,0.472,0.00,12.31,0.076,
23422,PANTRY HOOK BALLOON WHISK,104,12,88.46,2.04,7.26,3.559,8.67,0.450,0.00,16.31,0.101,
23423,PANTRY 3 HOOK ROLLING PIN HANGER,104,13,87.50,2.02,6.17,3.055,8.00,0.823,0.00,16.15,0.099,
23424,GINGHAM RECIPE BOOK BOX,104,14,86.54,4.26,13.12,3.081,7.43,0.727,0.00,34.00,0.212,
23425,STORAGE TIN HOME SWEET HOME,104,14,86.54,1.69,5.16,3.048,7.43,0.646,0.00,13.46,0.084,
23426,METAL SIGN DROP YOUR PANTS,104,13,87.50,11.76,34.30,2.917,8.00,0.763,0.00,94.08,0.588,
23427,STOOL HOME SWEET HOME,104,12,88.46,2.27,9.39,4.140,8.67,0.491,0.00,17.92,0.110,
23428,IVORY RETRO KITCHEN WALL CLOCK,104,3,97.12,0.57,3.57,6.290,34.67,0.953,0.00,4.54,0.032,
23429,RED RETRO KITCHEN WALL CLOCK,104,2,98.08,0.41,3.03,7.335,52.00,0.835,0.00,3.31,0.023,
23430,BLUE RETRO KITCHEN WALL CLOCK,104,3,97.12,0.30,2.11,7.088,34.67,0.873,0.00,2.38,0.017,
23431,NATURAL HANGING QUILTED HEARTS,104,15,85.58,13.93,62.18,4.463,6.93,0.169,0.00,62.54,0.635,
23432,PRETTY HANGING QUILTED HEARTS,104,14,86.54,12.15,42.77,3.519,7.43,0.664,0.00,90.62,0.578,
23433,HANGING QUILTED PATCHWORK APPLES,104,14,86.54,12.10,40.92,3.383,7.43,0.476,0.00,84.69,0.580,
23434,3 RAFFIA RIBBONS 50'S CHRISTMAS,104,13,87.50,19.22,61.42,3.196,8.00,0.758,0.00,153.77,0.990,
23435,3 RAFFIA RIBBONS VINTAGE CHRISTMAS,104,13,87.50,7.70,30.68,3.984,8.00,0.403,0.00,61.62,0.386,
23436,VINTAGE CHRISTMAS GIFT BAG LARGE,104,17,83.65,18.81,74.57,3.965,6.12,0.287,0.00,134.69,0.910,
23437,50'S CHRISTMAS GIFT BAG LARGE,104,15,85.58,18.30,63.30,3.459,6.93,0.540,0.00,143.46,0.916,
23438,RED SPOT GIFT BAG LARGE,104,18,82.69,16.84,59.79,3.551,5.78,0.344,0.00,123.46,0.827,
23439,HAND WARMER RED LOVE HEART,104,15,85.58,35.69,110.78,3.104,6.93,0.795,0.00,275.54,1.823,
23440,PAINT YOUR OWN EGGS IN CRATE,104,2,98.08,0.18,1.36,7.425,52.00,0.863,0.00,1.46,0.010,
23441,HAND PAINTED HANGING EASTER EGG,104,1,99.04,0.19,1.96,10.198,104.00,-0.010,0.00,1.54,0.011,
23442,12 HANGING EGGS HAND PAINTED,104,3,97.12,0.30,2.19,7.330,34.67,0.429,0.00,2.38,0.017,
23444,Next Day Carriage,104,26,75.00,2.62,19.63,7.476,4.00,-0.007,0.00,3.31,0.082,
23445,ICE CREAM BUBBLES,104,15,85.58,24.31,73.76,3.034,6.93,0.576,0.00,165.23,1.178,
23446,BLUE BUNNY EASTER EGG BASKET,104,1,99.04,0.12,1.27,10.198,104.00,-0.010,0.00,1.00,0.006,
23447,PINK BUNNY EASTER EGG BASKET,104,2,98.08,0.13,1.28,9.491,52.00,0.066,0.00,1.08,0.007,
23448,CREAM BUNNY EASTER EGG BASKET,104,2,98.08,0.24,1.73,7.182,52.00,-0.014,0.00,1.92,0.013,
23449,SET OF 6 EASTER RAINBOW CHICKS,104,1,99.04,0.12,1.18,10.198,104.00,-0.010,0.00,0.92,0.006,
23451,SQUARE MINI PORTRAIT FRAME,104,8,92.31,2.44,9.69,3.967,13.00,0.691,0.00,19.54,0.131,
23452,HEART MINI PORTRAIT FRAME,104,8,92.31,4.59,16.85,3.673,13.00,0.931,0.00,36.69,0.245,
23453,OVAL MINI PORTRAIT FRAME,104,8,92.31,2.95,11.68,3.956,13.00,0.719,0.00,23.62,0.157,
23454,THREE MINI HANGING FRAMES,104,7,93.27,1.58,6.26,3.969,14.86,0.873,0.00,12.62,0.085,
23455,SMALL PARLOUR PICTURE FRAME,104,8,92.31,1.80,9.62,5.352,13.00,0.333,0.00,14.38,0.095,
23456,MEDIUM PARLOUR PICTURE FRAME,104,8,92.31,1.52,6.76,4.449,13.00,0.552,0.00,12.15,0.081,
23457,LARGE PARLOUR PICTURE FRAME,104,8,92.31,0.98,4.38,4.466,13.00,0.573,0.00,7.85,0.052,
23458,DOLLY CABINET 3 DRAWERS,104,7,93.27,0.44,1.86,4.213,14.86,0.765,0.00,3.54,0.024,
23459,DOLLY CABINET 2 DRAWERS,104,8,92.31,0.29,1.12,3.885,13.00,0.742,0.00,2.31,0.015,
23460,SWEETHEART WALL TIDY,104,7,93.27,1.02,4.55,4.464,14.86,0.889,0.00,8.15,0.056,
23461,SWEETHEART BIRD HOUSE,104,10,90.38,2.01,6.93,3.448,10.40,0.816,0.00,16.08,0.105,
23462,ROCOCO WALL MIRROR WHITE,104,7,93.27,0.76,3.41,4.495,14.86,0.797,0.00,6.08,0.040,
23463,VINTAGE ZINC WATERING CAN,104,5,95.19,0.10,0.49,5.128,20.80,0.485,0.00,0.77,0.005,
23464,VINTAGE ZINC WATERING CAN SMALL,104,4,96.15,0.12,0.72,5.759,26.00,0.458,0.00,1.00,0.007,
23465,TUSCAN VILLA BIRD FEEDER,104,7,93.27,0.27,1.14,4.244,14.86,0.568,0.00,2.15,0.014,
23466,TUSCAN VILLA DOVECOTE BIRD FEEDER,104,8,92.31,0.49,2.02,4.118,13.00,0.614,0.00,3.92,0.026,
23467,VINTAGE ZINC PLANTER,104,6,94.23,0.24,1.06,4.395,17.33,0.575,0.00,1.92,0.013,
23468,TUSCAN VILLA BIRD TABLE,104,8,92.31,0.18,0.73,4.019,13.00,0.441,0.00,1.46,0.009,
23469,CARD HOLDER LOVE BIRD SMALL,104,10,90.38,3.08,13.84,4.497,10.40,0.457,0.00,24.62,0.159,
23470,CARD HOLDER LOVE BIRD LARGE,104,10,90.38,2.19,8.22,3.747,10.40,0.769,0.00,17.54,0.113,
23471,SIX DRAWER OFFICE TIDY,104,10,90.38,0.62,2.37,3.791,10.40,0.659,0.00,5.00,0.032,
23472,NINE DRAWER OFFICE TIDY,104,10,90.38,0.49,1.90,3.865,10.40,0.560,0.00,3.92,0.025,
23473,WOODLAND SMALL RED FELT HEART,104,7,93.27,6.17,26.79,4.340,14.86,0.479,0.00,49.38,0.330,
23474,WOODLAND SMALL BLUE FELT HEART,104,6,94.23,2.71,11.40,4.203,17.33,0.882,0.00,21.69,0.148,
23475,WOODLAND SMALL PINK FELT HEART,104,6,94.23,2.50,12.63,5.051,17.33,0.643,0.00,20.00,0.136,
23476,WOODLAND LARGE RED FELT HEART,104,7,93.27,1.97,8.20,4.162,14.86,0.873,0.00,15.77,0.108,
23477,WOODLAND LARGE BLUE FELT HEART,104,7,93.27,0.88,3.34,3.775,14.86,0.915,0.00,7.08,0.048,
23478,WOODLAND LARGE PINK FELT HEART,104,5,95.19,2.74,20.38,7.438,20.80,0.002,0.00,21.92,0.141,
23479,WIRE EGG BASKET,104,7,93.27,1.04,4.33,4.166,14.86,0.722,0.00,8.31,0.056,
23480,MINI LIGHTS WOODLAND MUSHROOMS,104,7,93.27,15.65,64.86,4.143,14.86,0.712,0.00,125.23,0.842,
23481,PEARLISED IVORY HEART SMALL,104,7,93.27,2.13,9.05,4.240,14.86,0.629,0.00,17.08,0.115,
23482,PEARLISED IVORY HEART LARGE,104,7,93.27,3.86,21.00,5.447,14.86,0.244,0.00,30.85,0.202,
23483,HANGING BUTTERFLY T-LIGHT HOLDER,104,9,91.35,11.09,38.60,3.482,11.56,0.832,0.00,88.69,0.585,
23484,HEART TRELLIS TRIPLE T-LIGHT HOLDER,104,10,90.38,1.74,6.77,3.887,10.40,0.601,0.00,13.92,0.089,
23485,BOTANICAL GARDENS WALL CLOCK,104,7,93.27,2.48,14.47,5.833,14.86,0.261,0.00,19.85,0.129,
23486,ANTIQUE HEART SHELF UNIT,104,7,93.27,1.13,4.88,4.297,14.86,0.597,0.00,9.08,0.061,
23487,SWEET HEART CAKE CARRIER,104,7,93.27,0.74,3.10,4.187,14.86,0.712,0.00,5.92,0.039,
23489,VINTAGE BELLS GARLAND,104,7,93.27,8.25,32.15,3.897,14.86,0.863,0.00,66.00,0.447,
23490,T-LIGHT HOLDER HANGING LOVE BIRD,104,8,92.31,4.92,18.64,3.786,13.00,0.853,0.00,39.38,0.265,
23491,VINTAGE JINGLE BELLS HEART,104,7,93.27,2.10,8.84,4.217,14.86,0.618,0.00,16.77,0.113,
23492,VINTAGE JINGLE BELLS WREATH,104,7,93.27,0.69,3.31,4.776,14.86,0.352,0.00,5.54,0.038,
23493,VINTAGE DOILY TRAVEL SEWING KIT,104,11,89.42,36.07,114.38,3.171,9.45,0.918,0.00,288.54,1.899,
23494,VINTAGE DOILY DELUXE SEWING KIT,104,11,89.42,6.74,22.98,3.409,9.45,0.898,0.00,53.92,0.357,
23495,SET OF 3 PANTRY WOODEN SPOONS,104,6,94.23,1.83,8.79,4.813,17.33,0.650,0.00,14.62,0.100,
23496,PANTRY KITCHEN THERMOMETER,104,6,94.23,0.85,4.23,4.994,17.33,0.627,0.00,6.77,0.046,
23497,CLASSIC CHROME BICYCLE BELL,104,6,94.23,16.05,70.26,4.378,17.33,0.924,0.00,128.38,0.882,
23498,CLASSIC BICYCLE CLIPS,104,2,98.08,6.08,56.08,9.228,52.00,0.994,0.00,48.62,0.347,
23499,SET 12 VINTAGE DOILY CHALK,104,7,93.27,11.34,49.16,4.337,14.86,0.832,0.00,90.69,0.617,
23500,KEY RING BASEBALL BOOT ASSORTED,104,9,91.35,14.82,54.43,3.673,11.56,0.572,0.00,118.54,0.785,
23501,KEY RING BASEBALL BOOT UNION JACK,104,9,91.35,15.70,55.78,3.552,11.56,0.746,0.00,125.62,0.824,
23502,PLAYING CARDS VINTAGE DOILY,104,11,89.42,6.70,25.79,3.848,9.45,0.387,0.00,53.62,0.340,
23503,PLAYING CARDS KEEP CALM & CARRY ON,104,11,89.42,33.94,102.89,3.031,9.45,0.894,0.00,271.54,1.738,
23504,PLAYING CARDS JUBILEE UNION JACK,104,11,89.42,17.89,54.10,3.023,9.45,0.866,0.00,143.15,0.923,
23505,PLAYING CARDS I LOVE LONDON,104,11,89.42,10.81,39.61,3.665,9.45,0.439,0.00,86.46,0.560,
23506,MINI PLAYING CARDS SPACEBOY,104,11,89.42,25.29,129.95,5.139,9.45,0.318,0.00,202.31,1.291,
23507,MINI PLAYING CARDS BUFFALO BILL,104,11,89.42,27.39,127.13,4.641,9.45,0.177,0.00,219.15,1.424,
23508,MINI PLAYING CARDS DOLLY GIRL,104,11,89.42,24.92,126.33,5.069,9.45,0.282,0.00,199.38,1.271,
23509,MINI PLAYING CARDS FUN FAIR,104,11,89.42,10.14,60.44,5.958,9.45,0.305,0.00,81.15,0.513,
23510,MINI PLAYING CARDS GYMKHANA,104,11,89.42,24.12,104.20,4.319,9.45,0.346,0.00,193.00,1.268,
23511,EMBROIDERED RIBBON REEL EMILY,104,11,89.42,5.43,21.43,3.945,9.45,0.488,0.00,43.46,0.276,
23512,EMBROIDERED RIBBON REEL ROSIE,104,11,89.42,4.76,23.70,4.980,9.45,0.190,0.00,38.08,0.238,
23513,EMBROIDERED RIBBON REEL SUSIE,104,11,89.42,5.41,26.17,4.834,9.45,0.334,0.00,43.31,0.270,
23514,EMBROIDERED RIBBON REEL SALLY,104,11,89.42,4.60,19.91,4.332,9.45,0.292,0.00,36.77,0.234,
23515,EMBROIDERED RIBBON REEL DAISY,104,11,89.42,5.44,26.13,4.801,9.45,0.199,0.00,43.54,0.273,
23516,EMBROIDERED RIBBON REEL SOPHIE,104,10,90.38,2.84,14.00,4.937,10.40,0.218,0.00,22.69,0.142,
23517,EMBROIDERED RIBBON REEL REBECCA,104,11,89.42,3.19,15.11,4.734,9.45,0.363,0.00,25.54,0.161,
23518,EMBROIDERED RIBBON REEL RACHEL,104,11,89.42,3.47,17.90,5.158,9.45,0.270,0.00,27.77,0.172,
23519,EMBROIDERED RIBBON REEL CLAIRE,104,9,91.35,2.15,11.23,5.214,11.56,0.192,0.00,17.23,0.107,
23520,EMBROIDERED RIBBON REEL RUBY,104,10,90.38,1.60,9.58,6.003,10.40,0.081,0.00,12.77,0.080,
23521,WALL ART CAT AND BIRD,104,9,91.35,3.92,26.86,6.848,11.56,0.024,0.00,31.38,0.197,
23522,WALL ART DOG AND BALL,104,9,91.35,3.27,24.48,7.489,11.56,0.010,0.00,26.15,0.163,
23523,WALL ART TREASURE AHOY,104,9,91.35,3.34,22.22,6.660,11.56,0.150,0.00,26.69,0.166,
23524,WALL ART HORSE & PONY,104,10,90.38,4.45,24.10,5.413,10.40,0.142,0.00,35.62,0.226,
23525,WALL ART BUFFALO BILL,104,10,90.38,5.46,34.31,6.282,10.40,0.097,0.00,43.69,0.272,
23526,WALL ART DOG LICENCE,104,9,91.35,8.23,41.04,4.987,11.56,0.217,0.00,65.85,0.420,
23527,WALL ART ANIMALS AND NATURE,104,9,91.35,3.97,23.18,5.837,11.56,0.139,0.00,31.77,0.200,
23528,WALL ART SPACEBOY,104,9,91.35,4.57,28.44,6.227,11.56,0.141,0.00,36.54,0.229,
23529,WALL ART DOLLY GIRL,104,9,91.35,6.06,34.57,5.707,11.56,0.078,0.00,48.46,0.304,
23530,WALL ART ONLY ONE PERSON,104,9,91.35,8.20,32.55,3.969,11.56,0.472,0.00,65.62,0.423,
23531,WALL ART BIG LOVE,104,9,91.35,7.97,34.99,4.390,11.56,0.314,0.00,63.77,0.408,
23532,WALL ART WORK REST AND PLAY,104,9,91.35,1.88,14.24,7.557,11.56,0.027,0.00,15.08,0.093,
23533,WALL ART GARDEN HAVEN,104,9,91.35,1.90,14.96,7.859,11.56,0.059,0.00,15.23,0.094,
23534,WALL ART STOP FOR TEA,104,10,90.38,12.95,56.20,4.339,10.40,0.375,0.00,103.62,0.667,
23535,WALL ART BICYCLE SAFETY,104,10,90.38,10.64,45.12,4.239,10.40,0.360,0.00,85.15,0.551,
23536,WALL ART VILLAGE SHOW,104,9,91.35,5.88,37.31,6.340,11.56,0.086,0.00,47.08,0.295,
23537,WALL ART I LOVE LONDON,104,9,91.35,1.06,4.78,4.523,11.56,0.419,0.00,8.46,0.055,
23538,WALL ART VINTAGE HEART,104,9,91.35,3.15,26.47,8.394,11.56,-0.004,0.00,25.23,0.154,
23539,WALL ART LOVES' SECRET,104,10,90.38,2.33,15.88,6.824,10.40,0.126,0.00,18.62,0.116,
23540,WALL ART THE MAGIC FOREST,104,7,93.27,1.43,13.43,9.376,14.86,0.011,0.00,11.46,0.070,
23541,WALL ART CLASSIC PUDDINGS,104,10,90.38,8.51,34.42,4.045,10.40,0.470,0.00,68.08,0.436,
23542,WALL ART 70'S ALPHABET,104,9,91.35,3.55,17.34,4.887,11.56,0.241,0.00,28.38,0.181,
23543,WALL ART KEEP CALM,104,9,91.35,5.07,27.76,5.479,11.56,0.146,0.00,40.54,0.256,
23544,WALL ART MID CENTURY MODERN,104,7,93.27,1.57,13.18,8.407,14.86,0.063,0.00,12.54,0.077,
23545,WRAP RED VINTAGE DOILY,104,20,80.77,22.64,53.78,2.375,5.20,0.650,0.00,123.08,1.059,
23546,WRAP PAISLEY PARK,104,20,80.77,30.05,68.21,2.270,5.20,0.802,0.00,150.00,1.387,
23547,WRAP FLOWER SHOP,104,19,81.73,14.18,34.27,2.416,5.47,0.719,0.00,63.46,0.639,
23548,WRAP MAGIC FOREST,104,17,83.65,9.86,26.85,2.725,6.12,0.692,0.00,40.38,0.434,
23549,WRAP BIRD GARDEN,104,19,81.73,12.55,32.96,2.627,5.47,0.441,0.00,65.38,0.575,
23550,WRAP ALPHABET POSTER,104,19,81.73,17.60,45.04,2.560,5.47,0.634,0.00,67.31,0.775,
23551,PACK OF 12 PAISLEY PARK TISSUES,104,14,86.54,16.60,48.48,2.921,7.43,0.786,0.00,128.15,0.815,
23552,BICYCLE PUNCTURE REPAIR KIT,104,2,98.08,7.49,69.53,9.282,52.00,0.995,0.00,59.92,0.427,
23553,LANDMARK FRAME CAMDEN TOWN,104,7,93.27,4.16,30.87,7.414,14.86,0.120,0.00,33.31,0.214,
23554,LANDMARK FRAME OXFORD STREET,104,7,93.27,3.99,33.40,8.370,14.86,0.093,0.00,31.92,0.204,
23555,LANDMARK FRAME NOTTING HILL,104,7,93.27,3.98,32.59,8.187,14.86,0.116,0.00,31.85,0.203,
23556,LANDMARK FRAME COVENT GARDEN,104,7,93.27,4.12,33.54,8.149,14.86,0.102,0.00,32.92,0.210,
23557,LANDMARK FRAME BAKER STREET,104,7,93.27,3.32,30.70,9.255,14.86,0.015,0.00,26.54,0.169,
23558,LANDMARK FRAME LONDON BRIDGE,104,7,93.27,3.94,32.26,8.182,14.86,0.103,0.00,31.54,0.201,
23559,WOODLAND BUNNIES LOLLY MAKERS,104,13,87.50,5.53,18.89,3.417,8.00,0.512,0.00,44.23,0.274,
23560,SET OF 6 RIBBONS COUNTRY STYLE,104,2,98.08,0.67,6.04,8.970,52.00,0.989,0.00,5.38,0.038,
23561,SET OF 6 RIBBONS PARTY,104,2,98.08,0.56,5.59,10.022,52.00,1.000,0.00,4.46,0.032,
23562,SET OF 6 RIBBONS PERFECTLY PRETTY,104,2,98.08,0.88,8.27,9.345,52.00,0.995,0.00,7.08,0.050,
23564,EGG CUP MILKMAID INGRID,104,8,92.31,5.91,29.90,5.057,13.00,0.481,0.00,47.31,0.308,
23565,EGG CUP MILKMAID HELGA,104,8,92.31,3.75,14.88,3.967,13.00,0.710,0.00,30.00,0.199,
23566,EGG CUP MILKMAID HEIDI,104,7,93.27,6.92,33.89,4.896,14.86,0.348,0.00,55.38,0.365,
23567,EGG CUP HENRIETTA HEN PINK,104,8,92.31,1.97,8.25,4.185,13.00,0.491,0.00,15.77,0.105,
23568,EGG CUP HENRIETTA HEN CREAM,104,8,92.31,4.60,23.40,5.091,13.00,0.349,0.00,36.77,0.241,
23569,TRADTIONAL ALPHABET STAMP SET,104,7,93.27,7.27,29.72,4.089,14.86,0.940,0.00,58.15,0.397,
23570,TRADITIONAL PICK UP STICKS GAME,104,7,93.27,24.47,111.87,4.572,14.86,0.790,0.00,195.77,1.331,
23571,TRADITIONAL NAUGHTS & CROSSES,104,7,93.27,26.46,121.10,4.576,14.86,0.771,0.00,211.69,1.437,
23574,PACKING CHARGE,104,10,90.38,1.09,9.80,9.023,10.40,-0.002,0.00,0.85,0.037,
23575,SNACK TRAY PAISLEY PARK,104,2,98.08,0.59,5.25,8.948,52.00,0.989,0.00,4.69,0.033,
23576,SNACK TRAY RED VINTAGE DOILY,104,2,98.08,0.61,5.89,9.720,52.00,0.999,0.00,4.85,0.035,
23578,SNACK TRAY RED GINGHAM,104,2,98.08,0.35,3.25,9.379,52.00,0.996,0.00,2.77,0.020,
23579,SNACK TRAY I LOVE LONDON,104,5,95.19,0.65,4.60,7.029,20.80,0.549,0.00,5.23,0.036,
23580,SNACK TRAY HAPPY FOREST,104,2,98.08,0.75,7.26,9.684,52.00,0.999,0.00,6.00,0.043,
23581,JUMBO BAG PAISLEY PARK,104,6,94.23,44.51,194.34,4.366,17.33,0.670,0.00,356.08,2.405,
23582,VINTAGE DOILY JUMBO BAG RED,104,6,94.23,41.67,211.22,5.069,17.33,0.596,0.00,333.38,2.297,
23583,LUNCH BAG PAISLEY PARK,104,6,94.23,29.68,128.22,4.320,17.33,0.715,0.00,237.46,1.603,
23595,adjustment,104,1,99.04,0.05,0.49,10.198,104.00,-0.010,0.00,0.38,0.002,
23597,PAPER BUNTING PAISLEY PARK,104,4,96.15,1.12,6.66,5.924,26.00,0.883,0.00,9.00,0.063,
23598,PAPER BUNTING VINTAGE PARTY,104,4,96.15,2.26,12.90,5.710,26.00,0.791,0.00,18.08,0.126,
23601,SET 10 CARDS SNOWY SNOWDROPS 17100,104,3,97.12,0.08,0.60,7.832,34.67,-0.015,0.00,0.62,0.004,
23602,SET 10 CARDS 3 WISE MEN 17107,104,1,99.04,0.01,0.10,10.198,104.00,-0.010,0.00,0.08,0.001,
23603,SET 10 CARD KRAFT REINDEER 17084,104,6,94.23,0.14,0.70,4.871,17.33,0.435,0.00,1.15,0.008,
23604,SET 10 MINI SANTA & SNOWMAN 17087,104,2,98.08,0.04,0.31,8.039,52.00,-0.016,0.00,0.31,0.002,
23605,SET 10 CARDS 12 DAYS OF XMAS 17059,104,1,99.04,0.04,0.39,10.198,104.00,-0.010,0.00,0.31,0.002,
23607,SET 10 CARDS HATS & STOCKINGS 17081,104,7,93.27,0.08,0.30,3.924,14.86,0.573,0.00,0.62,0.004,
23608,SET 10 CARDS RUDOLPHS NOSE 17097,104,2,98.08,0.03,0.22,7.572,52.00,-0.018,0.00,0.23,0.002,
23609,SET 10 CARDS SNOWY ROBIN 17099,104,1,99.04,0.01,0.10,10.198,104.00,,0.00,0.08,0.001,
23610,SET 10 CARDS CHRISTMAS ROBIN 17095,104,3,97.12,0.03,0.17,5.830,34.67,0.313,0.00,0.23,0.001,
23611,SET 10 CARDS RED RIDING HOOD 17214,104,11,89.42,0.35,1.36,3.919,9.45,0.468,0.00,2.77,0.018,
23612,SET 10 MINICARDS CUTE SNOWMAN 17071,104,2,98.08,0.05,0.40,8.390,52.00,-0.014,0.00,0.38,0.003,
23613,SET 10 XMAS CARDS & BADGES 17070,104,4,96.15,0.11,0.57,5.419,26.00,-0.029,0.00,0.85,0.006,
23614,SET 10 CARDS 12 DAYS WRAP 17058,104,7,93.27,0.17,0.77,4.442,14.86,0.244,0.00,1.38,0.009,
23615,SET 10 CARDS PRINTED GRAPHIC 17219,104,3,97.12,0.03,0.17,5.830,34.67,-0.024,0.00,0.23,0.002,
23616,SET 10 CARDS JINGLE BELLS 17217,104,4,96.15,0.05,0.26,5.329,26.00,0.765,0.00,0.38,0.003,
23617,SET 10 CARDS SWIRLY XMAS TREE 17104,104,1,99.04,0.02,0.20,10.198,104.00,,0.00,0.15,0.001,
23619,SET 10 CARDS POINSETTIA 17093,104,2,98.08,0.04,0.31,8.039,52.00,-0.016,0.00,0.31,0.002,
23620,SET 10 CARDS PERFECT POST 17090,104,6,94.23,0.10,0.43,4.471,17.33,0.422,0.00,0.69,0.005,
23621,SET 10 CARDS DAVID'S MADONNA 17074,104,2,98.08,0.02,0.14,7.176,52.00,0.490,0.00,0.15,0.001,
23623,SET 10 CARD CHRISTMAS WELCOME 17112,104,5,95.19,0.08,0.39,5.024,20.80,0.097,0.00,0.54,0.004,
23624,SET 10 CARD PERFECT NATIVITY 17089,104,3,97.12,0.04,0.24,6.194,34.67,-0.027,0.00,0.31,0.002,
23625,SET 6 CARDS SPARKLY REINDEER 17262,104,4,96.15,0.09,0.54,6.259,26.00,0.044,0.00,0.69,0.004,
23626,SET 10 CARDS DINKY TREE 17076,104,8,92.31,0.37,2.58,7.064,13.00,0.148,0.00,2.92,0.020,
23627,SET 10 CARDS XMAS GRAPHIC 17218,104,2,98.08,0.07,0.60,8.848,52.00,-0.013,0.00,0.54,0.004,
23628,SET 10 CARDS TRIANGLE ICONS 17220,104,1,99.04,0.01,0.10,10.198,104.00,-0.010,0.00,0.08,0.001,
23629,SET 10 CARDS DRESSING UP 17077,104,6,94.23,0.23,1.15,4.988,17.33,0.201,0.00,1.85,0.012,
23630,SET 10 CARDS HANGING BAUBLES 17080,104,2,98.08,0.02,0.14,7.176,52.00,-0.014,0.00,0.15,0.001,
23632,SET 10 CARDS CHEERFUL ROBIN 17065,104,6,94.23,0.14,0.78,5.415,17.33,0.448,0.00,1.15,0.008,
23633,SET 10 CARDS WORLD CHILDREN 17067,104,3,97.12,0.03,0.17,5.830,34.67,0.313,0.00,0.23,0.002,
23634,SET 10 CARDS XMAS CHOIR 17068,104,4,96.15,0.04,0.19,5.024,26.00,-0.040,0.00,0.23,0.002,
23635,SET 10 CARDS CHRISTMAS HOLLY 17259,104,2,98.08,0.02,0.14,7.176,52.00,-0.020,0.00,0.15,0.001,
23636,SET 10 CARDS WISHING TREE 17116,104,4,96.15,0.05,0.26,5.329,26.00,0.193,0.00,0.38,0.003,
23637,SET 10 CARDS OUT OF ORDER 17216,104,7,93.27,0.10,0.41,4.230,14.86,0.193,0.00,0.77,0.005,
23638,SET 10 CARDS ROBIN WATERPUMP 17096,104,2,98.08,0.02,0.14,7.176,52.00,-0.020,0.00,0.15,0.001,
23639,SET 10 CARDS MAGICAL TREE 17086,104,4,96.15,0.04,0.19,5.024,26.00,0.480,0.00,0.31,0.002,
23640,SET 10 CARDS SCOTTIE DOG 17211,104,7,93.27,0.08,0.30,3.924,14.86,0.275,0.00,0.62,0.004,
23643,SET 10 CARDS CHRISTMAS BAUBLE 16954,104,1,99.04,0.01,0.10,10.198,104.00,-0.010,0.00,0.08,0.001,
23644,SET 10 CARDS CHRISTMAS TREE 16955,104,4,96.15,0.04,0.19,5.024,26.00,0.264,0.00,0.31,0.002,
23645,SET 10 CHRISTMAS CARDS HOHOHO 16956,104,3,97.12,0.07,0.45,6.633,34.67,0.172,0.00,0.54,0.004,
23646,SET 10 CARDS JINGLE BELLS 16957,104,4,96.15,0.08,0.43,5.640,26.00,0.123,0.00,0.62,0.004,
23649,SET 10 CARDS DECK THE HALLS 16960,104,2,98.08,0.02,0.14,7.176,52.00,0.490,0.00,0.15,0.001,
23650,SET 10 CARDS FILIGREE BAUBLE 16961,104,3,97.12,0.03,0.17,5.830,34.67,0.313,0.00,0.23,0.001,
23652,SET 10 CARD CHRISTMAS STAMPS 16963,104,1,99.04,0.02,0.20,10.198,104.00,-0.010,0.00,0.15,0.001,
23654,SET 10 CARD SNOWMAN 16965,104,3,97.12,0.04,0.24,6.194,34.67,-0.022,0.00,0.31,0.002,
23660,HENRIETTA HEN MUG,104,6,94.23,2.82,12.30,4.367,17.33,0.467,0.00,22.54,0.150,
23661,MILK MAIDS MUG,104,8,92.31,1.98,9.31,4.700,13.00,0.303,0.00,15.85,0.104,
23664,FLOWER SHOP DESIGN MUG,104,1,99.04,0.01,0.10,10.198,104.00,-0.010,0.00,0.08,0.001,
23681,LUNCH BAG RED VINTAGE DOILY,104,5,95.19,12.76,63.98,5.014,20.80,0.946,0.00,102.08,0.710,
23691,WRAP KEEP CALM BIRTHDAY,104,5,95.19,9.62,49.18,5.115,20.80,0.753,0.00,76.92,0.532,
23692,WRAP A PRETTY THANK YOU,104,2,98.08,0.48,3.45,7.176,52.00,-0.014,0.00,3.85,0.027,
23694,PAISLEY PARK CARD,104,3,97.12,2.88,19.31,6.718,34.67,0.603,0.00,23.00,0.162,
23695,DOILY THANK YOU CARD,104,4,96.15,5.26,31.33,5.956,26.00,0.566,0.00,42.08,0.294,
23697,A PRETTY THANK YOU CARD,104,4,96.15,3.79,23.61,6.231,26.00,0.913,0.00,30.31,0.213,
23702,High Resolution Image,104,3,97.12,1.00,9.90,9.903,34.67,-0.010,0.00,8.00,0.051,
23843,"PAPER CRAFT , LITTLE BIRDIE",104,0,100.00,0.00,0.00,0.000,0.00,,0.00,0.00,0.000,
30086C,ASSORTED FRUIT STRAWS,104,0,100.00,0.00,0.00,0.000,0.00,,0.00,0.00,0.000,
35001B,UNKNOWN,104,6,94.23,0.29,1.49,5.173,17.33,0.381,1.08,0.00,-0.013,-100.00
35001G,HAND OPEN SHAPE GOLD,104,53,49.04,6.52,18.05,2.769,1.96,0.193,19.00,6.00,-0.118,-68.42
35001P,UNKNOWN,104,2,98.08,0.05,0.35,7.321,52.00,0.451,0.38,0.00,-0.003,-100.00
35001W,HAND OPEN SHAPE DECO.WHITE,104,45,56.73,7.98,20.61,2.582,2.31,0.101,25.77,0.00,-0.269,-100.00
35004B,SET OF 3 BLACK FLYING DUCKS,104,84,19.23,13.83,18.94,1.370,1.24,0.376,19.15,9.92,-0.084,-48.19
35004C,SET OF 3 COLOURED FLYING DUCKS,104,62,40.38,27.98,44.60,1.594,1.68,0.429,33.08,0.00,-0.548,-100.00
35004G,SET OF 3 GOLD FLYING DUCKS,104,48,53.85,3.14,7.63,2.427,2.17,0.163,3.77,2.15,-0.020,-42.86
35004P,UNKNOWN,104,17,83.65,1.08,3.99,3.705,6.12,0.557,6.77,0.00,-0.052,-100.00
35004S,SET OF 3 SILVER FLYING DUCKS,104,3,97.12,1.23,9.17,7.453,34.67,0.914,9.85,0.00,-0.070,-100.00
35015,JACOBS LADDER SMALL,104,21,79.81,15.76,40.33,2.559,4.95,0.315,10.46,0.00,-0.390,-100.00
35051B,UNKNOWN,104,2,98.08,0.25,1.92,7.698,52.00,-0.013,2.00,0.00,-0.014,-100.00
35071,ASSORTED SANTA CHRISTMAS DECORATION,104,1,99.04,0.03,0.29,10.198,104.00,,0.23,0.00,-0.002,-100.00
35085E,IVORY ROSE LAMPSHADE,104,7,93.27,0.37,1.48,4.037,14.86,0.088,0.46,0.00,-0.013,-100.00
35095A,BLUE VICTORIAN FABRIC OVAL BOX,104,72,30.77,16.98,50.85,2.995,1.44,-0.061,36.92,21.15,-0.016,-42.71
35095B,RED VICTORIAN FABRIC OVAL BOX,104,76,26.92,18.24,53.79,2.949,1.37,-0.060,40.08,16.00,-0.077,-60.08
35096A,UNKNOWN,104,12,88.46,7.62,59.24,7.778,8.67,0.007,60.92,0.00,-0.348,-100.00
35096B,RED VICTORIAN FABRIC HEART BOX,104,9,91.35,2.73,16.91,6.193,11.56,0.027,21.85,0.00,-0.128,-100.00
35160,UNKNOWN,104,34,67.31,19.28,57.28,2.971,3.06,0.054,37.69,0.00,-0.573,-100.00
35233,PASTA ENAMEL/BRASS CONTAINER,104,8,92.31,0.10,0.36,3.700,13.00,0.010,0.46,0.00,-0.004,-100.00
35240,UNKNOWN,104,21,79.81,0.94,4.51,4.782,4.95,0.015,0.00,0.00,-0.020,
35241,ENAMEL BLUE RIM BISCUIT BIN,104,58,44.23,2.96,4.71,1.589,1.79,0.081,3.46,0.00,-0.043,-100.00
35265,COLOURFUL FLOWER FRUIT BOWL,104,13,87.50,0.20,0.64,3.191,8.00,-0.030,0.00,0.23,0.003,
35271S,GOLD PRINT PAPER BAG,104,13,87.50,4.80,20.13,4.196,8.00,0.305,12.46,0.00,-0.103,-100.00
35400,WOODEN BOX ADVENT CALENDAR,104,32,69.23,13.40,36.47,2.721,3.25,0.831,3.15,0.77,-0.127,-75.61
35443,RASTA IN BATH W SPLIFF ASHTRAY,104,9,91.35,0.14,0.56,3.915,11.56,-0.067,0.15,0.38,0.002,150.00
35471A,SET OF 3 BIRD L.BLUE FEATHER,104,31,70.19,3.72,13.93,3.743,3.35,0.255,4.54,0.00,-0.072,-100.00
35471D,SET OF 3 BIRD LIGHT PINK FEATHER,104,87,16.35,20.84,41.98,2.015,1.20,0.591,3.08,95.38,0.727,3000.00
35537,CANDLE RING W/CLEAR BEADS,104,2,98.08,0.08,0.62,8.039,52.00,-0.016,0.15,0.00,-0.003,-100.00
35591T,TURQUOISE CHRISTMAS TREE,104,7,93.27,0.16,0.70,4.272,14.86,0.243,0.00,0.15,-0.000,
35592T,UNKNOWN,104,1,99.04,0.04,0.39,10.198,104.00,-0.010,0.00,0.31,0.002,
35594,WOODEN CHRISTMAS TREE 3 HANGING,104,24,76.92,1.45,4.39,3.023,4.33,0.465,0.85,0.00,-0.027,-100.00
35596,WOOD XMAS TREE 9 FIG SHELVES,104,3,97.12,0.57,3.62,6.376,34.67,0.554,0.00,0.00,-0.005,
35597A,DUSTY PINK CHRISTMAS TREE 30CM,104,3,97.12,0.10,0.72,7.463,34.67,-0.018,0.00,0.00,-0.000,
35597B,BLACKCHRISTMAS TREE 30CM,104,7,93.27,0.75,5.99,7.984,14.86,-0.016,0.15,0.00,-0.014,-100.00
35597D,UNKNOWN,104,6,94.23,1.12,6.45,5.782,17.33,-0.030,0.00,0.15,0.002,
35598A,DUSTY PINK CHRISTMAS TREE 60CM,104,3,97.12,0.17,1.18,6.805,34.67,-0.021,0.08,1.31,0.008,1600.00
35598B,BLACK CHRISTMAS TREE 60CM,104,28,73.08,8.69,29.45,3.388,3.71,0.191,3.92,36.92,0.179,841.18
35598C,WHITE CHRISTMAS TREE 60CM,104,5,95.19,0.07,0.35,5.182,20.80,0.042,0.15,0.38,0.001,150.00
35598D,PINK/WHITE CHRISTMAS TREE 60CM,104,43,58.65,15.88,43.99,2.769,2.42,0.112,5.69,39.69,0.180,597.30
35599B,BLACK CHRISTMAS TREE 120CM,104,28,73.08,2.54,9.59,3.777,3.71,0.318,0.31,15.08,0.101,4800.00
35599D,PINK AND WHITE CHRISTMAS TREE 120CM,104,36,65.38,3.74,8.92,2.386,2.89,0.388,2.08,11.85,0.067,470.37
35600A,Found by jackie,104,1,99.04,0.01,0.10,10.198,104.00,-0.010,0.00,0.08,0.000,
35600D,PINK AND WHITE CHRISTMAS TREE 180CM,104,8,92.31,1.11,5.50,4.977,13.00,-0.040,0.23,0.00,-0.020,-100.00
35603B,UNKNOWN,104,2,98.08,0.88,6.37,7.204,52.00,0.483,7.08,0.00,-0.049,-100.00
35603C,SET/16 WHITE SHINY & MATT BAUBLES,104,15,85.58,0.73,2.25,3.076,6.93,0.607,1.62,0.00,-0.016,-100.00
35607A,UNKNOWN,104,21,79.81,5.34,17.18,3.220,4.95,0.269,3.77,0.00,-0.074,-100.00
35607B,BLACK FEATHER CHRISTMAS DECORATION,104,15,85.58,3.00,11.96,3.987,6.93,0.140,8.69,0.77,-0.045,-91.15
35609A,PINK FEATHER CHRISTMAS DECORATION,104,14,86.54,4.21,16.62,3.946,7.43,0.308,4.62,0.00,-0.058,-100.00
35610A,PINK CHRISTMAS FLOCK DROPLET,104,10,90.38,1.38,10.28,7.477,10.40,0.066,0.08,0.00,-0.012,-100.00
35610B,BLACK CHRISTMAS FLOCK DROPLET,104,10,90.38,1.64,9.91,6.028,10.40,0.056,0.23,0.00,-0.013,-100.00
35610C,WHITE CHRISTMAS FLOCK DROPLET,104,8,92.31,0.90,5.32,5.888,13.00,0.080,0.15,0.00,-0.007,-100.00
35611B,BLACK ASSORTED DROPLET DECORATION,104,1,99.04,0.11,1.08,10.198,104.00,-0.010,0.00,0.00,-0.000,
35633B,BLUE TINSEL GARLAND,104,8,92.31,2.52,17.49,6.941,13.00,0.009,3.31,0.00,-0.036,-100.00
35637A,IVORY STRING CURTAIN WITH POLE,104,35,66.35,5.30,25.31,4.777,2.97,-0.034,0.69,4.46,0.007,544.44
35637C,PINK STRING CURTAIN WITH POLE,104,18,82.69,0.96,4.92,5.115,5.78,-0.008,1.08,1.54,-0.004,42.86
35638A,PINK AND BLACK STRING CURTAIN,104,6,94.23,0.38,3.24,8.644,17.33,-0.014,0.08,0.23,0.013,200.00
35638B,PINK/BLUE STRING CURTAIN,104,11,89.42,1.13,6.66,5.870,9.45,0.015,0.08,0.15,0.012,100.00
35644,PAIR PINK/BLACK COATHANGERS,104,6,94.23,0.20,1.11,5.494,17.33,0.282,0.15,0.00,-0.006,-100.00
35645,VINTAGE BEAD PINK JEWEL BOX,104,25,75.96,0.79,2.40,3.039,4.16,0.012,1.15,0.08,-0.012,-93.33
35646,VINTAGE BEAD PINK EVENING BAG,104,37,64.42,5.99,12.84,2.143,2.81,0.335,0.15,19.54,0.185,12600.00
35647,VINTAGE BEAD PINK SHADE,104,36,65.38,5.41,23.39,4.321,2.89,0.129,2.08,0.00,-0.108,-100.00
35648,VINTAGE BEAD PINK PURSE,104,52,50.00,9.87,16.97,1.720,2.00,0.481,1.15,27.85,0.300,2313.33
35649,VINTAGE BEAD COSMETIC BAG,104,34,67.31,17.49,169.37,9.683,3.06,-0.011,1.46,2.38,-0.498,63.16
35650,VINTAGE BEAD PINK JEWEL STAND,104,3,97.12,0.03,0.17,5.830,34.67,-0.030,0.00,0.00,0.000,
35651,VINTAGE BEAD PINK SCARF,104,26,75.00,4.40,11.11,2.522,4.00,0.376,0.00,10.46,0.108,
35652,VINTAGE BEAD CHAISE LONG JEWEL BOX,104,2,98.08,0.17,1.58,9.125,52.00,-0.012,0.15,0.00,-0.008,-100.00
35653,VINTAGE BEAD NOTEBOOK,104,51,50.96,3.28,5.42,1.654,2.04,0.501,2.54,0.00,0.011,-100.00
35654,VINTAGE BEAD FILLED PINK CUSHION,104,5,95.19,0.12,0.61,5.307,20.80,-0.036,0.23,0.00,-0.005,-100.00
35751A,UNKNOWN,104,1,99.04,1.46,14.90,10.198,104.00,-0.010,11.69,0.00,-0.080,-100.00
35751C,PURPLE CURRENT CANDLE RING,104,0,100.00,0.00,0.00,0.000,0.00,,0.00,0.00,0.000,
35751D,PINK CURRENT CANDLE RING,104,0,100.00,0.00,0.00,0.000,0.00,,0.00,0.00,0.000,
35793,S/3 PUPPIES CHRISTMAS DECORATIONS,104,3,97.12,0.80,7.75,9.708,34.67,0.721,6.38,0.00,-0.046,-100.00
35809A,ENAMEL PINK TEA CONTAINER,104,69,33.65,10.96,21.46,1.958,1.51,0.346,10.54,0.00,-0.099,-100.00
35809B,ENAMEL BLUE RIM TEA CONTAINER,104,23,77.88,1.15,3.25,2.819,4.52,0.533,2.15,0.00,-0.034,-100.00
35810A,ENAMEL PINK COFFEE CONTAINER,104,76,26.92,11.53,19.18,1.664,1.37,0.168,9.85,4.77,0.018,-51.56
35810B,ENAMEL BLUE RIM COFFEE CONTAINER,104,38,63.46,3.22,6.36,1.974,2.74,0.113,2.54,1.46,-0.013,-42.42
35811A,UNKNOWN,104,36,65.38,4.16,11.32,2.719,2.89,0.559,9.38,0.00,-0.131,-100.00
35815B,"ACRYLIC JEWEL SNOWFLAKE,BLUE",104,2,98.08,0.91,6.56,7.186,52.00,0.740,7.31,0.00,-0.052,-100.00
35815P,UNKNOWN,104,7,93.27,2.00,12.67,6.336,14.86,-0.015,0.00,11.77,0.078,
35816B,"ACRYLIC JEWEL ANGEL,BLUE",104,3,97.12,1.34,13.33,9.977,34.67,-0.010,0.23,0.00,-0.044,-100.00
35816P,"ACRYLIC JEWEL ANGEL,PINK",104,8,92.31,2.86,16.31,5.711,13.00,0.023,0.08,0.00,-0.024,-100.00
35817B,"ACRYLIC JEWEL SNOWFLAKE,BLUE",104,1,99.04,1.36,13.83,10.198,104.00,-0.010,0.00,0.00,-0.044,
35817P,PINK ACRYLIC JEWEL SNOWFLAKE,104,10,90.38,4.04,24.65,6.105,10.40,-0.027,0.00,0.00,-0.094,
35818B,"ACRYLIC JEWEL ICICLE, BLUE",104,10,90.38,3.92,18.56,4.731,10.40,-0.045,0.00,0.54,-0.051,
35818C,"ACRYLIC JEWEL ICICLE, CLEAR",104,1,99.04,0.01,0.10,10.198,104.00,-0.010,0.08,0.00,-0.001,-100.00
35818P,"ACRYLIC JEWEL ICICLE, PINK",104,18,82.69,5.36,19.82,3.700,5.78,-0.026,0.00,17.08,0.054,
35819B,check,104,23,77.88,4.62,13.16,2.851,4.52,0.144,0.15,21.08,0.134,13600.00
35819P,"ACRYLIC HANGING JEWEL,PINK",104,7,93.27,1.95,11.48,5.881,14.86,-0.009,0.00,7.31,0.081,
35821B,"JEWELLED DECORATION,BLUE",104,3,97.12,1.44,9.06,6.283,34.67,0.144,5.54,0.00,-0.068,-100.00
35821P,UNKNOWN,104,2,98.08,0.03,0.22,7.572,52.00,0.389,0.23,0.00,-0.002,-100.00
35822B,"ACRYLIC BEAD CHAIN, BLUE",104,1,99.04,2.40,24.51,10.198,104.00,-0.010,19.23,0.00,-0.119,-100.00
35822P,"ACRYLIC BEAD CHAIN, PINK",104,1,99.04,1.10,11.18,10.198,104.00,-0.010,8.77,0.00,-0.054,-100.00
35823P,"ACRYLIC BEAD GARLAND,PINK",104,2,98.08,0.02,0.14,7.176,52.00,-0.020,0.08,0.00,-0.001,-100.00
35824B,"HANGING FLOWERS+MIRROR,BLUE",104,5,95.19,5.08,36.67,7.224,20.80,-0.009,5.62,0.00,-0.194,-100.00
35824C,"HANGING FLOWERS+MIRROR,CLEAR",104,5,95.19,2.25,12.24,5.438,20.80,-0.029,6.92,0.00,-0.103,-100.00
35824P,"HANGING FLOWERS+MIRROR,PINK",104,3,97.12,3.12,28.33,9.093,34.67,-0.012,0.00,0.00,-0.119,
35832,UNKNOWN,104,22,78.85,16.63,51.68,3.107,4.73,0.826,0.62,0.00,-0.174,-100.00
35833G,4 GOLD FLOCK CHRISTMAS BALLS,104,15,85.58,1.53,5.40,3.532,6.93,0.103,2.23,0.00,-0.026,-100.00
35833P,4 PINK FLOCK CHRISTMAS BALLS,104,28,73.08,1.99,5.12,2.573,3.71,0.383,2.92,1.69,-0.015,-42.11
35837,SET OF SIX SILVER+RED FLOCK BAUBLES,104,1,99.04,0.02,0.20,10.198,104.00,,0.15,0.00,-0.001,-100.00
35838A,UNKNOWN,104,8,92.31,2.47,12.20,4.937,13.00,0.003,5.85,0.00,-0.071,-100.00
35838B,S/6 SILVER ORNAMENETAL CANDLE,104,11,89.42,1.61,7.72,4.805,9.45,0.288,2.54,0.00,-0.044,-100.00
35840,FLAT GLASS BAUBLE WHITE FLOCK,104,3,97.12,0.42,3.25,7.680,34.67,0.383,3.38,0.00,-0.024,-100.00
35909A,RABBIT EASTER DECORATION,104,5,95.19,0.19,1.02,5.279,20.80,-0.037,0.46,0.00,-0.004,-100.00
35909B,PINK FLOWERS RABBIT EASTER,104,5,95.19,0.14,0.74,5.150,20.80,-0.038,0.46,0.00,-0.002,-100.00
35910A,MULTICOLOUR EASTER RABBIT,104,13,87.50,0.51,1.56,3.057,8.00,0.085,1.62,0.00,-0.011,-100.00
35910B,PINK FLOWERS RABBIT EASTER,104,7,93.27,0.28,1.19,4.283,14.86,0.026,1.23,0.08,-0.005,-93.75
35911A,MULTICOLOUR RABBIT EGG WARMER,104,43,58.65,3.89,9.45,2.427,2.42,0.504,2.46,7.31,0.066,196.87
35911B,PINK/FLOWER RABBIT EGG WARMER,104,14,86.54,1.53,6.31,4.127,7.43,0.384,2.00,0.00,-0.001,-100.00
35912B,WHITE/PINK CHICK DECORATION,104,25,75.96,2.77,10.60,3.827,4.16,0.007,2.23,5.62,0.056,151.72
35913B,WHITE/PINK CHICK EASTER DECORATION,104,18,82.69,0.96,3.25,3.380,5.78,-0.042,4.46,0.08,-0.022,-98.28
35914,UNKNOWN,104,26,75.00,2.35,8.88,3.784,4.00,0.211,1.00,0.92,0.027,-7.69
35915A,CREAM KNITTED HEN,104,1,99.04,2.77,28.24,10.198,104.00,-0.010,22.15,0.00,-0.155,-100.00
35915B,BLUE KNITTED HEN,104,26,75.00,5.41,29.24,5.402,4.00,0.043,24.77,0.08,-0.146,-99.69
35915C,UNKNOWN,104,29,72.12,6.64,30.16,4.540,3.59,0.038,23.85,0.00,-0.121,-100.00
35916A,YELLOW FELT HANGING HEART W FLOWER,104,30,71.15,1.24,3.21,2.588,3.47,0.300,2.46,0.08,0.008,-96.87
35916B,BLUE FELT HANGING HEART WITH FLOWER,104,27,74.04,1.15,3.30,2.860,3.85,0.206,1.54,0.15,0.016,-90.00
35916C,PINK FELT HANGING HEART W FLOWER,104,29,72.12,1.38,3.98,2.892,3.59,0.014,2.00,0.08,0.006,-96.15
35918B,BLUE FLORIBUNDA EGG WARMER,104,3,97.12,0.05,0.29,6.066,34.67,0.429,0.38,0.00,-0.002,-100.00
35920,FOUR RABBIT EASTER DECORATIONS,104,15,85.58,10.29,94.38,9.173,6.93,0.004,76.46,0.00,-0.432,-100.00
35921,EASTER BUNNY HANGING GARLAND,104,24,76.92,1.76,4.82,2.739,4.33,0.303,6.00,0.00,-0.035,-100.00
35922,EASTER BUNNY WREATH,104,23,77.88,0.93,2.67,2.867,4.52,0.220,3.46,0.00,-0.025,-100.00
35923,CANDY HEART HANGING DECORATION,104,57,45.19,14.86,56.11,3.777,1.82,0.026,7.31,45.38,0.437,521.05
35924,HANGING FAIRY CAKE DECORATION,104,74,28.85,20.62,39.70,1.926,1.41,0.082,16.00,7.62,-0.150,-52.40
35930,PINK HEART CHRISTMAS DECORATION,104,1,99.04,0.01,0.10,10.198,104.00,-0.010,0.08,0.00,-0.001,-100.00
35931,PINK STAR CHRISTMAS DECORATION,104,10,90.38,0.92,5.20,5.630,10.40,0.400,0.54,0.00,-0.012,-100.00
35932,UNKNOWN,104,9,91.35,0.38,1.53,3.974,11.56,0.368,0.31,0.00,-0.005,-100.00
35933,PINK STOCKING CHRISTMAS DECORATION,104,17,83.65,2.70,8.90,3.293,6.12,0.209,0.00,13.23,0.096,
35936,CERISE+GOLD CHRISTMAS TREE DEC,104,8,92.31,0.35,1.41,4.061,13.00,0.344,1.00,0.00,-0.011,-100.00
35937,CERISE+GOLD CHRISTMAS STOCKING DEC,104,10,90.38,1.81,7.67,4.245,10.40,0.263,2.15,0.00,-0.033,-100.00
35945,UNKNOWN,104,2,98.08,0.02,0.14,7.176,52.00,0.490,0.15,0.00,-0.001,-100.00
35950,FOLKART HEART CHRISTMAS DECORATIONS,104,1,99.04,0.01,0.10,10.198,104.00,-0.010,0.08,0.00,-0.000,-100.00
35951,UNKNOWN,104,22,78.85,11.67,29.85,2.557,4.73,0.565,7.92,0.00,-0.218,-100.00
35953,FOLKART STAR CHRISTMAS DECORATIONS,104,33,68.27,34.29,100.48,2.931,3.15,0.863,0.23,244.77,1.610,105966.67
35954,check,104,37,64.42,21.01,52.43,2.496,2.81,0.450,7.62,81.62,0.403,971.72
35955,SMALL FOLKART CHRISTMAS TREE DEC,104,2,98.08,0.02,0.14,7.176,52.00,-0.014,0.08,0.00,-0.001,-100.00
35957,SMALLFOLKART BAUBLE CHRISTMAS DEC,104,31,70.19,31.68,67.84,2.141,3.35,0.527,9.54,0.00,-0.358,-100.00
35958,UNKNOWN,104,27,74.04,10.38,29.97,2.886,3.85,0.603,5.38,0.00,-0.141,-100.00
35961,FOLKART ZINC HEART CHRISTMAS DEC,104,100,3.85,105.97,174.66,1.648,1.04,-0.013,68.23,49.54,-1.015,-27.40
35962,UNKNOWN,104,24,76.92,5.06,13.01,2.573,4.33,0.563,8.77,0.00,-0.130,-100.00
35963,FOLKART ZINC CLIP ON ANGEL WINGS,104,10,90.38,0.97,4.26,4.384,10.40,-0.031,1.62,0.00,-0.025,-100.00
35964,FOLKART CLIP ON STARS,104,34,67.31,11.04,31.35,2.840,3.06,0.460,0.54,55.00,0.325,10114.29
35965,FOLKART HEART NAPKIN RINGS,104,73,29.81,6.92,11.03,1.593,1.42,0.164,5.62,4.08,0.062,-27.40
35966,UNKNOWN,104,19,81.73,2.59,8.03,3.104,5.47,0.194,2.54,0.00,-0.027,-100.00
35967,FOLK ART METAL STAR T-LIGHT HOLDER,104,48,53.85,8.56,13.50,1.578,2.17,0.374,3.23,23.54,0.116,628.57
35968,check,104,45,56.73,7.53,17.08,2.269,2.31,0.018,13.46,6.08,-0.058,-54.86
35969,FOLKART CROWN TABLE DECORATIONS,104,31,70.19,4.41,12.82,2.905,3.35,0.210,1.23,0.00,-0.077,-100.00
35970,ZINC FOLKART SLEIGH BELLS,104,75,27.88,79.90,141.68,1.773,1.39,0.804,0.00,335.38,1.913,
35971,ROSE FOLKART HEART DECORATIONS,104,86,17.31,18.53,49.09,2.650,1.21,0.482,28.85,12.69,-0.189,-56.00
35972,DAISY FOLKART HEART DECORATION,104,40,61.54,3.97,10.20,2.570,2.60,0.233,11.31,2.08,-0.086,-81.63
35973,GERANIUM FOLKART HEART DECORATION,104,6,94.23,0.47,2.59,5.501,17.33,0.215,3.62,0.00,-0.025,-100.00
35974,S/6 CHRISTMAS TREE PLACE SETTING,104,1,99.04,0.01,0.10,10.198,104.00,-0.010,0.08,0.00,-0.001,-100.00
35975B,UNKNOWN,104,1,99.04,0.06,0.59,10.198,104.00,-0.010,0.46,0.00,-0.003,-100.00
35976B,WHITE SCANDINAVIAN HEART CHRISTMAS,104,0,100.00,0.00,0.00,0.000,0.00,,0.00,0.00,0.000,
35977B,UNKNOWN,104,1,99.04,0.07,0.69,10.198,104.00,-0.010,0.54,0.00,-0.004,-100.00
35978,UNKNOWN,104,1,99.04,0.46,4.71,10.198,104.00,-0.010,0.00,0.00,-0.018,
35979,SIX STRING SCANDINAVIAN HEART DECS,104,5,95.19,0.34,2.28,6.774,20.80,0.732,2.62,0.00,-0.019,-100.00
35980A,UNKNOWN,104,1,99.04,0.09,0.88,10.198,104.00,-0.010,0.69,0.00,-0.005,-100.00
35980B,RED TOP SCANDINAVIAN HEART,104,2,98.08,0.04,0.28,7.176,52.00,-0.020,0.15,0.00,-0.002,-100.00
35980C,REDWHITE STRIPE SCANDINAVIAN HEART,104,21,79.81,7.47,30.65,4.102,4.95,0.077,24.08,0.00,-0.236,-100.00
35981C,WHITE SNOW SCANDINAVIAN STOCKING,104,20,80.77,6.53,26.61,4.076,5.20,0.459,13.08,0.00,-0.154,-100.00
35990,UNKNOWN,104,1,99.04,0.02,0.20,10.198,104.00,-0.010,0.15,0.00,-0.001,-100.00
35991,SET/6 BLACK SNOWFLAKE T-LIGHTS,104,21,79.81,4.10,12.71,3.102,4.95,0.365,8.08,0.00,-0.092,-100.00
35994,UNKNOWN,104,1,99.04,0.04,0.39,10.198,104.00,-0.010,0.31,0.00,-0.002,-100.00
35995,SET/6 BLACK GLITTER REINDEER CANDLE,104,3,97.12,0.04,0.24,6.194,34.67,0.863,0.31,0.00,-0.002,-100.00
35999,UNKNOWN,104,2,98.08,0.28,2.75,9.849,52.00,-0.010,2.23,0.00,-0.015,-100.00
37112,YELLOW BIRDS FELT DES FOODCOVER,104,3,97.12,0.09,0.52,6.049,34.67,-0.028,0.69,0.00,-0.004,-100.00
37326,UNKNOWN,104,2,98.08,0.04,0.31,8.039,52.00,-0.016,0.08,0.00,-0.002,-100.00
37327,adjustment,104,40,61.54,16.75,35.94,2.146,2.60,0.239,0.15,9.00,0.410,5750.00
37330,BIG POLKADOT MUG,104,20,80.77,4.97,14.92,3.001,5.20,-0.017,7.38,0.00,-0.150,-100.00
37333,"RETRO ""TEA FOR ONE""",104,39,62.50,1.38,5.10,3.706,2.67,-0.011,2.38,0.00,-0.030,-100.00
37340,MULTICOLOUR SPRING FLOWER MUG,104,82,21.15,130.98,688.33,5.255,1.27,-0.029,53.54,52.46,-0.909,-2.01
37342,UNKNOWN,104,48,53.85,15.67,32.54,2.076,2.17,0.490,0.77,0.00,0.354,-100.00
37343,POLKADOT MUG PINK,104,49,52.88,10.33,20.89,2.023,2.12,0.273,20.92,0.00,-0.304,-100.00
37345,ASSTD HEARTS DESIGN MUGS,104,4,96.15,2.93,27.49,9.373,26.00,-0.010,23.46,0.00,-0.155,-100.00
37348,SET OF 4 PASTEL STACKING MUGS,104,5,95.19,0.12,0.72,5.759,20.80,0.082,0.69,0.00,-0.006,-100.00
37351,ORANGE FLOWER MUG,104,11,89.42,51.96,525.95,10.122,9.45,-0.010,0.92,0.00,-2.154,-100.00
37352,UNKNOWN,104,8,92.31,44.69,451.82,10.109,13.00,-0.010,0.62,0.00,-1.852,-100.00
37370,RETRO COFFEE MUGS ASSORTED,104,84,19.23,67.52,87.14,1.291,1.24,0.086,59.00,2.23,-0.669,-96.22
37379A,PINK CHERRY BLOSSOM CUP & SAUCER,104,11,89.42,0.38,1.37,3.574,9.45,0.044,1.08,0.00,-0.014,-100.00
37379B,BLUE CHERRY BLOSSOM CUP & SAUCER,104,3,97.12,10.79,108.84,10.088,34.67,-0.005,0.46,0.00,-0.449,-100.00
37399,"ASS RETROSPOOF MUGS,SPORTS",104,3,97.12,1.38,9.24,6.719,34.67,0.529,11.00,0.00,-0.076,-100.00
37408,ASSORTED DESIGN GEISHA GIRL MUGS,104,0,100.00,0.00,0.00,0.000,0.00,,0.00,0.00,0.000,
37409,ASSORTED DESIGN FLOWER MUGS,104,3,97.12,0.07,0.51,7.540,34.67,-0.018,0.08,0.00,-0.003,-100.00
37410,BLACK AND WHITE PAISLEY FLOWER MUG,104,13,87.50,245.44,1963.93,8.002,8.00,-0.012,1958.31,0.00,-11.567,-100.00
37413,ICON MUG REVOLUTIONARY,104,35,66.35,60.15,545.69,9.072,2.97,-0.012,0.00,14.46,0.659,
37422,WHITE WITH BLACK CATS BOWL,104,22,78.85,4.15,24.18,5.820,4.73,-0.008,9.77,0.00,-0.154,-100.00
37423,WHITE WITH BLACK CATS PLATE,104,38,63.46,59.22,407.15,6.875,2.74,-0.016,4.23,0.00,-0.854,-100.00
37424,WHITE WITH BLACK CATS MUG,104,42,59.62,50.38,296.90,5.893,2.48,-0.014,8.15,0.00,-0.879,-100.00
37432,MUG PINK AND PURPLE ARABIC DESIGN,104,1,99.04,0.06,0.59,10.198,104.00,,0.46,0.00,-0.003,-100.00
37438,FUNKY FLOWER COFFEE POT,104,1,99.04,0.01,0.10,10.198,104.00,,0.08,0.00,-0.001,-100.00
37441,UNKNOWN,104,26,75.00,7.31,25.78,3.528,4.00,0.094,8.31,0.00,-0.256,-100.00
37444A,UNKNOWN,104,37,64.42,26.06,180.39,6.923,2.81,-0.020,0.62,0.00,-0.361,-100.00
37444B,UNKNOWN,104,20,80.77,19.56,137.48,7.029,5.20,-0.019,0.23,0.00,-0.285,-100.00
37444C,UNKNOWN,104,32,69.23,16.09,106.21,6.603,3.25,-0.022,1.77,0.00,-0.242,-100.00
37446,MINI CAKE STAND WITH HANGING CAKES,104,76,26.92,36.89,58.99,1.599,1.37,0.536,39.92,16.77,-0.589,-58.00
37447,CERAMIC CAKE DESIGN SPOTTED PLATE,104,96,7.69,27.35,26.14,0.956,1.08,0.285,29.08,12.85,-0.354,-55.82
37448,CERAMIC CAKE DESIGN SPOTTED MUG,104,95,8.65,42.18,37.97,0.900,1.09,0.305,68.00,20.85,-0.591,-69.34
37449,CERAMIC CAKE STAND + HANGING CAKES,104,85,18.27,22.22,33.36,1.501,1.22,0.160,32.62,9.23,-0.383,-71.70
37450,CERAMIC CAKE BOWL + HANGING CAKES,104,95,8.65,23.29,22.46,0.965,1.09,0.148,26.00,10.31,-0.290,-60.36
37451,UNKNOWN,104,3,97.12,0.05,0.32,6.723,34.67,0.070,0.38,0.00,-0.003,-100.00
37461,UNKNOWN,104,44,57.69,7.59,24.87,3.278,2.36,0.029,31.38,0.00,-0.314,-100.00
37462B,"PET MUG, BUDGIE",104,21,79.81,1.85,7.09,3.842,4.95,0.018,8.15,0.00,-0.068,-100.00
37462E,"PET MUG, GOLDFISH",104,22,78.85,2.12,11.87,5.588,4.73,-0.005,11.62,1.08,-0.064,-90.73
37464,ROBOT MUG IN DISPLAY BOX,104,33,68.27,2.93,8.14,2.774,3.15,0.114,5.77,0.00,-0.062,-100.00
37467,UNKNOWN,104,40,61.54,4.07,15.62,3.839,2.60,0.044,1.92,4.23,0.048,120.00
37468,HARDMAN MUG 3 ASSORTED,104,14,86.54,1.28,7.05,5.515,7.43,0.021,0.15,3.00,0.031,1850.00
37471,MULTICOLOUR POLKADOT PLATE,104,10,90.38,13.51,94.36,6.985,10.40,-0.021,0.15,1.23,-0.182,700.00
37474,UNKNOWN,104,30,71.15,0.61,1.33,2.199,3.47,0.203,0.54,0.00,-0.013,-100.00
37475,SET/4 COLOURFUL MIXING BOWLS,104,47,54.81,1.12,1.83,1.645,2.21,-0.028,0.85,1.46,0.010,72.73
37476,CONDIMENT TRAY 4 BOWLS AND 4 SPOONS,104,44,57.69,2.00,7.85,3.925,2.36,0.165,1.54,0.15,-0.020,-90.00
37477B,"FLOWER FAIRY MUG+COASTER,LAVENDER",104,7,93.27,0.10,0.45,4.700,14.86,0.001,0.23,0.00,-0.002,-100.00
37477C,"FLOWER FAIRY MUG+COASTER,ROSE",104,2,98.08,0.25,2.04,8.168,52.00,-0.015,1.54,0.00,-0.009,-100.00
37479B,UNKNOWN,104,26,75.00,16.62,88.13,5.301,4.00,-0.035,37.00,0.00,-0.446,-100.00
37479P,CUBIC MUG FLOCK PINK ON BROWN,104,27,74.04,1.63,4.46,2.731,3.85,0.402,0.00,5.54,0.058,
37481,UNKNOWN,104,3,97.12,0.17,1.01,5.830,34.67,0.313,0.46,0.00,-0.006,-100.00
37482B,CUBIC MUG BLUE POLKA DOT,104,8,92.31,11.98,71.81,5.993,13.00,-0.027,37.54,0.00,-0.490,-100.00
37482P,CUBIC MUG PINK POLKADOT,104,35,66.35,6.30,22.37,3.553,2.97,0.470,3.00,0.00,0.045,-100.00
37483,ENGLISH ROSE MUG IN GIFT BOX,104,5,95.19,2.76,18.80,6.812,20.80,0.022,0.00,0.00,-0.085,
37484,UNKNOWN,104,2,98.08,0.02,0.14,7.176,52.00,-0.014,0.15,0.00,-0.001,-100.00
37485,UNKNOWN,104,7,93.27,1.14,8.21,7.172,14.86,0.002,9.15,0.00,-0.063,-100.00
37487B,YELLOW/ORANGE FLOWER DESIGN PLATE,104,1,99.04,0.65,6.67,10.198,104.00,-0.010,0.00,0.00,0.013,
37488A,YELLOW PINK FLOWER DESIGN BIG BOWL,104,6,94.23,0.39,2.40,6.086,17.33,0.155,0.92,0.00,-0.000,-100.00
37489A,UNKNOWN,104,23,77.88,0.46,1.05,2.278,4.52,0.080,0.31,1.31,0.009,325.00
37489B,BLUE/YELLOW FLOWER DESIGN BIG MUG,104,17,83.65,0.37,1.00,2.725,6.12,0.108,0.15,0.92,0.008,500.00
37489C,GREEN/BLUE FLOWER DESIGN BIG MUG,104,10,90.38,0.24,0.89,3.689,10.40,0.024,0.08,0.46,0.006,500.00
37489D,PINK/GREEN FLOWER DESIGN BIG MUG,104,18,82.69,0.42,1.17,2.769,5.78,0.094,0.08,1.62,0.013,2000.00
37491A,YELLOW/PINK CERAMIC CANDLE HOLDER,104,12,88.46,0.28,1.27,4.565,8.67,-0.049,0.31,0.23,-0.006,-25.00
37491B,BLUE/YELLOW CERAMIC CANDLE HOLDER,104,7,93.27,0.13,0.58,4.275,14.86,-0.056,0.38,0.00,-0.003,-100.00
37491C,GREEN/BLUE CERAMIC CANDLE HOLDER,104,7,93.27,0.74,5.93,8.016,14.86,-0.016,0.38,0.00,-0.019,-100.00
37491D,PURPLE/BLUE CERAMIC CANDLE HOLDER,104,11,89.42,0.25,0.98,3.931,9.45,-0.026,0.15,0.00,-0.004,-100.00
37492A,YELLOW RED FLOWER PIGGY BANK,104,3,97.12,1.02,7.12,6.982,34.67,0.505,8.15,0.00,-0.057,-100.00
37492B,BLUE YELLOW FLOWER PIGGY BANK,104,26,75.00,4.67,19.95,4.269,4.00,0.163,14.85,0.00,-0.200,-100.00
37492C,UNKNOWN,104,14,86.54,2.54,13.85,5.454,7.43,0.434,19.62,0.00,-0.134,-100.00
37492D,PURPLE GREEN FLOWER PIGGY BANK,104,14,86.54,3.44,18.92,5.497,7.43,0.158,13.92,0.00,-0.164,-100.00
37494A,FAIRY CAKE CERAMIC BUTTER DISH,104,11,89.42,1.88,7.53,4.018,9.45,0.555,14.92,0.00,-0.098,-100.00
37495,FAIRY CAKE BIRTHDAY CANDLE SET,104,90,13.46,14.88,16.74,1.125,1.16,0.097,21.92,10.77,-0.187,-50.88
37500,TEA TIME TEAPOT IN GIFT BOX,104,86,17.31,8.22,14.19,1.725,1.21,0.010,8.46,13.62,-0.017,60.91
37501,UNKNOWN,104,70,32.69,7.61,32.51,4.275,1.49,0.000,10.00,0.00,-0.188,-100.00
37502,TEA TIME MUG IN GIFT BOX,104,30,71.15,10.31,38.93,3.776,3.47,0.262,30.23,0.00,-0.454,-100.00
37503,TEA TIME CAKE STAND IN GIFT BOX,104,33,68.27,23.01,45.03,1.957,3.15,0.426,71.92,0.00,-0.906,-100.00
37506,NEW ENGLAND MILK JUG W GIFT BOX,104,22,78.85,0.28,0.61,2.204,4.73,0.408,0.69,0.00,-0.010,-100.00
37508,NEW ENGLAND CERAMIC CAKE SERVER,104,26,75.00,0.75,2.22,2.954,4.00,0.009,3.00,0.00,-0.030,-100.00
37509,UNKNOWN,104,14,86.54,0.67,3.62,5.385,7.43,0.087,0.23,0.00,-0.022,-100.00
40001,WHITE BAMBOO RIBS LAMPSHADE,104,69,33.65,23.54,42.44,1.803,1.51,-0.086,17.00,15.62,-0.165,-8.14
40002,WHITE BAMBOO RIBS LAMPSHADE,104,1,99.04,0.75,7.65,10.198,104.00,-0.010,6.00,0.00,-0.042,-100.00
40003,WHITE BAMBOO RIBS LAMPSHADE,104,42,59.62,11.06,29.88,2.702,2.48,-0.042,9.62,0.00,-0.251,-100.00
40005B,BLUE ORGANDY ROUND LAMPSHADE W BEA,104,12,88.46,0.32,1.06,3.352,8.67,-0.039,0.00,0.85,0.001,
40016,CHINESE DRAGON PAPER LANTERNS,104,85,18.27,148.17,235.84,1.592,1.22,-0.022,214.38,69.38,-1.868,-67.64
40018E,UNKNOWN,104,23,77.88,3.81,10.69,2.807,4.52,0.311,15.08,0.00,-0.164,-100.00
40018F,CHERRY DESIGN PAPERLANTERNS,104,35,66.35,10.40,37.31,3.586,2.97,0.092,35.92,0.00,-0.385,-100.00
40046A,RED DAISY PAPER LAMPSHADE,104,38,63.46,3.49,7.84,2.246,2.74,0.088,3.62,1.38,-0.054,-61.70
40046C,UNKNOWN,104,3,97.12,0.09,0.70,8.069,34.67,0.006,0.69,0.00,-0.005,-100.00
44089A,PINK GAUZE BUTTERFLY LAMPSHADE,104,10,90.38,0.38,1.48,3.839,10.40,0.056,0.15,0.77,0.002,400.00
44089C,LILAC GAUZE BUTTERFLY LAMPSHADE,104,15,85.58,0.65,1.92,2.944,6.93,0.273,0.15,0.31,-0.000,100.00
44091A,BLUE CRUSOE CHECK LAMPSHADE,104,7,93.27,0.39,2.40,6.096,14.86,0.013,1.77,0.00,-0.013,-100.00
44091C,MULTICOLOUR CRUSOE CHECK LAMPSHADE,104,15,85.58,1.28,6.95,5.433,6.93,0.067,8.46,0.00,-0.062,-100.00
44092B,BLUE WHITE PLASTIC RINGS LAMPSHADE,104,6,94.23,0.14,0.73,5.059,17.33,-0.040,0.00,0.23,0.003,
44092C,PURPLE/COPPER HANGING LAMPSHADE,104,9,91.35,0.22,0.89,4.032,11.56,-0.002,0.08,0.62,0.005,700.00
44217M,UNKNOWN,104,1,99.04,0.70,7.16,10.198,104.00,-0.010,5.62,0.00,-0.032,-100.00
44228,CANNABIS LEAF BEAD CURTAIN,104,5,95.19,1.38,7.15,5.167,20.80,-0.038,0.00,0.00,-0.011,
44230,SQUARE MIRROR CURTAIN,104,25,75.96,3.29,9.65,2.934,4.16,0.119,10.23,0.00,-0.115,-100.00
44234,ASSORTED CIRCULAR MOBILE,104,41,60.58,11.63,47.98,4.124,2.54,-0.050,21.08,4.00,-0.051,-81.02
44235,ASSORTED COLOURED CIRCLE MOBILE,104,18,82.69,7.83,47.35,6.050,5.78,-0.025,18.69,1.08,-0.041,-94.24
44236,PINK/PURPLE CIRCLE CURTAIN,104,10,90.38,0.62,3.22,5.239,10.40,-0.036,0.46,0.00,0.013,-100.00
44241C,BLUE BUTTERFLY ON SPRING,104,7,93.27,0.67,4.79,7.122,14.86,-0.020,4.08,0.00,-0.028,-100.00
44242A,LILAC FEATHERS CURTAIN,104,2,98.08,0.13,1.19,8.848,52.00,-0.013,0.00,0.00,0.003,
44242B,PINK FEATHERS CURTAIN,104,8,92.31,1.04,4.93,4.744,13.00,0.051,0.38,2.46,0.011,540.00
44242C,UNKNOWN,104,1,99.04,1.54,15.69,10.198,104.00,-0.010,0.00,0.00,-0.052,
44265,UNKNOWN,104,5,95.19,0.11,0.50,4.735,20.80,0.194,0.08,0.00,-0.001,-100.00
45008C,DECORATIVE NET CANOPY CREAM,104,18,82.69,0.78,2.59,3.328,5.78,0.160,2.62,0.00,-0.031,-100.00
45013,FOLDING SHOE TIDY,104,7,93.27,0.46,2.90,6.275,14.86,-0.026,0.00,0.08,-0.008,
45014,FOLDING SHIRT TIDY,104,1,99.04,0.01,0.10,10.198,104.00,-0.010,0.00,0.00,-0.000,
45016,DECORATIVE NET CANOPY LEOPARD,104,18,82.69,0.97,4.09,4.214,5.78,0.046,0.38,0.00,-0.027,-100.00
46000M,POLYESTER FILLER PAD 45x45cm,104,95,8.65,37.51,69.87,1.863,1.09,-0.058,32.92,47.23,-0.114,43.46
46000P,POLYESTER FILLER PAD 65CMx65CM,104,30,71.15,2.21,6.72,3.037,3.47,0.322,7.38,0.00,-0.070,-100.00
46000R,POLYESTER FILLER PAD 45x30cm,104,43,58.65,2.89,7.42,2.565,2.42,0.001,1.31,3.46,-0.009,164.71
46000S,POLYESTER FILLER PAD 40x40cm,104,97,6.73,47.22,75.04,1.589,1.07,0.088,72.08,78.54,-0.020,8.96
46000U,POLYESTER FILLER PAD 30CMx30CM,104,43,58.65,2.62,5.04,1.919,2.42,0.031,4.00,4.77,-0.004,19.23
46037A,PINK CANVAS DES CUSHION COVER,104,2,98.08,0.06,0.44,7.572,52.00,-0.018,0.00,0.00,-0.002,
46115B,GREEN POP ART MAO CUSHION COVER,104,17,83.65,5.52,29.29,5.307,6.12,0.017,0.00,0.00,-0.142,
46118,FUNKY MONKEY CUSHION COVER,104,41,60.58,3.51,7.27,2.073,2.54,-0.071,1.46,7.38,0.042,405.26
46126A,ELVIS WALLHANGING / CURTAIN,104,29,72.12,3.02,9.93,3.288,3.59,0.041,11.08,0.00,-0.086,-100.00
46137D,GREEN CHENILLE SHAGGY RUG,104,4,96.15,0.43,3.11,7.178,26.00,0.282,0.38,0.00,-0.019,-100.00
46138B,BLUE CHENILLE SHAGGY CUSHION COVER,104,22,78.85,0.68,2.19,3.210,4.73,0.319,0.69,0.31,0.005,-55.56
46138D,GREEN CHENILLE SHAGGY C/COVER,104,1,99.04,0.01,0.10,10.198,104.00,-0.010,0.00,0.00,-0.000,
46307,ROSES BLUE BASE CUSHION COVER,104,18,82.69,1.04,5.30,5.099,5.78,-0.023,5.54,0.00,-0.046,-100.00
46775A,BUBBLE GUM CHUNKY KNITTED THROW,104,6,94.23,0.78,5.39,6.922,17.33,0.445,6.23,0.00,-0.040,-100.00
46775B,BERRIES CHUNKY KNITTED THROW,104,1,99.04,0.02,0.20,10.198,104.00,,0.15,0.00,-0.001,-100.00
46775D,SUNSET COLOUR CHUNKY KNITTED THROW,104,56,46.15,1.52,3.56,2.344,1.86,0.385,4.77,1.69,-0.015,-64.52
46775E,CANDY POP CHUNKY KNITTED THROW,104,15,85.58,1.00,4.85,4.853,6.93,0.388,6.85,0.00,-0.048,-100.00
46776A,WOVEN BUBBLE GUM CUSHION COVER,104,60,42.31,3.75,15.91,4.244,1.73,0.215,15.85,7.23,-0.055,-54.37
46776B,WOVEN BERRIES CUSHION COVER,104,67,35.58,3.97,15.54,3.914,1.55,0.216,16.38,7.08,-0.058,-56.81
46776C,WOVEN FROST CUSHION COVER,104,50,51.92,2.39,8.11,3.389,2.08,0.241,8.31,5.23,-0.019,-37.04
46776D,WOVEN SUNSET CUSHION COVER,104,40,61.54,1.30,2.86,2.202,2.60,0.285,3.08,3.23,0.001,5.00
46776E,WOVEN CANDY CUSHION COVER,104,44,57.69,1.93,8.65,4.474,2.36,0.170,8.62,2.85,-0.037,-66.96
46776F,WOVEN ROSE GARDEN CUSHION COVER,104,68,34.62,4.59,15.96,3.480,1.53,0.123,15.54,10.38,-0.034,-33.17
47009,UNKNOWN,104,1,99.04,0.03,0.29,10.198,104.00,-0.010,0.23,0.00,-0.002,-100.00
47013A,WINE BOTTLE DRESSING LT.BLUE,104,20,80.77,1.36,4.21,3.102,5.20,-0.026,0.31,0.00,-0.016,-100.00
47013C,UNKNOWN,104,23,77.88,1.40,3.70,2.637,4.52,0.099,0.08,0.00,-0.003,-100.00
47016,LIGHT DECORATION BATTERY OPERATED,104,4,96.15,0.30,2.39,8.014,26.00,-0.014,0.31,0.15,-0.011,-50.00
47021G,SET/6 BEAD COASTERS GAUZE BAG GOLD,104,41,60.58,9.59,43.55,4.543,2.54,-0.040,2.92,0.00,0.188,-100.00
47310M,SMALL POP BOX FUNKY MONKEY,104,70,32.69,7.10,11.19,1.576,1.49,-0.015,10.15,12.77,0.020,25.76
47340B,UNKNOWN,104,1,99.04,0.04,0.39,10.198,104.00,-0.010,0.31,0.00,-0.002,-100.00
47341A,FUSCHIA TABLE RUN FLOWER,104,6,94.23,0.28,1.56,5.597,17.33,-0.033,0.00,0.00,0.007,
47341B,BLUE TABLE RUN FLOWER,104,13,87.50,0.46,1.83,3.959,8.00,0.382,0.08,1.15,0.014,1400.00
47343A,FUSCHIA FLOWER PURSE WITH BEADS,104,20,80.77,1.92,7.08,3.684,5.20,0.208,0.23,0.00,0.040,-100.00
47344B,BLUE FLOWER DES PURSE,104,9,91.35,0.52,2.28,4.393,11.56,0.003,0.08,0.00,0.008,-100.00
47347A,UNKNOWN,104,1,99.04,0.02,0.20,10.198,104.00,-0.010,0.15,0.00,-0.001,-100.00
47347B,BLUE FLOWER T-LIGHT HOLDER,104,8,92.31,2.31,15.66,6.785,13.00,-0.018,13.85,0.00,-0.115,-100.00
47348A,FUSCHIA VOILE POINTY SHOE DEC,104,12,88.46,0.99,5.04,5.086,8.67,-0.024,0.00,0.00,0.027,
47351B,BLUE VOILE LAMPSHADE,104,12,88.46,0.92,5.25,5.686,8.67,-0.032,0.00,0.62,0.026,
47367B,PAIR PADDED HANGERS PINK CHECK,104,61,41.35,2.33,4.33,1.862,1.70,0.007,0.77,0.46,-0.007,-40.00
47369A,PINK GREEN EMBROIDERY COSMETIC BAG,104,17,83.65,0.46,1.31,2.831,6.12,0.105,0.00,0.46,0.005,
47369B,BLUE GREEN EMBROIDERY COSMETIC BAG,104,18,82.69,0.52,1.87,3.610,5.78,0.057,0.31,0.69,0.008,125.00
47420,ASSORTED COLOUR SUCTION CUP HOOK,104,26,75.00,3.43,10.27,2.992,4.00,-0.060,0.15,3.54,0.017,2200.00
47421,ASSORTED COLOUR LIZARD SUCTION HOOK,104,51,50.96,13.82,27.61,1.998,2.04,0.004,11.31,28.15,0.138,148.98
47422,ASSORTED MONKEY SUCTION CUP HOOK,104,49,52.88,11.32,25.35,2.240,2.12,0.024,9.54,13.15,0.028,37.90
47469,ASSORTED SHAPES PHOTO CLIP SILVER,104,22,78.85,11.71,50.90,4.346,4.73,-0.040,24.46,11.00,-0.084,-55.03
47471,RAINBOW PEGS PHOTO CLIP STRING,104,47,54.81,4.05,14.17,3.500,2.21,-0.017,4.23,3.38,0.022,-20.00
47480,HANGING PHOTO CLIP ROPE LADDER,104,72,30.77,14.67,30.50,2.079,1.44,-0.052,8.46,6.62,-0.035,-21.82
47481,50CM METAL STRING WITH 7 CLIPS,104,35,66.35,3.12,14.60,4.672,2.97,-0.027,2.15,1.08,0.021,-50.00
47502,POLKADOT CUTLERY 24 PCS IN TRAY,104,31,70.19,6.15,23.92,3.887,3.35,0.032,27.92,0.00,-0.263,-100.00
47503A,ASS FLORAL PRINT MULTI SCREWDRIVER,104,61,41.35,54.07,261.71,4.840,1.70,-0.008,0.00,107.62,0.114,
47503E,ASS FLORAL PRINT SCISSORS,104,16,84.62,65.79,656.48,9.979,6.50,-0.008,522.23,0.00,-3.026,-100.00
47503F,UNKNOWN,104,6,94.23,49.05,351.63,7.169,17.33,-0.020,391.85,0.00,-2.457,-100.00
47503G,ASS FLORAL PRINT TAPE MEASURE,104,13,87.50,2.46,10.17,4.131,8.00,0.248,19.62,0.00,-0.122,-100.00
47503H,ASS FLORAL PRINT SPIRIT LEVEL,104,39,62.50,2.62,8.83,3.365,2.67,0.157,1.69,10.77,0.053,536.36
47503J,SET/3 FLORAL GARDEN TOOLS IN BAG,104,36,65.38,3.29,8.33,2.533,2.89,0.126,9.15,0.00,-0.117,-100.00
47503K,ASSORTED FLORAL SECATEURS,104,23,77.88,30.31,283.49,9.354,4.52,-0.003,238.08,0.00,-1.400,-100.00
47504E,ENGLISH ROSE SCISSORS,104,26,75.00,41.89,409.46,9.774,4.00,-0.011,325.08,0.00,-1.909,-100.00
47504F,ENGLISH ROSE TORCH,104,3,97.12,4.88,47.30,9.702,34.67,-0.010,39.00,0.00,-0.227,-100.00
47504G,ENGLISH ROSE TAPE MEASURE,104,20,80.77,2.38,7.17,3.020,5.20,0.376,8.15,0.00,-0.104,-100.00
47504H,ENGLISH ROSE SPIRIT LEVEL,104,52,50.00,8.98,22.58,2.514,2.00,0.357,0.54,21.85,0.294,3957.14
47504J,ENGLISH ROSE SET/3 GARDEN TOOLS,104,2,98.08,0.04,0.31,8.039,52.00,0.948,0.31,0.00,-0.002,-100.00
47504K,ENGLISH ROSE GARDEN SECATEURS,104,89,14.42,25.92,44.75,1.726,1.17,0.412,2.77,55.00,0.491,1886.11
47505,UNKNOWN,104,21,79.81,7.02,17.79,2.535,4.95,0.652,23.15,0.00,-0.297,-100.00
47518F,ICON PLACEMAT POP ART ELVIS,104,33,68.27,8.76,32.07,3.661,3.15,-0.042,0.31,10.69,0.242,3375.00
47552A,DOTS IRONING BOARD COVER,104,8,92.31,0.12,0.55,4.725,13.00,0.013,0.46,0.00,-0.005,-100.00
47554,S/3 COLOURS FLOCK TEA TOWELS,104,0,100.00,0.00,0.00,0.000,0.00,,0.00,0.00,0.000,
47556,UNKNOWN,104,1,99.04,0.07,0.69,10.198,104.00,-0.010,0.54,0.00,-0.004,-100.00
47556B,TEA TIME TEA TOWELS,104,51,50.96,62.15,283.18,4.556,2.04,-0.033,39.62,0.00,-0.109,-100.00
47559B,TEA TIME OVEN GLOVE,104,98,5.77,50.14,42.31,0.844,1.06,0.180,56.85,45.92,-0.291,-19.22
47562,ENGLISH ROSE IRONING BOARD COVER,104,15,85.58,1.66,8.67,5.210,6.93,0.179,11.77,0.00,-0.081,-100.00
47563A,RETRO LONGBOARD IRONING BOARD COVER,104,62,40.38,3.12,5.95,1.910,1.68,0.125,0.92,7.85,0.084,750.00
47563B,WAVELINE SURF IRONING BOARD COVER,104,6,94.23,0.08,0.36,4.686,17.33,0.028,0.08,0.00,-0.001,-100.00
47566,PARTY BUNTING,104,101,2.88,270.51,242.71,0.897,1.03,0.561,64.38,199.23,2.619,209.44
47566B,TEA TIME PARTY BUNTING,104,90,13.46,71.51,154.20,2.156,1.16,0.095,21.92,8.85,-0.042,-59.65
47567,UNKNOWN,104,1,99.04,0.01,0.10,10.198,104.00,-0.010,0.08,0.00,-0.001,-100.00
47567B,TEA TIME KITCHEN APRON,104,90,13.46,22.26,37.75,1.696,1.16,0.085,20.15,14.77,-0.183,-26.72
47568,ENGLISH ROSE DESIGN PEG BAG,104,36,65.38,22.36,39.45,1.764,2.89,0.682,31.85,0.00,-0.746,-100.00
47569,ENGLISH ROSE DESIGN SHOPPING BAG,104,0,100.00,0.00,0.00,0.000,0.00,,0.00,0.00,0.000,
47570,ENGLISH ROSE TABLE CLOTH,104,20,80.77,2.21,7.49,3.385,5.20,0.495,7.69,0.00,-0.095,-100.00
47570B,UNKNOWN,104,64,38.46,9.42,18.64,1.978,1.62,0.020,10.77,0.08,-0.171,-99.29
47574A,ENGLISH ROSE SCENTED HANGING FLOWER,104,42,59.62,5.51,21.99,3.991,2.48,0.116,0.31,6.23,0.161,1925.00
47574B,ENGLISH ROSE SCENTED HANGING HEART,104,20,80.77,0.47,1.37,2.897,5.20,0.108,1.08,0.00,-0.013,-100.00
47578A,ENGLISH ROSE SMALL SCENTED FLOWER,104,47,54.81,2.86,5.37,1.879,2.21,0.070,2.31,10.77,0.064,366.67
47579,TEA TIME BREAKFAST BASKET,104,32,69.23,1.69,3.98,2.352,3.25,0.181,6.08,0.00,-0.061,-100.00
47580,TEA TIME DES TEA COSY,104,88,15.38,15.68,25.50,1.626,1.18,-0.040,22.77,3.92,-0.280,-82.77
47581B,FAIRY CAKE WICKER PICNIC BASKET,104,22,78.85,0.44,1.23,2.779,4.73,0.501,1.62,0.00,-0.019,-100.00
47583A,SET OF 3 WICKER BASKET ROSE,104,4,96.15,0.68,6.47,9.483,26.00,0.020,5.46,0.00,-0.032,-100.00
47583B,SET OF 3 WICKER BASKET TEA AND CAKE,104,4,96.15,0.26,1.92,7.379,26.00,0.092,2.08,0.00,-0.012,-100.00
47585A,PINK FAIRY CAKE CUSHION COVER,104,65,37.50,10.42,37.85,3.631,1.60,0.431,7.62,2.00,-0.247,-73.74
47586A,PINK FAIRY CAKE CUSHION COVER,104,23,77.88,1.92,10.43,5.424,4.52,0.496,6.08,0.62,-0.064,-89.87
47587A,UNKNOWN,104,14,86.54,37.54,353.25,9.410,7.43,-0.011,10.15,0.00,-1.260,-100.00
47589,CONGRATULATIONS BUNTING,104,36,65.38,1.78,4.10,2.304,2.89,0.271,1.23,0.00,-0.044,-100.00
47590A,BLUE HAPPY BIRTHDAY BUNTING,104,87,16.35,45.55,58.52,1.285,1.20,0.357,23.08,31.92,-0.210,38.33
47590B,PINK HAPPY BIRTHDAY BUNTING,104,99,4.81,55.25,59.50,1.077,1.05,0.298,30.62,32.62,-0.331,6.53
47591A,CAROUSEL CHILDRENS APRON,104,32,69.23,1.53,3.96,2.588,3.25,0.438,1.92,0.00,-0.048,-100.00
47591B,SCOTTIES CHILDRENS APRON,104,56,46.15,10.12,17.77,1.757,1.86,0.282,6.54,0.00,-0.160,-100.00
47591C,UNKNOWN,104,35,66.35,9.59,25.61,2.672,2.97,0.522,41.54,0.00,-0.414,-100.00
47591D,PINK FAIRY CAKE CHILDRENS APRON,104,98,5.77,89.13,68.76,0.771,1.06,0.397,114.54,95.77,-0.493,-16.39
47592A,CAROUSEL CHILDRENS OVERALL,104,32,69.23,3.03,7.10,2.343,3.25,0.299,3.31,0.00,-0.094,-100.00
47592B,SCOTTIE DOGS CHILDRENS OVERALL,104,13,87.50,0.66,2.22,3.345,8.00,0.229,1.54,0.00,-0.026,-100.00
47593A,UNKNOWN,104,44,57.69,3.07,7.17,2.336,2.36,0.218,0.38,0.00,-0.057,-100.00
47593B,SCOTTIE DOGS BABY BIB,104,88,15.38,20.46,36.39,1.778,1.18,0.079,2.08,28.31,0.494,1262.96
47594A,CAROUSEL DESIGN WASHBAG,104,57,45.19,3.32,5.18,1.563,1.82,0.285,4.54,1.69,-0.045,-62.71
47594B,SCOTTIES DESIGN WASHBAG,104,56,46.15,3.89,6.56,1.686,1.86,0.461,3.85,1.08,-0.038,-72.00
47597,NEW ENGLAND TEATOWELS,104,28,73.08,3.10,6.55,2.114,3.71,0.803,1.08,0.00,-0.086,-100.00
47598,NEW ENGLAND EGG WARMER,104,16,84.62,1.32,4.11,3.121,6.50,0.398,6.15,0.00,-0.055,-100.00
47599A,PINK PARTY BAGS,104,90,13.46,57.33,82.81,1.445,1.16,0.212,23.92,20.85,-0.388,-12.86
47599B,BLUE PARTY BAGS,104,93,10.58,33.58,50.23,1.496,1.12,-0.091,22.08,22.92,-0.161,3.83
48103,UNKNOWN,104,10,90.38,0.36,2.20,6.180,10.40,0.078,0.38,0.00,-0.010,-100.00
48111,DOORMAT 3 SMILEY CATS,104,100,3.85,40.27,74.79,1.857,1.04,0.030,84.08,49.62,-0.582,-40.99
48116,DOORMAT MULTICOLOUR STRIPE,104,88,15.38,32.82,68.03,2.073,1.18,-0.073,46.77,38.38,-0.174,-17.93
48129,DOORMAT TOPIARY,104,99,4.81,29.71,55.74,1.876,1.05,-0.046,40.15,33.77,-0.336,-15.90
48138,DOORMAT UNION FLAG,104,101,2.88,96.38,98.02,1.017,1.03,0.025,116.00,89.00,-0.737,-23.28
48172,UNKNOWN,104,1,99.04,0.01,0.10,10.198,104.00,-0.010,0.08,0.00,-0.001,-100.00
48173A,DOOR MAT BLUE FLOCK,104,1,99.04,0.01,0.10,10.198,104.00,-0.010,0.08,0.00,-0.000,-100.00
48173C,DOORMAT BLACK FLOCK,104,97,6.73,39.55,87.84,2.221,1.07,-0.116,60.31,25.08,-0.139,-58.42
48175,DOOR MAT CAMOUFLAGE,104,1,99.04,0.38,3.82,10.198,104.00,-0.010,3.00,0.00,-0.021,-100.00
48179,DOOR MAT SWEET HOME,104,2,98.08,0.28,2.48,8.890,52.00,0.149,2.23,0.00,-0.016,-100.00
48184,DOORMAT ENGLISH ROSE,104,94,9.62,44.71,62.75,1.403,1.11,-0.027,45.92,61.00,-0.111,32.83
48185,DOORMAT FAIRY CAKE,104,102,1.92,64.93,122.60,1.888,1.02,-0.097,67.38,64.38,-0.032,-4.45
48187,DOORMAT NEW ENGLAND,104,95,8.65,69.33,100.43,1.449,1.09,-0.053,69.08,85.69,0.130,24.05
48188,DOORMAT WELCOME PUPPIES,104,101,2.88,47.46,92.52,1.949,1.03,0.076,64.15,26.08,-0.228,-59.35
48189,adjustment,104,61,41.35,12.53,42.73,3.411,1.70,0.174,16.54,0.00,-0.340,-100.00
48194,DOORMAT HEARTS,104,102,1.92,73.92,103.18,1.396,1.02,-0.061,105.23,77.15,-0.232,-26.68
48195,UNKNOWN,104,25,75.96,2.55,13.32,5.229,4.16,0.052,16.15,0.00,-0.128,-100.00
48197,DOORMAT BIRD ON THE WIRE,104,33,68.27,8.62,26.87,3.119,3.15,0.146,28.69,0.00,-0.336,-100.00
49031B,CHROME EURO HOOK 20cm,104,1,99.04,3.85,39.22,10.198,104.00,-0.010,0.00,0.00,-0.041,
51008,AFGHAN SLIPPER SOCK PAIR,104,40,61.54,28.45,97.24,3.418,2.60,0.074,30.92,2.38,-0.394,-92.29
51012C,"FEATHER DUSTER, COAL BLACK",104,7,93.27,1.57,8.09,5.162,14.86,0.802,12.54,0.00,-0.086,-100.00
51012L,"FEATHER DUSTER, LIGHT PINK",104,1,99.04,0.06,0.59,10.198,104.00,,0.46,0.00,-0.003,-100.00
51014A,"FEATHER PEN,HOT PINK",104,91,12.50,62.81,82.47,1.313,1.14,0.306,45.15,170.92,0.831,278.53
51014C,"FEATHER PEN,COAL BLACK",104,85,18.27,40.45,57.83,1.430,1.22,0.437,16.77,118.77,0.692,608.26
51014L,"FEATHER PEN,LIGHT PINK",104,79,24.04,32.80,43.63,1.330,1.32,0.208,9.77,77.54,0.464,693.70
51020A,adjustment,104,38,63.46,12.92,42.58,3.295,2.74,0.170,60.31,0.00,-0.362,-100.00
51020B,STRIPY DESIGN SHOWER CAP,104,41,60.58,11.56,34.24,2.963,2.54,0.169,40.31,0.00,-0.343,-100.00
62018,SOMBRERO,104,70,32.69,91.90,201.88,2.197,1.49,0.000,90.00,49.62,-0.048,-44.87
62043B,BLUE CHECK BAG W HANDLE 34X20CM,104,9,91.35,0.59,3.03,5.159,11.56,0.198,0.00,0.00,-0.002,
62074B,ELEPHANT CLIP W SUCTION CUP,104,11,89.42,0.37,1.37,3.738,9.45,-0.070,0.15,0.00,-0.003,-100.00
62086A,PINK RETRO BIG FLOWER BAG,104,19,81.73,1.09,3.57,3.283,5.47,0.084,0.08,0.00,0.010,-100.00
62094B,TURQ ICE CREAM BUM BAG,104,38,63.46,2.93,10.38,3.538,2.74,0.037,1.08,0.00,-0.070,-100.00
62095B,UNKNOWN,104,13,87.50,2.83,16.44,5.814,8.00,0.040,2.08,0.00,-0.093,-100.00
62096A,PINK/YELLOW FLOWERS HANDBAG,104,38,63.46,3.68,8.00,2.172,2.74,0.383,0.62,0.00,-0.053,-100.00
62096B,PURPLE/TURQ FLOWERS HANDBAG,104,33,68.27,2.47,5.90,2.387,3.15,0.654,0.85,0.00,-0.064,-100.00
62097A,PINK STRIPES SHOULDER BAG,104,4,96.15,0.07,0.42,6.301,26.00,-0.023,0.38,0.00,-0.003,-100.00
62097B,BLUE STRIPES SHOULDER BAG,104,4,96.15,0.11,0.59,5.577,26.00,-0.033,0.00,0.00,0.002,
70006,LOVE HEART POCKET WARMER,104,59,43.27,41.73,124.07,2.973,1.76,0.215,106.23,15.69,-0.494,-85.23
70007,HI TEC ALPINE HAND WARMER,104,50,51.92,12.00,31.36,2.613,2.08,0.366,11.08,21.77,0.077,96.53
71028A,UNKNOWN,104,1,99.04,0.01,0.10,10.198,104.00,-0.010,0.08,0.00,-0.001,-100.00
71028B,SILVER BLUE EGG T-LIGHT HOLDER,104,5,95.19,4.71,21.76,4.618,20.80,0.527,37.69,0.00,-0.256,-100.00
71038,WHITE HANGING BEADS CANDLE HOLDER,104,73,29.81,8.48,17.98,2.120,1.42,-0.026,6.62,5.77,-0.017,-12.79
71050,SMALL SINGLE FLAME CANDLE HOLDER,104,7,93.27,0.49,2.04,4.167,14.86,0.033,0.00,2.08,0.013,
71053,WHITE MOROCCAN METAL LANTERN,104,102,1.92,45.58,43.53,0.955,1.02,0.340,25.15,27.69,-0.244,10.09
71101A,ANGEL ON KNEES METAL POLE 100CM H,104,1,99.04,0.06,0.59,10.198,104.00,,0.46,0.00,-0.003,-100.00
71101E,STANDING FAIRY POLE SUPPORT,104,37,64.42,7.47,14.32,1.917,2.81,-0.063,9.77,6.15,-0.046,-37.01
71143,ANTIQUE SILVER BOOK MARK WITH BEADS,104,42,59.62,3.24,7.68,2.370,2.48,0.564,6.00,0.00,-0.002,-100.00
71215,METAL BASE FOR CANDLES,104,11,89.42,1.70,7.16,4.204,9.45,-0.015,2.23,0.00,-0.043,-100.00
71263G,UNKNOWN,104,1,99.04,0.38,3.82,10.198,104.00,-0.010,3.00,0.00,-0.021,-100.00
71270,PHOTO CLIP LINE,104,56,46.15,3.54,6.79,1.919,1.86,0.042,2.00,5.31,0.039,165.38
71279,PINK GLASS CANDLEHOLDER,104,53,49.04,2.99,4.89,1.635,1.96,-0.034,2.62,3.62,0.011,38.24
71403,"PINK/WHITE ""KEEP CLEAN"" BULLET BIN",104,46,55.77,1.68,3.23,1.921,2.26,-0.008,2.77,2.92,-0.004,5.56
71406C,BLACK ORANGE SQUEEZER,104,28,73.08,1.98,4.60,2.320,3.71,-0.026,0.15,3.15,0.033,1950.00
71409B,UNKNOWN,104,1,99.04,0.04,0.39,10.198,104.00,-0.010,0.31,0.00,-0.002,-100.00
71434B,"BLACK RND BULLET""KEEP CLEAN"" BIN",104,2,98.08,0.02,0.14,7.176,52.00,-0.020,0.08,0.00,-0.001,-100.00
71459,HANGING JAM JAR T-LIGHT HOLDERS,104,101,2.88,314.55,287.14,0.913,1.03,0.206,287.31,208.38,-1.884,-27.47
71477,COLOURED GLASS STAR T-LIGHT HOLDER,104,87,16.35,138.88,214.95,1.548,1.20,0.171,46.69,182.00,0.924,289.79
71495A,CD WALL TIDY BLUE OFFICE,104,17,83.65,2.16,11.46,5.298,6.12,-0.025,7.92,3.77,-0.008,-52.43
71495B,CD WALL TIDY RED FLOWERS,104,17,83.65,2.83,12.60,4.456,6.12,-0.048,7.77,7.46,0.013,-3.96
71496A,A4 WALL TIDY BLUE OFFICE,104,16,84.62,2.35,11.51,4.906,6.50,-0.024,7.38,0.46,-0.013,-93.75
71496B,A4 WALL TIDY RED FLOWERS,104,5,95.19,0.14,0.89,6.142,20.80,-0.027,0.00,0.69,0.004,
71510,SQUARE METAL CANDLEHOLDER BASE,104,15,85.58,1.70,8.05,4.729,6.93,-0.044,1.08,1.00,-0.001,-7.14
72008,UNKNOWN,104,47,54.81,63.88,332.06,5.199,2.21,0.171,346.85,0.00,-2.884,-100.00
72023F,RED ORGANIC CANDLE IN GLASS,104,18,82.69,2.81,8.79,3.130,5.78,0.593,18.54,0.00,-0.135,-100.00
72024U,LILAC VOTIVE CANDLE,104,9,91.35,2.90,12.68,4.365,11.56,-0.019,2.00,0.00,-0.013,-100.00
72038P,PRICE'S CANDLE PEACH,104,8,92.31,8.17,34.91,4.272,13.00,0.044,15.38,0.00,-0.261,-100.00
72045D,UNKNOWN,104,3,97.12,5.50,51.07,9.285,34.67,-0.012,44.00,0.00,-0.298,-100.00
72051S,BAG OF SILVER STONES,104,38,63.46,2.86,8.45,2.958,2.74,-0.003,0.92,0.00,-0.031,-100.00
72083A,STRAWBERY SWIRL FLARE CANDLE,104,5,95.19,0.23,1.61,6.970,20.80,0.234,0.15,0.00,-0.009,-100.00
72084B,CHOCOLATE ICE CREAM CANDLE,104,1,99.04,0.02,0.20,10.198,104.00,-0.010,0.00,0.00,-0.001,
72122,COFFEE SCENT PILLAR CANDLE,104,62,40.38,5.34,8.59,1.610,1.68,-0.001,7.15,6.62,0.017,-7.53
72127,COLUMBIAN CANDLE ROUND,104,44,57.69,3.69,8.50,2.303,2.36,0.072,7.23,4.00,-0.017,-44.68
72128,COLUMBIAN CANDLE ROUND,104,56,46.15,6.85,20.49,2.993,1.86,0.134,2.46,4.69,-0.035,90.62
72129,COLUMBIAN CANDLE ROUND,104,15,85.58,0.71,2.40,3.373,6.93,-0.069,2.23,0.00,-0.026,-100.00
72130,COLUMBIAN CANDLE ROUND,104,42,59.62,7.24,20.24,2.795,2.48,0.307,4.15,3.00,-0.054,-27.78
72131,COLUMBIAN CANDLE RECTANGLE,104,34,67.31,7.19,26.42,3.673,3.06,0.318,3.46,8.46,-0.057,144.44
72132,COLUMBIAN CUBE CANDLE,104,20,80.77,5.28,24.06,4.558,5.20,0.039,2.85,0.69,-0.081,-75.68
72133,COLUMBIAN CANDLE RECTANGLE,104,24,76.92,1.03,3.09,3.003,4.33,0.010,0.31,1.77,0.003,475.00
72134,COLUMBIAN CUBE CANDLE,104,23,77.88,3.22,14.95,4.643,4.52,0.042,0.38,3.08,-0.012,700.00
72140E,BEST DAD CANDLE LETTERS,104,25,75.96,2.10,10.20,4.868,4.16,-0.008,0.15,0.54,-0.052,250.00
72140F,HAPPY ANNIVERSARY CANDLE LETTERS,104,11,89.42,1.67,7.89,4.718,9.45,0.119,0.00,0.00,-0.021,
72225C,LAVENDER SCENT CAKE CANDLE,104,33,68.27,18.52,68.54,3.701,3.15,-0.036,55.85,16.62,-0.229,-70.25
72225D,VANILLA SCENT CAKE CANDLE,104,8,92.31,9.25,66.74,7.215,13.00,0.002,57.38,0.00,-0.392,-100.00
72232,FENG SHUI PILLAR CANDLE,104,63,39.42,58.42,161.56,2.765,1.65,-0.013,18.38,53.54,0.097,191.21
72267,PREMIUM CHURCH CANDLE,104,8,92.31,2.62,18.21,6.938,13.00,0.429,20.23,0.00,-0.146,-100.00
72349B,SET/6 PURPLE BUTTERFLY T-LIGHTS,104,97,6.73,20.24,29.01,1.433,1.07,0.026,30.00,19.00,-0.166,-36.67
72351A,SET/6 TURQUOISE BUTTERFLY T-LIGHTS,104,100,3.85,35.69,55.14,1.545,1.04,0.049,35.38,11.31,-0.383,-68.04
72351B,SET/6 PINK BUTTERFLY T-LIGHTS,104,99,4.81,55.27,71.67,1.297,1.05,0.072,67.08,29.00,-0.553,-56.77
72369A,PINK CLEAR GLASS CANDLE PLATE,104,12,88.46,0.59,2.36,4.022,8.67,-0.060,0.46,1.69,0.003,266.67
72483,UNKNOWN,104,1,99.04,0.02,0.20,10.198,104.00,-0.010,0.15,0.00,-0.001,-100.00
72484,UNKNOWN,104,11,89.42,17.03,72.83,4.277,9.45,0.353,135.85,0.00,-0.870,-100.00
72487,UNKNOWN,104,3,97.12,6.33,49.38,7.805,34.67,0.366,50.62,0.00,-0.357,-100.00
72529W,WHITE ADVENT CANDLE,104,14,86.54,4.34,19.33,4.458,7.43,0.267,2.31,0.00,-0.074,-100.00
72586,SET OF 6 HALLOWEEN GHOST T-LIGHTS,104,60,42.31,22.13,75.98,3.433,1.73,0.156,1.38,39.77,0.070,2772.22
72598,SET/12 TAPER CANDLES,104,68,34.62,11.22,20.98,1.870,1.53,0.103,12.38,30.31,0.055,144.72
72606A,BROWN ANTIQUE CUBE CANDLE,104,13,87.50,2.17,10.79,4.966,8.00,-0.006,10.00,0.00,-0.080,-100.00
72655C,UNKNOWN,104,1,99.04,0.08,0.78,10.198,104.00,-0.010,0.62,0.00,-0.004,-100.00
72708,SCULPTED ROUND IVORY CANDLE,104,5,95.19,0.87,5.14,5.941,20.80,0.209,5.23,0.00,-0.040,-100.00
72709,IVORY SCULPTED RND CANDLE,104,13,87.50,1.21,5.66,4.669,8.00,-0.044,0.00,0.31,0.019,
72715,SPHERICAL IVORY CANDLE,104,11,89.42,0.85,2.80,3.305,9.45,0.220,1.23,0.00,-0.027,-100.00
72724,UNKNOWN,104,2,98.08,0.60,4.70,7.887,52.00,-0.013,4.77,0.00,-0.033,-100.00
72728,ROSE SCENT CANDLES IN GLASS,104,23,77.88,9.52,41.78,4.389,4.52,0.157,53.54,0.00,-0.401,-100.00
72732,UNKNOWN,104,1,99.04,23.77,242.40,10.198,104.00,-0.010,190.15,0.00,-1.068,-100.00
72739B,WHITE CHOCOLATE SCENT CANDLE,104,7,93.27,4.88,33.21,6.812,14.86,0.297,39.00,0.00,-0.246,-100.00
72739C,DARK CHOCOLATE SCENTCANDLE,104,7,93.27,3.12,16.70,5.360,14.86,0.364,24.92,0.00,-0.160,-100.00
72740A,LARGE STRAWBERRY CHOCOLATE CANDLE,104,3,97.12,0.61,4.36,7.199,34.67,0.157,4.85,0.00,-0.034,-100.00
72740B,LARGE WHITE CHOCOLATE CANDLE,104,1,99.04,0.01,0.10,10.198,104.00,-0.010,0.08,0.00,-0.000,-100.00
72741,GRAND CHOCOLATECANDLE,104,101,2.88,185.56,205.75,1.109,1.03,0.443,209.62,164.54,-1.400,-21.50
72750A,FLOWER FAIRY SET OF 3 LILY CANDLES,104,10,90.38,3.61,17.76,4.926,10.40,0.014,14.23,0.00,-0.158,-100.00
72750B,FLOWER FAIRY SET 3 CANDLES LAVENDER,104,26,75.00,4.77,15.76,3.304,4.00,-0.006,14.85,0.00,-0.160,-100.00
72750C,UNKNOWN,104,9,91.35,2.23,10.53,4.718,11.56,0.092,13.23,0.00,-0.106,-100.00
72750D,F.FAIRY S/3 CANDLE/GLASS,104,7,93.27,1.06,4.76,4.502,14.86,0.325,8.46,0.00,-0.056,-100.00
72751A,"F.FAIRY S/3 SML CANDLE,LILY/VALLEY",104,0,100.00,0.00,0.00,0.000,0.00,,0.00,0.00,0.000,
72751B,"F.FAIRY S/3 SML CANDLE, LAVENDER",104,0,100.00,0.00,0.00,0.000,0.00,,0.00,0.00,0.000,
72751C,"F.FAIRY S/3 SML CANDLE, ROSE",104,1,99.04,0.01,0.10,10.198,104.00,-0.010,0.08,0.00,-0.000,-100.00
72752A,"F.FAIRY,CANDLE IN GLASS,LILY/VALLEY",104,0,100.00,0.00,0.00,0.000,0.00,,0.00,0.00,0.000,
72752B,"F.FAIRY,CANDLE IN GLASS,LAVENDER",104,1,99.04,0.02,0.20,10.198,104.00,,0.15,0.00,-0.001,-100.00
72753A,S/3 FLWR FAIRY LILLY CANDLES,104,5,95.19,1.33,8.03,6.052,20.80,0.176,10.62,0.00,-0.069,-100.00
72753B,S/3 FLWR FAIRY LAVENDER CANDLES,104,7,93.27,2.66,15.75,5.912,14.86,-0.023,12.46,0.00,-0.123,-100.00
72753C,S/3 FLWR FAIRY ROSE CANDLES,104,3,97.12,0.34,2.57,7.642,34.67,0.059,2.69,0.00,-0.019,-100.00
72753D,S/3 FLWR FAIRY SUMMER CANDLES,104,4,96.15,1.31,9.06,6.931,26.00,0.177,10.46,0.00,-0.069,-100.00
72754A,FLOWER FAIRY POTPOURRI CUSHION LILY,104,3,97.12,1.08,7.52,6.981,34.67,-0.016,8.62,0.00,-0.053,-100.00
72754B,F FAIRY POTPOURRI CUSHIONS LAVENDER,104,3,97.12,1.45,8.87,6.111,34.67,0.193,11.62,0.00,-0.080,-100.00
72754D,F FAIRY POTPOURRI CUSHIONS SUMMER,104,0,100.00,0.00,0.00,0.000,0.00,,0.00,0.00,0.000,
72755C,FLOWER FAIRY OIL BURNER SET ROSE,104,8,92.31,5.69,26.63,4.678,13.00,-0.019,35.15,0.00,-0.274,-100.00
72755D,FLOWER FAIRY OIL BURNER SET SUMMER,104,7,93.27,5.09,24.38,4.794,14.86,-0.007,33.62,0.00,-0.250,-100.00
72756,UNKNOWN,104,7,93.27,30.74,233.06,7.582,14.86,0.964,229.31,0.00,-1.687,-100.00
72759,UNKNOWN,104,1,99.04,5.04,51.38,10.198,104.00,-0.010,40.31,0.00,-0.226,-100.00
72760B,VINTAGE CREAM 3 BASKET CAKE STAND,104,87,16.35,15.93,20.05,1.258,1.20,0.334,23.00,6.15,-0.192,-73.24
72771B,BURG FLOCK GOLD CUP/CANDLE,104,2,98.08,1.12,11.37,10.110,52.00,1.000,9.00,0.00,-0.064,-100.00
72771C,BLACK FLOCK GOLD CANDLE,104,1,99.04,0.52,5.30,10.198,104.00,,4.15,0.00,-0.030,-100.00
72772,SET/4 SCENTED CANDLES IN RAMEKINS,104,5,95.19,4.39,30.44,6.927,20.80,0.275,35.15,0.00,-0.231,-100.00
72777,UNKNOWN,104,1,99.04,0.13,1.37,10.198,104.00,-0.010,1.08,0.00,-0.007,-100.00
72778,UNKNOWN,104,1,99.04,0.01,0.10,10.198,104.00,-0.010,0.08,0.00,-0.001,-100.00
72779,SET/6 BLACK ROSE T-LIGHT CANDLES,104,11,89.42,0.40,1.59,3.942,9.45,0.145,1.23,0.00,-0.017,-100.00
72780,BLACK SILOUETTE CANDLE PLATE,104,35,66.35,4.79,11.39,2.380,2.97,0.185,13.08,4.38,-0.085,-66.47
72781,BLACK SILOUETTE CANDLE PLATE,104,12,88.46,1.16,5.28,4.537,8.67,0.042,5.92,0.00,-0.046,-100.00
72783,BLACK SIL'T SQU CANDLE PLATE,104,6,94.23,0.36,1.79,5.030,17.33,-0.040,0.00,0.92,-0.001,
72785A,S/4 CONTEMPORY PINK ROSEBUD CANDLES,104,6,94.23,0.29,2.00,6.945,17.33,0.039,2.31,0.00,-0.014,-100.00
72785B,UNKNOWN,104,3,97.12,0.10,0.63,6.565,34.67,0.136,0.77,0.00,-0.005,-100.00
72789,BASKET/8 SCENTED LOVE TOKEN CANDLES,104,23,77.88,2.40,10.17,4.233,4.52,0.107,11.23,0.00,-0.099,-100.00
72793,BLACK BOX MIRROR LANTERN,104,9,91.35,0.53,2.72,5.150,11.56,-0.009,0.31,0.00,-0.007,-100.00
72796A,UNKNOWN,104,5,95.19,0.14,0.72,4.966,20.80,-0.041,0.31,0.00,-0.006,-100.00
72796B,S/3 FRENCH VANILLA SQU CANDLE,104,9,91.35,0.28,1.12,4.012,11.56,0.320,0.85,0.00,-0.010,-100.00
72796C,S/3 ROSE GARDEN SCENT SQU CANDLE,104,1,99.04,0.01,0.10,10.198,104.00,-0.010,0.08,0.00,-0.000,-100.00
72798C,SET/4 GARDEN ROSE DINNER CANDLE,104,15,85.58,0.36,1.29,3.631,6.93,0.132,1.15,0.00,-0.011,-100.00
72799A,BLACK PILLAR CANDLE SILVER FLOCK,104,13,87.50,5.91,36.08,6.102,8.00,0.034,44.38,0.00,-0.312,-100.00
72799B,PURPLE PILLAR CANDLE BLACK FLOCK,104,3,97.12,3.00,26.69,8.897,34.67,0.051,24.00,0.00,-0.168,-100.00
72799C,PINK PILLAR CANDLE SILVER FLOCK,104,26,75.00,3.97,23.83,6.000,4.00,-0.011,21.23,1.77,-0.140,-91.67
72799D,BLUE PILLAR CANDLE SILVER FLOCK,104,13,87.50,0.76,3.29,4.335,8.00,-0.034,2.77,0.00,-0.027,-100.00
72799E,IVORY PILLAR CANDLE SILVER FLOCK,104,65,37.50,9.62,25.88,2.689,1.60,0.052,28.00,8.62,-0.145,-69.23
72799F,IVORY PILLAR CANDLE GOLD FLOCK,104,48,53.85,10.78,48.59,4.508,2.17,0.028,46.54,4.15,-0.293,-91.07
72800A,UNKNOWN,104,19,81.73,6.42,38.58,6.006,5.47,0.014,45.46,0.00,-0.337,-100.00
72800B,4 PURPLE FLOCK DINNER CANDLES,104,50,51.92,8.99,39.77,4.424,2.08,-0.013,47.92,4.23,-0.307,-91.17
72800C,4 PINK DINNER CANDLE SILVER FLOCK,104,48,53.85,5.88,26.71,4.547,2.17,-0.010,27.15,3.08,-0.170,-88.67
72800D,4 BLUE DINNER CANDLES SILVER FLOCK,104,55,47.12,6.09,27.83,4.572,1.89,0.012,27.31,1.46,-0.186,-94.65
72800E,4 IVORY DINNER CANDLES SILVER FLOCK,104,86,17.31,12.02,19.23,1.600,1.21,0.490,11.46,12.08,-0.045,5.37
72800F,4 IVORY DINNER CANDLES GOLD FLOCK,104,33,68.27,7.58,50.18,6.623,3.15,0.008,54.15,0.00,-0.376,-100.00
72801C,4 ROSE PINK DINNER CANDLES,104,51,50.96,7.34,26.52,3.615,2.04,0.334,2.23,2.00,-0.087,-10.34
72801D,4 SKY BLUE DINNER CANDLES,104,63,39.42,6.18,24.79,4.010,1.65,0.343,2.62,2.77,-0.081,5.88
72801E,4 FESTIVE GREEN DINNER CANDLES,104,17,83.65,7.13,56.79,7.960,6.12,0.073,4.00,0.00,-0.144,-100.00
72801F,S/4 FESTIVE RED DINNER CANDLES,104,5,95.19,1.46,8.48,5.804,20.80,0.642,11.69,0.00,-0.080,-100.00
72801G,4 BURGUNDY WINE DINNER CANDLES,104,41,60.58,13.08,66.14,5.058,2.54,0.138,7.85,0.69,-0.216,-91.18
72802A,ROSE SCENT CANDLE IN JEWELLED BOX,104,78,25.00,8.92,12.85,1.440,1.33,0.084,11.31,10.69,-0.040,-5.44
72802B,OCEAN SCENT CANDLE IN JEWELLED BOX,104,78,25.00,14.92,41.31,2.768,1.33,0.298,11.08,57.00,0.270,414.58
72802C,VANILLA SCENT CANDLE JEWELLED BOX,104,88,15.38,20.95,59.14,2.822,1.18,0.226,15.62,79.23,0.383,407.39
72803A,ROSE SCENT CANDLE JEWELLED DRAWER,104,62,40.38,8.08,51.39,6.363,1.68,0.007,5.69,41.77,0.235,633.78
72803B,UNKNOWN,104,27,74.04,1.70,6.28,3.691,3.85,-0.027,5.85,0.00,-0.064,-100.00
72805,VANILLA CANDLE IN EMBOSSED ZINC POT,104,2,98.08,0.08,0.57,7.401,52.00,0.431,0.62,0.00,-0.004,-100.00
72807A,SET/3 ROSE CANDLE IN JEWELLED BOX,104,81,22.12,8.80,14.55,1.654,1.28,0.199,9.15,9.15,-0.009,0.00
72807B,SET/3 OCEAN SCENT CANDLE JEWEL BOX,104,87,16.35,10.36,16.30,1.574,1.20,0.195,14.00,9.31,-0.069,-33.52
72807C,SET/3 VANILLA SCENTED CANDLE IN BOX,104,91,12.50,19.40,36.42,1.877,1.14,0.088,37.08,25.15,-0.115,-32.16
72811,SMALL ZINC/GLASS CANDLEHOLDER,104,18,82.69,4.22,17.55,4.158,5.78,0.273,1.08,1.38,-0.092,28.57
72812,LARGE ZINC GLASS CANDLEHOLDER,104,25,75.96,0.99,2.54,2.569,4.16,-0.041,1.31,0.62,-0.010,-52.94
72814,UNKNOWN,104,20,80.77,2.30,7.22,3.144,5.20,0.492,3.08,0.00,-0.040,-100.00
72815,3 WICK CHRISTMAS BRIAR CANDLE,104,19,81.73,2.30,6.63,2.886,5.47,0.578,2.85,0.00,-0.036,-100.00
72816,SET/3 CHRISTMAS DECOUPAGE CANDLES,104,39,62.50,12.86,47.99,3.733,2.67,0.148,2.23,55.92,0.298,2406.90
72817,UNKNOWN,104,41,60.58,14.90,35.64,2.391,2.54,0.753,1.38,83.38,0.514,5922.22
72818,CHRISTMAS DECOUPAGE CANDLE,104,33,68.27,22.82,81.43,3.569,3.15,0.425,0.38,133.62,0.790,34640.00
72819,CUPID DESIGN SCENTED CANDLES,104,56,46.15,6.22,19.13,3.075,1.86,0.319,3.31,5.54,-0.043,67.44
72821,CUPID SCENTED CANDLE IN GLASS,104,11,89.42,0.59,2.74,4.665,9.45,0.366,3.00,0.00,-0.018,-100.00
75011,BLUE DAISY MOBILE,104,15,85.58,1.74,7.96,4.574,6.93,0.009,0.08,2.69,0.053,3400.00
75013B,UNKNOWN,104,39,62.50,4.99,17.04,3.415,2.67,0.429,5.38,0.00,-0.140,-100.00
75049L,LARGE CIRCULAR MIRROR MOBILE,104,79,24.04,133.88,199.66,1.491,1.32,0.200,142.69,104.54,0.277,-26.74
75131,METAL TUBE CHIME ON BAMBOO,104,46,55.77,11.70,45.41,3.880,2.26,-0.050,5.08,0.00,-0.111,-100.00
75149N,UNKNOWN,104,13,87.50,2.34,7.67,3.283,8.00,0.215,9.54,0.00,-0.107,-100.00
75172,PAINTED SEA SHELL METAL WINDCHIME,104,10,90.38,0.93,4.52,4.851,10.40,0.657,0.00,0.00,0.027,
75178,ASSTD COL BUTTERFLY/CRYSTAL W/CHIME,104,19,81.73,4.77,24.44,5.125,5.47,-0.039,0.08,0.77,0.051,900.00
77079,UNKNOWN,104,14,86.54,1.07,3.94,3.693,7.43,-0.022,2.77,0.00,-0.035,-100.00
77081,FLOWER WINDMILL,104,19,81.73,4.38,23.25,5.313,5.47,0.318,2.69,0.00,-0.141,-100.00
77101A,UNKNOWN,104,43,58.65,10.43,33.73,3.233,2.42,0.066,1.46,0.00,-0.128,-100.00
78026,UNKNOWN,104,3,97.12,0.13,1.10,8.155,34.67,0.162,0.08,0.00,-0.002,-100.00
78027,SEAGRASS S/2 CORNER LAUNDRY,104,5,95.19,0.06,0.27,4.725,20.80,-0.046,0.15,0.00,-0.002,-100.00
78033,FLAG OF ST GEORGE CHAIR,104,14,86.54,1.50,8.37,5.577,7.43,-0.008,0.92,0.69,-0.024,-25.00
78034B,BLUE NETTING STORAGE HANGER,104,9,91.35,0.14,0.53,3.669,11.56,-0.041,0.00,0.08,0.001,
78056,UNKNOWN,104,2,98.08,0.03,0.22,7.572,52.00,-0.013,0.23,0.00,-0.002,-100.00
78124,MAGAZINE RACK GEBRA ASSORTED,104,25,75.96,7.01,32.05,4.573,4.16,-0.038,11.31,6.54,-0.139,-42.18
79000,MOROCCAN TEA GLASS,104,87,16.35,120.75,144.37,1.196,1.20,-0.039,139.46,0.92,-1.019,-99.34
79026B,"S/4 ICON COASTER,ELVIS LIVES",104,18,82.69,0.59,1.85,3.148,5.78,0.270,1.54,0.00,-0.009,-100.00
79029,UNKNOWN,104,34,67.31,28.19,57.14,2.027,3.06,0.630,37.54,0.00,-0.998,-100.00
79030A,"TUMBLER, ENGLISH ROSE",104,11,89.42,3.34,19.52,5.851,9.45,0.157,0.54,0.00,-0.098,-100.00
79030D,TUMBLER BAROQUE,104,39,62.50,9.83,37.17,3.782,2.67,0.019,1.23,3.31,0.007,168.75
79030G,TUMBLER NEW ENGLAND,104,49,52.88,16.66,50.55,3.034,2.12,0.651,4.38,0.00,0.227,-100.00
79051A,SMOKEY GREY COLOUR GLASS,104,37,64.42,8.73,19.97,2.287,2.81,0.200,2.00,15.85,0.234,692.31
79053A,UNKNOWN,104,1,99.04,0.09,0.88,10.198,104.00,-0.010,0.69,0.00,-0.005,-100.00
79053B,UNKNOWN,104,1,99.04,0.01,0.10,10.198,104.00,-0.010,0.08,0.00,-0.001,-100.00
79062D,"RETRO TIN ASHTRAY,REVOLUTIONARY",104,5,95.19,9.73,94.13,9.673,20.80,-0.011,0.00,0.00,0.103,
79063C,"RETRO PILL BOX KEY CHAIN,THE KING",104,12,88.46,5.33,33.06,6.206,8.67,-0.022,0.00,2.85,0.095,
79063D,"RETRO PILL BOX , REVOLUTIONARY",104,10,90.38,26.43,251.08,9.499,10.40,-0.011,0.00,1.08,0.245,
79065A,UNKNOWN,104,1,99.04,0.02,0.20,10.198,104.00,-0.010,0.15,0.00,-0.001,-100.00
79066K,RETRO MOD TRAY,104,92,11.54,13.41,17.16,1.279,1.13,-0.051,14.15,28.15,0.085,98.91
79067,CORONA MEXICAN TRAY,104,54,48.08,15.13,23.39,1.545,1.93,0.299,26.54,0.00,-0.356,-100.00
79069A,UNKNOWN,104,1,99.04,0.13,1.37,10.198,104.00,-0.010,1.08,0.00,-0.007,-100.00
79070B,ENGLISH ROSE SQUARE CAKE TINS,104,0,100.00,0.00,0.00,0.000,0.00,,0.00,0.00,0.000,
79071B,ENGLISH ROSE METAL WASTE BIN,104,38,63.46,1.37,2.78,2.034,2.74,0.133,0.46,0.00,-0.021,-100.00
79072,TEATIME CAKE TIN WITH HANDLE,104,15,85.58,2.37,7.71,3.261,6.93,0.736,17.38,0.00,-0.122,-100.00
79140,ASS WINDPROOF MARIJUANA LIGHTERS,104,2,98.08,0.14,1.21,8.390,52.00,-0.014,0.92,0.00,-0.006,-100.00
79144B,PAINTED LIGHTBULB STAR+ MOON,104,54,48.08,3.28,6.02,1.835,1.93,0.105,1.31,5.85,0.035,347.06
79144C,PAINTED LIGHTBULB RAINBOW DESIGN,104,59,43.27,2.90,5.03,1.732,1.76,0.143,1.77,5.46,0.020,208.70
79149B,SILICON STAR BULB BLUE,104,10,90.38,0.26,1.16,4.458,10.40,0.086,0.15,1.08,0.006,600.00
79151B,"SILICON CUBE 25W, BLUE",104,2,98.08,0.11,0.98,9.308,52.00,-0.011,0.00,0.77,0.005,
79157B,UBO-LIGHT TRIOBASE BLUE,104,2,98.08,0.04,0.31,8.039,52.00,-0.016,0.08,0.23,0.001,200.00
79157V,UBO-LIGHT TRIOBASE PURPLE,104,3,97.12,0.05,0.29,6.066,34.67,0.201,0.00,0.38,0.002,
79160,HEART SHAPE WIRELESS DOORBELL,104,69,33.65,8.64,18.51,2.141,1.51,0.049,14.46,2.69,-0.041,-81.38
79161A,ST GEORGE SET OF 10 PARTY LIGHTS,104,15,85.58,0.73,2.73,3.743,6.93,-0.039,0.00,0.15,-0.012,
79163,BLACK CHAMPAGNE GLASS,104,40,61.54,36.81,200.71,5.453,2.60,-0.010,159.69,2.69,-0.696,-98.31
79164,BLACK WINE GLASS,104,47,54.81,35.30,137.92,3.907,2.21,-0.043,10.00,4.62,-0.056,-53.85
79165,UNKNOWN,104,1,99.04,0.01,0.10,10.198,104.00,-0.010,0.08,0.00,-0.001,-100.00
79172D,PURPLE TINT ACRYLIC FLOWER VASE,104,4,96.15,0.23,1.40,6.045,26.00,-0.028,0.00,0.00,-0.006,
79190A,RETRO PLASTIC 70'S TRAY,104,73,29.81,7.20,10.51,1.459,1.42,-0.061,5.38,11.31,0.033,110.00
79190B,RETRO PLASTIC POLKA TRAY,104,73,29.81,13.73,42.16,3.071,1.42,0.014,30.31,10.23,-0.076,-66.24
79190D,RETRO PLASTIC DAISY TRAY,104,69,33.65,5.99,7.38,1.232,1.51,-0.184,6.08,4.69,-0.026,-22.78
79191B,RETRO PLASTIC POLKA TRAY,104,43,58.65,4.33,15.96,3.688,2.42,-0.045,12.31,4.23,-0.046,-65.62
79191C,RETRO PLASTIC ELEPHANT TRAY,104,74,28.85,15.00,31.18,2.079,1.41,-0.100,17.54,26.54,0.209,51.32
79191D,RETRO PLASTIC DAISY TRAY,104,38,63.46,1.30,2.99,2.302,2.74,0.067,1.77,0.85,-0.019,-52.17
79192A,RETRO PLASTIC 70'S TRAY,104,24,76.92,1.07,3.16,2.961,4.33,0.183,1.77,0.00,-0.032,-100.00
79301,FEATHER HEART LIGHTS,104,1,99.04,0.01,0.10,10.198,104.00,-0.010,0.08,0.00,-0.000,-100.00
79302M,"ART LIGHTS,FUNK MONKEY",104,63,39.42,6.44,12.58,1.952,1.65,-0.046,4.31,13.62,0.056,216.07
79303A,UNKNOWN,104,2,98.08,0.03,0.22,7.572,52.00,0.389,0.23,0.00,-0.001,-100.00
79303B,BLUE STAR BLOCK TABLE LAMP,104,8,92.31,1.04,8.87,8.540,13.00,-0.013,0.46,0.00,-0.022,-100.00
79303D,LILAC FLOWER BLOCK TABLE LAMP,104,10,90.38,0.88,4.49,5.130,10.40,0.014,2.69,0.00,-0.032,-100.00
79308B,MOSAIC CANDLE DISH BLUE PURPLE,104,3,97.12,2.77,17.15,6.194,34.67,-0.027,0.00,0.00,-0.083,
79309A,UNKNOWN,104,1,99.04,0.01,0.10,10.198,104.00,-0.010,0.08,0.00,-0.001,-100.00
79315W,FLYING SAUCER TABLE LIGHT IN WHITE,104,10,90.38,1.90,13.88,7.290,10.40,-0.019,2.23,0.00,-0.048,-100.00
79320,FLAMINGO LIGHTS,104,40,61.54,9.19,17.91,1.948,2.60,0.287,22.85,0.00,-0.320,-100.00
79321,CHILLI LIGHTS,104,97,6.73,149.94,193.44,1.290,1.07,0.315,35.54,274.92,1.839,673.59
79323B,BLACK CHERRY LIGHTS,104,19,81.73,2.11,6.49,3.082,5.47,0.273,10.08,0.00,-0.093,-100.00
79323G,GOLD CHERRY LIGHTS,104,17,83.65,2.80,10.15,3.628,6.12,0.694,17.62,0.00,-0.139,-100.00
79323GR,GREEN CHERRY LIGHTS,104,18,82.69,4.98,16.45,3.303,5.78,0.333,27.31,0.00,-0.231,-100.00
79323LP,LIGHT PINK CHERRY LIGHTS,104,21,79.81,12.99,31.72,2.442,4.95,0.588,67.69,0.00,-0.592,-100.00
79323P,PINK CHERRY LIGHTS,104,21,79.81,18.77,47.46,2.528,4.95,0.725,88.23,0.00,-0.867,-100.00
79323S,SILVER CHERRY LIGHTS,104,16,84.62,2.74,17.06,6.226,6.50,0.343,17.31,0.00,-0.137,-100.00
79323W,WHITE CHERRY LIGHTS,104,23,77.88,24.65,57.67,2.339,4.52,0.714,128.08,0.00,-1.123,-100.00
79328,BLUE FLOCK GLASS CANDLEHOLDER,104,12,88.46,5.20,20.02,3.849,8.67,0.179,22.92,0.00,-0.233,-100.00
79329,PINK FLOCK GLASS CANDLEHOLDER,104,6,94.23,0.92,7.12,7.715,17.33,-0.016,5.54,0.00,-0.040,-100.00
79331,PINK FLOCK GLASS CANDLEHOLDER,104,9,91.35,0.89,4.07,4.548,11.56,-0.049,0.54,0.00,-0.012,-100.00
79336,LIGHT PINK FLOCK GLASS CANDLEHOLDER,104,19,81.73,8.82,35.73,4.053,5.47,-0.057,33.92,0.00,-0.310,-100.00
79337,UNKNOWN,104,20,80.77,11.49,45.25,3.938,5.20,-0.043,11.62,0.00,-0.025,-100.00
79338,DARK PINK FLOCK GLASS CANDLEHOLDER,104,7,93.27,4.80,27.35,5.700,14.86,-0.024,38.38,0.00,-0.243,-100.00
79340W,UNKNOWN,104,1,99.04,0.03,0.29,10.198,104.00,-0.010,0.23,0.00,-0.002,-100.00
79341,WILLOW BRANCH LIGHTS.,104,18,82.69,6.47,34.17,5.281,5.78,0.035,21.92,0.00,-0.298,-100.00
79342B,BROWN FLOWER LIGHTS,104,12,88.46,0.61,2.21,3.647,8.67,0.384,3.77,0.00,-0.030,-100.00
79403,FROSTED WHITE BASE,104,27,74.04,2.08,5.44,2.617,3.85,-0.103,2.31,1.00,-0.004,-56.67
79406,FROSTED WHITE BASE,104,18,82.69,2.23,8.48,3.800,5.78,-0.067,0.77,1.85,0.025,140.00
79413,GLASS WINE GLASS DECORATIONS,104,5,95.19,0.17,1.00,5.775,20.80,-0.028,0.85,0.00,-0.008,-100.00
79532,MOSAIC GLASS BALL CANDLEHOLDER,104,14,86.54,1.86,9.91,5.338,7.43,0.023,0.00,0.00,-0.049,
79534,UNKNOWN,104,14,86.54,1.01,3.02,2.994,7.43,0.005,2.46,0.00,-0.035,-100.00
81950B,FLOWER BLUE CLOCK WITH SUCKER,104,26,75.00,2.07,9.22,4.458,4.00,0.078,3.38,0.00,0.006,-100.00
81950V,FLOWER PURPLE CLOCK WITH SUCKER,104,8,92.31,0.30,1.43,4.810,13.00,0.126,0.00,0.00,0.002,
81952B,UNKNOWN,104,12,88.46,2.55,13.07,5.130,8.67,0.423,1.15,0.00,0.056,-100.00
81952V,ROUND PURPLE CLOCK WITH SUCKER,104,31,70.19,4.45,14.87,3.339,3.35,0.643,2.62,4.62,0.105,76.47
81953B,ROUND BLUE CLOCK WITH SUCKER,104,5,95.19,0.13,1.00,7.397,20.80,0.079,0.00,0.00,0.003,
81953P,ROUND ARTICULATED PINK CLOCK W/SUCK,104,5,95.19,0.32,2.40,7.559,20.80,0.144,0.08,0.00,0.008,-100.00
81985A,"ICON ALARM CLOCK,FUSCHIA PIN UP",104,7,93.27,0.22,0.99,4.498,14.86,0.247,1.08,0.00,-0.008,-100.00
82001S,SILVER RECORD COVER FRAME,104,87,16.35,28.31,40.24,1.422,1.20,0.261,43.77,43.69,0.099,-0.18
82011A,"BATHROOM SCALES, TROPICAL BEACH",104,29,72.12,0.57,1.79,3.153,3.59,-0.051,0.15,0.31,-0.005,100.00
82011B,BATHROOM SCALES RUBBER DUCKS,104,37,64.42,1.53,6.94,4.536,2.81,-0.021,0.54,2.00,0.000,271.43
82011C,BATHROOM SCALES FOOTPRINTS IN SAND,104,43,58.65,1.26,2.38,1.887,2.42,0.144,1.46,2.38,-0.004,63.16
82011E,"BATHROOM SCALES, FAG BREAK",104,2,98.08,0.03,0.22,7.572,52.00,0.389,0.23,0.00,-0.001,-100.00
82069,BEECH WOOD P/FRAME,104,10,90.38,0.16,0.58,3.526,10.40,0.386,0.23,0.00,-0.006,-100.00
82072,WHITE WOOD SINGLE P/FRAME,104,4,96.15,0.07,0.35,5.182,26.00,-0.038,0.15,0.00,-0.002,-100.00
82076,BEECH WOOD PHOTO FRAME,104,5,95.19,2.77,12.95,4.675,20.80,0.364,22.15,0.00,-0.146,-100.00
82081,PINK HEARTS PHOTO ALBUM,104,9,91.35,1.41,5.76,4.075,11.56,0.355,11.31,0.00,-0.072,-100.00
82093,HEART SHAPE BUTTON FRAME,104,5,95.19,1.04,6.09,5.869,20.80,0.610,8.31,0.00,-0.057,-100.00
82095,HEART BUTTONS JEWELLERY BOX,104,33,68.27,0.96,2.97,3.091,3.15,0.079,0.92,0.00,0.007,-100.00
82482,WOODEN PICTURE FRAME WHITE FINISH,104,93,10.58,159.14,110.75,0.696,1.12,0.389,102.92,198.62,0.904,92.97
82483,WOOD 2 DRAWER CABINET WHITE FINISH,104,93,10.58,45.71,34.97,0.765,1.12,0.309,42.77,57.54,0.095,34.53
82484,WOOD BLACK BOARD ANT WHITE FINISH,104,86,17.31,91.40,147.11,1.609,1.21,0.013,0.00,67.85,0.682,
82486,3 DRAWER ANTIQUE WHITE WOOD CABINET,104,102,1.92,44.11,25.81,0.585,1.02,0.199,51.69,51.15,-0.073,-1.04
82494L,WOODEN FRAME ANTIQUE WHITE,104,96,7.69,148.88,92.12,0.619,1.08,0.436,151.46,191.54,-0.005,26.46
82545A,COGNAC AUX OEUFS METAL 1 HOOK,104,9,91.35,0.30,1.14,3.823,11.56,0.132,0.23,0.00,-0.008,-100.00
82551,LAUNDRY 15C METAL SIGN,104,100,3.85,53.95,55.18,1.023,1.04,-0.032,60.00,74.77,0.056,24.62
82552,WASHROOM METAL SIGN,104,98,5.77,66.28,69.83,1.054,1.06,0.105,117.31,68.54,-0.486,-41.57
82553,UNKNOWN,104,9,91.35,0.72,4.44,6.151,11.56,0.891,5.77,0.00,-0.040,-100.00
82567,"AIRLINE LOUNGE,METAL SIGN",104,98,5.77,11.25,8.77,0.780,1.06,0.173,11.23,16.23,0.078,44.52
82578,KITCHEN METAL SIGN,104,100,3.85,53.16,61.02,1.148,1.04,0.059,39.38,51.31,-0.313,30.27
82580,BATHROOM METAL SIGN,104,102,1.92,126.33,98.89,0.783,1.02,-0.023,146.00,120.54,-0.379,-17.44
82581,TOILET METAL SIGN,104,102,1.92,79.69,73.07,0.917,1.02,0.064,55.54,61.23,-0.234,10.25
82582,AREA PATROLLED METAL SIGN,104,95,8.65,69.31,60.80,0.877,1.09,0.204,42.23,120.00,0.597,184.15
82583,HOT BATHS METAL SIGN,104,97,6.73,125.22,116.69,0.932,1.07,0.140,91.00,284.15,1.055,212.26
82585,UNKNOWN,104,11,89.42,1.60,7.59,4.756,9.45,0.331,12.77,0.00,-0.076,-100.00
82587,TEXRIO TOMATOES CANDLE+CUP,104,18,82.69,1.20,3.69,3.068,5.78,0.365,5.38,0.00,-0.051,-100.00
82597,UNKNOWN,104,46,55.77,13.37,28.01,2.096,2.26,0.282,26.85,0.00,-0.399,-100.00
82599,UNKNOWN,104,73,29.81,23.88,29.17,1.221,1.42,0.381,25.46,0.00,-0.445,-100.00
82600,N0 SINGING METAL SIGN,104,97,6.73,118.68,127.25,1.072,1.07,-0.004,97.85,155.92,0.246,59.36
82605,UNKNOWN,104,53,49.04,2.58,4.13,1.602,1.96,0.457,4.38,0.00,-0.066,-100.00
82607A,UNKNOWN,104,40,61.54,6.14,12.13,1.975,2.60,0.343,14.31,0.00,-0.207,-100.00
82607C,GLASS BONBON JAR. SUPERFINES,104,11,89.42,1.04,4.27,4.112,9.45,0.512,7.85,0.00,-0.051,-100.00
82607E,UNKNOWN,104,15,85.58,0.94,4.10,4.354,6.93,0.097,5.69,0.00,-0.041,-100.00
82613A,Amazon,104,53,49.04,6.34,21.80,3.440,1.96,0.076,25.92,0.08,-0.205,-99.70
82613B,"METAL SIGN,CUPCAKE SINGLE HOOK",104,87,16.35,8.71,17.69,2.030,1.20,0.387,6.08,2.38,-0.028,-60.76
82613C,"METAL SIGN,CUPCAKE SINGLE HOOK",104,82,21.15,7.50,17.67,2.357,1.27,0.398,5.62,3.00,-0.012,-46.58
82613D,METAL SIGN CUPCAKE SINGLE HOOK,104,84,19.23,11.32,24.30,2.148,1.24,0.519,11.92,4.08,-0.078,-65.81
82615,PINK MARSHMALLOW SCARF KNITTING KIT,104,33,68.27,5.75,19.87,3.456,3.15,0.195,5.08,0.00,-0.090,-100.00
82616A,BUBBLE GUM SCARF KNITTING KIT,104,25,75.96,2.35,7.68,3.275,4.16,0.092,5.15,0.00,-0.080,-100.00
82616B,FRAPPUCINO SCARF KNITTING KIT,104,53,49.04,5.64,11.33,2.008,1.96,0.057,3.92,16.77,0.095,327.45
82616C,MIDNIGHT GLAMOUR SCARF KNITTING KIT,104,54,48.08,5.60,14.50,2.592,1.93,0.038,2.31,14.92,0.083,546.67
84006,MAGIC TREE -PAPER FLOWERS,104,72,30.77,16.44,25.91,1.576,1.44,0.513,21.62,34.38,0.076,59.07
84007,MAGIC GARDEN MOUNT FUJI,104,22,78.85,1.19,4.03,3.381,4.73,0.234,6.15,0.00,-0.051,-100.00
84012,MAGIC SHEEP WOOL GROWING FROM PAPER,104,65,37.50,16.54,29.15,1.762,1.60,0.277,8.54,51.23,0.265,500.00
84016,FLAG OF ST GEORGE CAR FLAG,104,22,78.85,182.69,1098.97,6.015,4.73,0.038,3.92,1.92,-5.968,-50.98
84029C,BROWN FURRY HOT WATER BOTTLE,104,4,96.15,1.52,10.06,6.625,26.00,0.677,12.15,0.00,-0.086,-100.00
84029D,LEOPARD PRINT HOT WATER BOTTLE,104,8,92.31,1.01,5.95,5.889,13.00,0.549,8.08,0.00,-0.051,-100.00
84029E,RED WOOLLY HOTTIE WHITE HEART.,104,95,8.65,96.33,169.53,1.760,1.09,0.519,156.23,196.00,0.038,25.46
84029G,KNITTED UNION FLAG HOT WATER BOTTLE,104,99,4.81,63.30,100.03,1.580,1.05,0.697,83.00,101.46,0.083,22.24
84030B,UNKNOWN,104,4,96.15,0.12,0.67,5.830,26.00,0.228,0.77,0.00,-0.005,-100.00
84030C,UNKNOWN,104,5,95.19,0.46,2.76,5.985,20.80,0.082,3.31,0.00,-0.023,-100.00
84030E,ENGLISH ROSE HOT WATER BOTTLE,104,64,38.46,20.80,33.61,1.616,1.62,0.716,1.46,69.54,0.469,4657.89
84031A,CHARLIE+LOLA RED HOT WATER BOTTLE,104,72,30.77,9.12,16.36,1.795,1.44,0.436,14.46,12.62,-0.028,-12.77
84031B,CHARLIE LOLA BLUE HOT WATER BOTTLE,104,72,30.77,7.15,12.38,1.730,1.44,0.365,17.00,8.38,-0.058,-50.68
84032A,CHARLIE+LOLA PINK HOT WATER BOTTLE,104,88,15.38,28.39,55.72,1.962,1.18,0.284,63.00,28.69,-0.298,-54.46
84032B,CHARLIE + LOLA RED HOT WATER BOTTLE,104,89,14.42,27.92,60.13,2.154,1.17,0.381,54.08,24.62,-0.312,-54.48
84033,FLAG OF ST GEORGE,104,26,75.00,4.72,14.47,3.064,4.00,0.336,3.15,0.15,-0.160,-95.12
84050,check,104,95,8.65,92.34,145.92,1.580,1.09,0.172,272.92,30.46,-1.743,-88.84
84051,ASS COLOUR GLOWING TIARAS,104,40,61.54,6.92,18.78,2.713,2.60,-0.020,9.62,4.46,-0.006,-53.60
84077,WORLD WAR 2 GLIDERS ASSTD DESIGNS,104,101,2.88,1004.29,982.03,0.978,1.03,0.016,524.85,1243.38,3.671,136.90
84078A,SET/4 WHITE RETRO STORAGE CUBES,104,95,8.65,10.71,18.45,1.722,1.09,0.038,7.92,4.46,-0.062,-43.69
84081,WHITE CERAMIC PARTY SET (5PCS),104,11,89.42,0.97,4.63,4.769,9.45,0.419,7.54,0.00,-0.052,-100.00
84086B,YELLOW/BLUE RETRO RADIO,104,10,90.38,0.22,0.86,3.882,10.40,-0.041,0.00,0.54,0.005,
84086C,PINK/PURPLE RETRO RADIO,104,49,52.88,2.86,5.80,2.033,2.12,0.230,1.38,7.46,0.042,438.89
84192,ASSORTED COLOUR METAL CAT,104,28,73.08,2.17,6.07,2.791,3.71,0.203,0.54,2.92,0.005,442.86
84199,GLOW IN DARK DOLPHINS,104,39,62.50,14.17,66.42,4.686,2.67,-0.028,39.69,4.92,-0.438,-87.60
84201B,HAPPY BIRTHDAY CARD STRIPEY TEDDY,104,7,93.27,0.35,1.69,4.893,14.86,-0.026,0.00,0.08,-0.000,
84201C,HAPPY BIRTHDAY CARD TEDDY/CAKE,104,2,98.08,0.10,0.69,7.176,52.00,-0.020,0.00,0.00,0.001,
84205C,HAPPY BIRTHDAY GINGER CAT CARD,104,1,99.04,0.02,0.20,10.198,104.00,-0.010,0.15,0.00,-0.001,-100.00
84206A,3 BLACK CATS W HEARTS BLANK CARD,104,6,94.23,0.75,3.55,4.736,17.33,-0.022,1.85,1.38,-0.003,-25.00
84206B,CAT WITH SUNGLASSES BLANK CARD,104,2,98.08,0.09,0.62,7.221,52.00,-0.020,0.00,0.38,0.002,
84206C,CHAMPAGNE TRAY BLANK CARD,104,3,97.12,0.09,0.58,6.661,34.67,-0.023,0.00,0.23,0.003,
84212,"ASSORTED FLOWER COLOUR ""LEIS""",104,88,15.38,237.88,383.92,1.614,1.18,0.054,159.23,127.00,-0.959,-20.24
84218,BOX/12 CHICK & EGG IN BASKET,104,21,79.81,2.51,8.44,3.362,4.95,0.186,4.38,0.00,-0.046,-100.00
84219,UNKNOWN,104,10,90.38,1.40,8.21,5.849,10.40,0.135,10.46,0.00,-0.064,-100.00
84226,HEN HOUSE W FAMILY IN BARN & NEST,104,15,85.58,0.74,3.64,4.911,6.93,0.046,0.15,0.00,0.002,-100.00
84227,UNKNOWN,104,11,89.42,2.17,9.67,4.450,9.45,0.295,14.38,0.00,-0.098,-100.00
84228,HEN HOUSE WITH CHICK STANDING,104,25,75.96,3.40,13.58,3.989,4.16,0.098,3.38,0.92,0.007,-72.73
84231,EASTER BUNNY WITH BASKET ON BACK,104,23,77.88,2.21,5.68,2.568,4.52,0.304,5.31,1.00,-0.033,-81.16
84247B,UNKNOWN,104,1,99.04,0.11,1.08,10.198,104.00,-0.010,0.85,0.00,-0.006,-100.00
84247C,UNKNOWN,104,14,86.54,0.88,4.03,4.609,7.43,0.018,1.15,0.00,-0.016,-100.00
84247E,PACK OF 12 CHRISTMAS FUN CARDS,104,30,71.15,6.38,23.21,3.636,3.47,0.018,0.00,11.85,0.020,
84247G,"DECOUPAGE,GREETING CARD,",104,56,46.15,13.25,21.19,1.600,1.86,0.156,33.69,0.00,-0.292,-100.00
84247H,PACK/12 DECOUPAGE CARD,104,15,85.58,0.89,4.88,5.454,6.93,-0.009,4.15,0.00,-0.041,-100.00
84247J,PACK/12 RUSSIAN DOLL CARDS,104,2,98.08,0.07,0.53,7.819,52.00,0.364,0.54,0.00,-0.004,-100.00
84247K,"FOLK ART GREETING CARD,pack/12",104,24,76.92,1.12,5.32,4.729,4.33,-0.035,1.15,0.23,-0.005,-80.00
84247L,FAWN AND MUSHROOM GREETING CARD,104,41,60.58,10.88,18.65,1.715,2.54,0.233,27.38,0.00,-0.328,-100.00
84247N,PACK/12 BLUE FOLKART CARDS,104,39,62.50,2.20,9.30,4.226,2.67,-0.041,8.62,0.77,-0.070,-91.07
84249A,"GREETING CARD,SQUARE, DOUGHNUTS",104,25,75.96,2.41,6.71,2.780,4.16,-0.123,1.85,0.38,0.012,-79.17
84249D,FAIRY CAKE GREETINGS CARD,104,27,74.04,16.99,91.07,5.360,3.85,-0.011,97.69,0.00,-0.793,-100.00
84250M,"GREETING CARD, BLACKPOOL ROCK",104,10,90.38,0.24,1.24,5.168,10.40,-0.013,1.31,0.00,-0.011,-100.00
84251B,"GREETING CARD, STICKY GORDON",104,30,71.15,3.07,6.28,2.046,3.47,0.184,0.00,0.08,0.035,
84251C,"GREETING CARD, TWO SISTERS.",104,26,75.00,4.99,26.05,5.221,4.00,0.031,22.77,0.00,-0.154,-100.00
84251F,UNKNOWN,104,28,73.08,3.48,8.69,2.496,3.71,0.233,3.31,0.00,-0.114,-100.00
84251G,"GREETING CARD, OVERCROWDED POOL.",104,46,55.77,4.30,7.26,1.688,2.26,0.143,3.31,4.85,0.019,46.51
84251J,"GREETING CARD, THE BLACK CAT",104,11,89.42,1.13,6.26,5.520,9.45,-0.019,7.69,0.00,-0.052,-100.00
84255A,UNKNOWN,104,4,96.15,0.04,0.19,5.024,26.00,0.264,0.31,0.00,-0.002,-100.00
84255B,ORANGE COCKTAIL GLASS LAMP,104,8,92.31,0.54,2.62,4.869,13.00,0.074,4.23,0.00,-0.028,-100.00
84270,UNKNOWN,104,50,51.92,213.36,319.69,1.498,2.08,0.405,368.69,0.00,-6.433,-100.00
84279B,CHERRY BLOSSOM DECORATIVE FLASK,104,50,51.92,9.60,24.66,2.569,2.08,0.084,25.23,0.00,-0.202,-100.00
84279P,CHERRY BLOSSOM DECORATIVE FLASK,104,96,7.69,11.78,22.71,1.928,1.08,0.008,24.62,15.31,-0.088,-37.81
84288B,SET/2 BLUE NOODLE BASKETS,104,14,86.54,0.69,2.65,3.825,7.43,0.365,4.69,0.00,-0.032,-100.00
84292,ROSE PINK METAL FOLDING CHAIR,104,12,88.46,0.55,2.01,3.675,8.67,0.654,0.38,0.00,-0.019,-100.00
84292B,UNKNOWN,104,7,93.27,0.14,0.64,4.471,14.86,0.019,0.46,0.00,-0.006,-100.00
84306,S/3 PINK SQUARE PLANTERS ROSES,104,19,81.73,0.48,1.25,2.608,5.47,0.190,0.92,0.00,-0.011,-100.00
84311,CAMOFLAGE CUSHION COVER,104,1,99.04,0.11,1.08,10.198,104.00,-0.010,0.85,0.00,-0.005,-100.00
84313A,PINK TV TRAY TABLE,104,18,82.69,0.37,0.99,2.698,5.78,0.180,0.62,0.00,-0.012,-100.00
84313B,BLUE TV TRAY TABLE,104,39,62.50,2.17,5.43,2.498,2.67,0.417,1.00,0.00,-0.003,-100.00
84313C,ORANGE TV TRAY TABLE,104,44,57.69,5.33,22.45,4.214,2.36,0.058,0.23,0.00,0.099,-100.00
84327A,PINK JUMPER LARRY THE LAMB,104,34,67.31,8.38,22.48,2.681,3.06,0.378,24.77,0.00,-0.319,-100.00
84340,LARGE FIBRE OPTIC CHRISTMAS TREE,104,3,97.12,0.14,1.19,8.278,34.67,0.952,1.15,0.00,-0.008,-100.00
84341B,SMALL PINK MAGIC CHRISTMAS TREE,104,37,64.42,16.12,38.40,2.383,2.81,0.292,1.69,30.85,0.141,1722.73
84347,ROTATING SILVER ANGELS T-LIGHT HLDR,104,76,26.92,279.63,1038.54,3.714,1.37,0.067,7.92,477.77,1.877,5930.10
84352,SILVER CHRISTMAS TREE BAUBLE STAND,104,33,68.27,1.91,4.79,2.504,3.15,0.616,0.31,0.23,-0.007,-25.00
84356,POMPOM CURTAIN,104,65,37.50,6.85,15.74,2.299,1.60,0.148,3.00,4.46,0.008,48.72
84358,FLOOR LAMP SHADE WOOD BASE,104,26,75.00,1.05,5.19,4.950,4.00,0.067,0.31,0.00,-0.010,-100.00
84360,TABLE LAMP WHITE SHADE WOOD BASE,104,32,69.23,1.47,4.19,2.849,3.25,0.037,2.54,1.00,-0.013,-60.61
84366,VENDETTA CANVAS PICTURE,104,3,97.12,0.03,0.17,5.830,34.67,0.313,0.15,0.00,-0.001,-100.00
84367,LA STREGA CANVAS PICTURE,104,8,92.31,0.71,2.81,3.949,13.00,-0.060,1.92,0.00,-0.025,-100.00
84371,BIG PINK POODLE,104,4,96.15,0.27,2.19,8.138,26.00,0.165,2.15,0.00,-0.013,-100.00
84375,SET OF 20 KIDS COOKIE CUTTERS,104,94,9.62,71.47,70.59,0.988,1.11,0.423,96.31,102.62,0.048,6.55
84378,SET OF 3 HEART COOKIE CUTTERS,104,102,1.92,110.02,124.66,1.133,1.02,0.358,154.00,177.85,0.428,15.48
84380,SET OF 3 BUTTERFLY COOKIE CUTTERS,104,102,1.92,97.91,88.01,0.899,1.02,0.013,93.92,118.69,0.472,26.37
84387A,BIRD ON BRANCH CANVAS SCREEN,104,2,98.08,0.21,1.52,7.176,52.00,-0.020,0.00,0.00,0.007,
84388,UNKNOWN,104,10,90.38,0.65,3.08,4.712,10.40,0.318,2.38,0.00,-0.012,-100.00
84396,6 HOOK JEWELLERY STAND BLACK DRESS,104,10,90.38,3.91,18.32,4.682,10.40,0.161,31.31,0.00,-0.202,-100.00
84402B,UNKNOWN,104,3,97.12,0.87,6.61,7.635,34.67,-0.017,0.00,0.00,0.013,
84402D,UNKNOWN,104,8,92.31,3.20,14.33,4.475,13.00,0.450,11.77,0.00,-0.144,-100.00
84405A,S/3 PINK COL METAL BASKET W HANDLE,104,26,75.00,1.21,4.56,3.767,4.00,0.576,0.46,0.00,-0.028,-100.00
84406B,CREAM CUPID HEARTS COAT HANGER,104,100,3.85,67.62,68.22,1.009,1.04,0.288,76.00,17.15,-0.856,-77.43
84414B,FUSCHIA/GREEN STRIPE WOOLLY BLANKET,104,6,94.23,0.75,5.12,6.828,17.33,-0.021,3.38,0.00,-0.032,-100.00
84415A,PINK FLOCK SUEDE CUSHION COVER,104,6,94.23,0.26,1.17,4.523,17.33,0.004,0.46,0.00,-0.001,-100.00
84415B,BLUE FLOCK CUSHION COVER,104,6,94.23,0.17,0.79,4.586,17.33,-0.049,0.15,0.00,-0.001,-100.00
84422,PINK/BLUE DISC/MIRROR STRING,104,33,68.27,7.52,50.30,6.689,3.15,0.010,7.85,1.31,0.088,-83.33
84424A,FOUR PICTURE WHITE GLASS FRAME,104,8,92.31,0.46,2.94,6.376,13.00,0.108,0.00,0.00,-0.010,
84425A,WHITE GLASS TV TRIPLE FRAME,104,7,93.27,0.23,1.35,5.830,14.86,0.026,1.31,0.00,-0.011,-100.00
84427B,UNKNOWN,104,5,95.19,0.26,1.67,6.418,20.80,0.477,1.08,0.00,-0.012,-100.00
84429A,MEDIUM PINK BUDDHA HEAD,104,29,72.12,1.01,2.88,2.857,3.59,0.079,1.31,1.15,0.004,-11.76
84437A,S/6 PINK EASTER DECS IN BOX,104,9,91.35,1.47,6.56,4.458,11.56,0.396,4.54,0.00,-0.064,-100.00
84447,UNKNOWN,104,8,92.31,0.71,2.86,4.021,13.00,0.343,4.62,0.00,-0.032,-100.00
84450A,UNKNOWN,104,4,96.15,0.54,2.83,5.259,26.00,0.356,4.31,0.00,-0.028,-100.00
84450B,PINK/YELLOW RABBIT SAT EASTER,104,12,88.46,1.34,4.78,3.579,8.67,0.721,4.85,0.00,-0.060,-100.00
84452,METAL RABBIT LADDER EASTER,104,23,77.88,2.41,7.94,3.290,4.52,0.202,4.92,0.92,-0.026,-81.25
84454,WOBBLING METAL CHICKEN EASTER,104,9,91.35,0.89,4.27,4.772,11.56,0.140,4.15,0.00,-0.040,-100.00
84455,SET OF 3 RABBIT CARROTS EASTER,104,12,88.46,0.82,3.01,3.687,8.67,0.660,5.85,0.00,-0.039,-100.00
84456,SET OF 3 RABBIT EGG EASTER,104,12,88.46,0.24,0.76,3.148,8.67,0.559,1.23,0.00,-0.011,-100.00
84457,SET/3 RABBITS FLOWER SKIPPPING ROPE,104,28,73.08,2.80,7.41,2.647,3.71,0.445,8.38,0.92,-0.046,-88.99
84458,S/3 RABBIT FLOWER/EGG/CARROT ROPE,104,7,93.27,1.19,5.77,4.836,14.86,0.228,7.54,0.00,-0.054,-100.00
84459A,PINK METAL CHICKEN HEART,104,69,33.65,12.12,27.19,2.244,1.51,0.241,19.38,0.69,-0.105,-96.43
84459B,UNKNOWN,104,54,48.08,14.35,31.38,2.187,1.93,0.357,31.23,0.00,-0.234,-100.00
84461,12 PINK HEN+CHICKS IN BASKET,104,19,81.73,1.43,5.62,3.919,5.47,0.065,2.15,0.00,-0.034,-100.00
84462,3 PINK HEN+CHICKS IN BASKET,104,11,89.42,0.96,6.05,6.287,9.45,0.094,5.54,0.00,-0.038,-100.00
84464,UNKNOWN,104,7,93.27,0.82,5.12,6.266,14.86,0.130,6.54,0.00,-0.039,-100.00
84465,15 PINK FLUFFY CHICKS IN BOX,104,16,84.62,0.31,0.98,3.173,6.50,0.398,0.54,0.08,-0.007,-85.71
84466,TOP SECRET PEN SET,104,24,76.92,11.00,46.44,4.222,4.33,0.058,45.46,0.00,-0.471,-100.00
84467,ENGLISH ROSE DESIGN QUILTED THROW,104,18,82.69,8.40,33.40,3.975,5.78,0.528,6.38,0.00,-0.338,-100.00
84469,UNKNOWN,104,12,88.46,6.55,35.66,5.446,8.67,0.539,15.38,0.00,-0.280,-100.00
84472,PINK AND LILAC QUILTED THROW,104,17,83.65,0.82,5.26,6.440,6.12,0.023,1.92,0.00,-0.033,-100.00
84482,BUTTONS DESIGN JEWELLERY BOX,104,20,80.77,0.70,2.16,3.075,5.20,0.328,4.15,0.00,-0.032,-100.00
84493,BLUE/PINK NEST STRIPE BOX,104,5,95.19,10.98,78.24,7.125,20.80,-0.020,0.00,0.00,-0.159,
84494B,UNKNOWN,104,1,99.04,0.17,1.77,10.198,104.00,-0.010,1.38,0.00,-0.009,-100.00
84497,BUTTONS AND STRIPES NOTEBOOK,104,27,74.04,1.94,8.63,4.443,3.85,0.029,0.54,0.08,-0.026,-85.71
84499,BLACK FLOWER CANDLE PLATE,104,25,75.96,3.13,11.66,3.720,4.16,0.022,10.85,0.00,-0.114,-100.00
84507B,STRIPES DESIGN MONKEY DOLL,104,56,46.15,12.90,53.00,4.108,1.86,0.552,10.38,0.15,-0.246,-98.52
84507C,adjustment,104,51,50.96,4.18,13.37,3.197,2.04,0.638,1.08,0.69,-0.048,-35.71
84508A,CAMOUFLAGE DESIGN TEDDY,104,64,38.46,36.54,87.13,2.385,1.62,-0.041,24.38,18.46,-0.161,-24.29
84508B,STRIPES DESIGN TEDDY,104,55,47.12,1.62,2.46,1.524,1.89,0.045,2.15,1.31,-0.017,-39.29
84508C,BLUE CIRCLES DESIGN TEDDY,104,37,64.42,0.98,1.94,1.974,2.81,0.197,1.46,2.46,0.005,68.42
84509A,SET OF 4 ENGLISH ROSE PLACEMATS,104,101,2.88,15.43,14.03,0.909,1.03,0.156,11.08,17.77,0.079,60.42
84509B,SET OF 4 FAIRY CAKE PLACEMATS,104,85,18.27,5.92,7.45,1.258,1.22,0.074,8.23,3.92,-0.073,-52.34
84509C,SET OF 4 POLKADOT PLACEMATS,104,72,30.77,3.21,4.94,1.539,1.44,0.005,4.23,2.38,-0.011,-43.64
84509E,SET OF 4 CAROUSEL PLACEMATS,104,25,75.96,1.45,6.73,4.637,4.16,-0.029,0.31,0.54,-0.004,75.00
84509F,SET OF 4 NEW ENGLAND PLACEMATS,104,30,71.15,26.73,261.52,9.784,3.47,-0.009,2.92,0.00,-0.821,-100.00
84509G,SET OF 4 FAIRY CAKE PLACEMATS,104,71,31.73,7.55,18.20,2.411,1.46,0.241,7.62,3.15,-0.029,-58.59
84510A,SET OF 4 ENGLISH ROSE COASTERS,104,100,3.85,22.93,19.58,0.854,1.04,-0.140,20.77,27.08,0.041,30.37
84510B,UNKNOWN,104,27,74.04,10.68,29.45,2.757,3.85,0.534,59.23,0.00,-0.492,-100.00
84510C,SET OF 4 POLKADOT COASTERS,104,71,31.73,3.07,4.39,1.430,1.46,-0.193,5.23,2.23,-0.004,-57.35
84510E,SET OF 4 GREEN CAROUSEL COASTERS,104,28,73.08,1.53,9.85,6.442,3.71,-0.023,0.46,1.38,-0.014,200.00
84510F,SET OF 4 NEW ENGLAND COASTERS,104,24,76.92,10.53,98.00,9.308,4.33,-0.008,3.85,0.00,-0.332,-100.00
84519A,TOMATO CHARLIE+LOLA COASTER SET,104,86,17.31,10.74,16.74,1.559,1.21,-0.015,21.77,11.08,-0.070,-49.12
84519B,CARROT CHARLIE+LOLA COASTER SET,104,85,18.27,7.60,10.70,1.408,1.22,0.212,14.77,11.62,0.025,-21.35
84520B,PACK 20 ENGLISH ROSE PAPER NAPKINS,104,63,39.42,71.50,111.46,1.559,1.65,0.506,60.08,0.00,-1.791,-100.00
84520D,UNKNOWN,104,11,89.42,6.17,25.15,4.073,9.45,0.580,49.38,0.00,-0.322,-100.00
84522,PINK PARTY SUNGLASSES,104,22,78.85,1.79,10.17,5.687,4.73,-0.029,2.08,0.08,-0.026,-96.30
84526,GIANT BLACK SUNGLASSES,104,24,76.92,5.52,44.23,8.014,4.33,0.001,2.85,0.00,-0.197,-100.00
84527,FLAMES SUNGLASSES PINK LENSES,104,18,82.69,0.74,2.84,3.829,5.78,-0.053,0.00,0.08,0.007,
84529A,UNKNOWN,104,12,88.46,3.16,27.43,8.672,8.67,-0.013,1.85,0.00,-0.108,-100.00
84529B,BLUE KNITTED KID'S RUCKSACK,104,3,97.12,0.12,1.00,8.015,34.67,-0.016,0.15,0.00,-0.005,-100.00
84529C,YELLOW KNITTED KIDS RUCKSACK,104,13,87.50,0.75,2.29,3.057,8.00,0.606,0.46,0.00,-0.027,-100.00
84531A,returned,104,23,77.88,1.86,6.20,3.342,4.52,0.633,0.62,0.00,0.015,-100.00
84531B,returned,104,25,75.96,1.88,6.23,3.304,4.16,0.665,0.92,0.00,0.016,-100.00
84532B,FAIRY CAKES RECTANGLUAR BOXES,104,13,87.50,0.49,1.52,3.100,8.00,0.632,3.54,0.00,-0.025,-100.00
84533B,FAIRY CAKES ROUND NESTING BOXES,104,12,88.46,0.55,1.94,3.531,8.67,0.421,4.31,0.00,-0.027,-100.00
84534B,FAIRY CAKE NOTEBOOK A5 SIZE,104,54,48.08,7.93,12.91,1.627,1.93,0.304,12.23,0.00,-0.188,-100.00
84535A,ENGLISH ROSE NOTEBOOK A6 SIZE,104,18,82.69,9.72,48.13,4.952,5.78,0.469,11.38,0.00,0.090,-100.00
84535B,FAIRY CAKES NOTEBOOK A6 SIZE,104,97,6.73,25.88,31.36,1.212,1.07,0.083,21.54,40.62,0.143,88.57
84536A,ENGLISH ROSE NOTEBOOK A7 SIZE,104,100,3.85,47.63,36.15,0.759,1.04,0.413,19.54,80.46,0.566,311.81
84536B,FAIRY CAKES NOTEBOOK A7 SIZE,104,99,4.81,33.16,44.68,1.347,1.05,0.117,18.00,49.46,0.383,174.79
84537B,FAIRY CAKES GIFT BAG,104,9,91.35,1.07,4.43,4.148,11.56,0.162,8.15,0.00,-0.054,-100.00
84539,KNITTED RABBIT DOLL,104,12,88.46,0.59,2.29,3.908,8.67,-0.053,0.46,0.00,0.000,-100.00
84546,CROCHET POODLE KEYRING,104,3,97.12,0.20,1.34,6.633,34.67,-0.023,0.23,0.00,-0.006,-100.00
84548,CROCHET BEAR RED/BLUE KEYRING,104,12,88.46,0.57,2.38,4.203,8.67,0.084,0.38,0.00,0.003,-100.00
84549,CROCHET WHITE RABBIT KEYRING,104,15,85.58,0.72,2.88,3.990,6.93,-0.030,1.31,0.08,-0.000,-94.12
84550,CROCHET LILAC/RED BEAR KEYRING,104,5,95.19,0.14,0.79,5.501,20.80,-0.030,0.31,0.08,-0.002,-75.00
84551,CROCHET DOG KEYRING,104,8,92.31,0.38,1.76,4.703,13.00,-0.009,0.54,0.92,0.001,71.43
84555A,YELLOW VW BEETLE CERAMIC MONEY BOX,104,10,90.38,0.45,1.91,4.226,10.40,0.193,1.46,0.00,-0.018,-100.00
84558A,3D DOG PICTURE PLAYING CARDS,104,73,29.81,11.53,31.43,2.726,1.42,0.038,18.77,7.77,-0.134,-58.61
84558B,UNKNOWN,104,1,99.04,0.04,0.39,10.198,104.00,-0.010,0.31,0.00,-0.002,-100.00
84559A,3D SHEET OF DOG STICKERS,104,90,13.46,12.39,14.81,1.195,1.16,0.302,12.69,11.15,-0.067,-12.12
84559B,3D SHEET OF CAT STICKERS,104,79,24.04,11.22,15.37,1.370,1.32,0.327,12.85,1.38,-0.156,-89.22
84559D,3D SHEET OF SEA WORLD STICKERS,104,21,79.81,1.12,2.91,2.613,4.95,0.052,3.15,0.00,-0.030,-100.00
84562A,PINK/WHITE RIBBED MELAMINE JUG,104,42,59.62,1.62,3.41,2.110,2.48,0.261,2.54,0.00,-0.041,-100.00
84562B,BLUE/WHITE RIBBED MELAMINE JUG,104,4,96.15,0.07,0.35,5.182,26.00,0.349,0.54,0.00,-0.004,-100.00
84563A,PINK & WHITE BREAKFAST TRAY,104,34,67.31,1.34,3.35,2.508,3.06,0.292,0.54,0.00,0.004,-100.00
84563B,BLUE & WHITE BREAKFAST TRAY,104,34,67.31,1.23,2.45,1.994,3.06,0.339,0.31,0.00,0.010,-100.00
84564,6 SEGMENT COLOURED SNACK BOWL,104,9,91.35,0.21,1.06,5.003,11.56,0.235,1.38,0.00,-0.010,-100.00
84567,FROSTED GLASS WITH SILVER SURROUND,104,1,99.04,0.09,0.88,10.198,104.00,-0.010,0.69,0.00,-0.004,-100.00
84568,GIRLS ALPHABET IRON ON PATCHES,104,90,13.46,349.12,596.47,1.709,1.16,0.165,173.62,96.92,-1.728,-44.17
84569A,PACK 3 IRON ON DOG PATCHES,104,59,43.27,5.36,6.96,1.299,1.76,0.039,4.31,2.77,0.010,-35.71
84569B,PACK 3 FIRE ENGINE/CAR PATCHES,104,40,61.54,4.14,9.00,2.171,2.60,0.301,8.38,0.00,-0.077,-100.00
84569C,PACK 4 FLOWER/BUTTERFLY PATCHES,104,39,62.50,3.92,8.08,2.060,2.67,0.218,10.46,0.00,-0.123,-100.00
84569D,PACK 6 HEART/ICE-CREAM PATCHES,104,78,25.00,9.68,11.91,1.230,1.33,0.122,7.38,2.85,-0.016,-61.46
84570B,WHITE SATIN DRESS JEWEL STAND,104,2,98.08,0.04,0.31,8.039,52.00,-0.016,0.31,0.00,-0.002,-100.00
84572,6 HOOK JEWEL STAND LILAC DRESS,104,0,100.00,0.00,0.00,0.000,0.00,,0.00,0.00,0.000,
84575A,PINK DOG CANNISTER,104,12,88.46,0.23,1.05,4.568,8.67,0.056,0.15,0.00,0.000,-100.00
84575B,UNKNOWN,104,4,96.15,0.21,1.78,8.402,26.00,-0.014,0.31,0.00,-0.008,-100.00
84576,BLUE CAT BISCUIT BARREL PINK HEART,104,21,79.81,0.91,3.41,3.731,4.95,0.030,0.31,0.00,0.008,-100.00
84578,ELEPHANT TOY WITH BLUE T-SHIRT,104,17,83.65,1.97,5.23,2.652,6.12,0.752,9.77,0.00,-0.093,-100.00
84580,MOUSE TOY WITH PINK T-SHIRT,104,96,7.69,10.03,7.93,0.791,1.08,0.305,14.00,11.77,-0.057,-15.93
84581,DOG TOY WITH PINK CROCHET SKIRT,104,87,16.35,4.80,4.37,0.912,1.20,0.292,4.69,6.46,-0.025,37.70
84582,PINK CROCHET CAT WITH SCARF,104,5,95.19,0.11,0.50,4.735,20.80,-0.045,0.62,0.00,-0.005,-100.00
84584,PINK GINGHAM CAT WITH SCARF,104,45,56.73,2.67,5.31,1.985,2.31,0.292,0.92,0.00,0.005,-100.00
84586L,"PINK ROSES/GINGHAM PATCH RABBIT 8""",104,4,96.15,0.12,0.69,5.539,26.00,0.377,1.00,0.00,-0.006,-100.00
84592,CROCHET ROSE PURSE WITH SUEDE BACK,104,37,64.42,1.65,2.97,1.797,2.81,-0.088,2.08,1.62,-0.001,-22.22
84593,CROCHET ROSE DES CLOTHES HANGER,104,6,94.23,0.23,1.21,5.237,17.33,0.029,0.00,0.00,-0.004,
84595B,LARGE TRIFLE DESIGN L BLUE BOWL,104,15,85.58,2.24,11.13,4.969,6.93,0.079,15.23,0.00,-0.104,-100.00
84595E,LARGE TORTILLA DESIGN RED BOWL,104,33,68.27,3.57,13.31,3.732,3.15,-0.056,9.54,0.00,-0.064,-100.00
84596B,SMALL DOLLY MIX DESIGN ORANGE BOWL,104,98,5.77,58.52,67.07,1.146,1.06,0.364,28.23,106.15,1.191,276.02
84596E,UNKNOWN,104,56,46.15,11.01,21.40,1.943,1.86,0.344,9.08,0.00,-0.086,-100.00
84596F,SMALL MARSHMALLOWS PINK BOWL,104,98,5.77,44.26,48.22,1.089,1.06,0.432,26.23,79.15,0.815,201.76
84596G,SMALL CHOCOLATES PINK BOWL,104,88,15.38,23.83,40.21,1.688,1.18,0.268,4.85,53.00,0.583,993.65
84596I,WRAP SWEETS LIGHT PINK SMALL BOWL,104,7,93.27,1.38,9.53,6.881,14.86,-0.007,5.69,0.00,-0.063,-100.00
84596J,MIXED NUTS LIGHT GREEN BOWL,104,56,46.15,8.48,23.65,2.789,1.86,0.220,3.85,0.00,0.051,-100.00
84596K,JELLY BABIES YELLOW SMALL BOWL,104,35,66.35,5.75,28.22,4.909,2.97,-0.008,14.31,0.00,-0.201,-100.00
84596L,BISCUITS SMALL BOWL LIGHT BLUE,104,69,33.65,14.68,27.57,1.878,1.51,0.363,5.23,4.08,0.229,-22.06
84597B,RETRO BROWN BALL ASHTRAY,104,22,78.85,2.08,5.58,2.685,4.73,0.120,6.31,0.00,-0.061,-100.00
84597C,RETRO PINK BALL ASHTRAY,104,29,72.12,3.49,8.79,2.517,3.59,-0.051,10.31,0.00,-0.107,-100.00
84598,BOYS ALPHABET IRON ON PATCHES,104,85,18.27,193.88,462.03,2.383,1.22,0.351,103.85,41.46,-3.545,-60.07
84599,CANDY STRIPE ROSE FLOOR CUSHION,104,4,96.15,0.14,0.76,5.240,26.00,0.099,0.77,0.00,-0.006,-100.00
84600,NEW BAROQUE JEWELLERY BOX,104,34,67.31,1.01,2.33,2.312,3.06,0.153,2.23,2.92,0.004,31.03
84601A,NEW BAROQUE IVORY CUSHION COVER,104,12,88.46,2.44,15.60,6.387,8.67,-0.022,5.85,0.00,-0.096,-100.00
84608,ORNATE EDWARDIAN CANDLE HOLDER,104,3,97.12,0.05,0.29,6.066,34.67,0.283,0.38,0.00,-0.003,-100.00
84609,TALL ROCOCO CANDLE HOLDER,104,31,70.19,1.34,3.07,2.298,3.35,0.110,0.62,5.38,0.028,775.00
84611B,UNKNOWN,104,5,95.19,12.44,126.19,10.142,20.80,-0.010,0.23,0.00,0.115,-100.00
84612B,SET/4 BLACK BAROQUE FLOCK COASTER,104,4,96.15,0.19,1.02,5.329,26.00,-0.036,0.62,0.00,-0.006,-100.00
84613A,PINK NEW BAROQUE FLOCK CANDLESTICK,104,10,90.38,0.21,0.71,3.338,10.40,0.084,0.23,0.00,-0.003,-100.00
84613C,BLUE NEW BAROQUE FLOCK CANDLESTICK,104,11,89.42,0.60,3.62,6.071,9.45,-0.012,0.00,0.00,-0.015,
84614A,PINK BAROQUE FLOCK CANDLE HOLDER,104,10,90.38,0.16,0.52,3.202,10.40,0.042,0.15,0.00,-0.003,-100.00
84614C,BLUE BAROQUE FLOCK CANDLE HOLDER,104,1,99.04,0.03,0.29,10.198,104.00,-0.010,0.23,0.00,-0.002,-100.00
84615,PINK ROUND BUTTERFLY MIRROR,104,9,91.35,2.31,12.11,5.249,11.56,0.055,6.62,0.00,-0.094,-100.00
84616,SILVER ROCCOCO CHANDELIER,104,17,83.65,0.69,3.06,4.419,6.12,0.064,2.38,0.69,-0.016,-70.97
84617,NEW BAROQUE BLACK BOXES,104,6,94.23,0.11,0.48,4.548,17.33,-0.045,0.46,0.08,-0.002,-83.33
84619,BLUE GINGHAM ROSE QUILT,104,9,91.35,0.66,4.06,6.115,11.56,0.356,5.31,0.00,-0.030,-100.00
84620,BLUE GINGHAM ROSE CUSHION COVER,104,30,71.15,1.50,5.23,3.485,3.47,0.118,1.46,0.00,-0.047,-100.00
84621,BLUE GINGHAM ROSE FLOOR CUSHION,104,9,91.35,0.28,1.16,4.165,11.56,0.114,1.38,0.00,-0.013,-100.00
84622,PINK GINGHAM ROSE CUSHION COVER,104,4,96.15,0.20,1.40,6.948,26.00,-0.016,1.62,0.00,-0.011,-100.00
84623,PINK GINGHAM ROSE FLOOR CUSHION,104,6,94.23,0.48,3.24,6.729,17.33,0.069,3.85,0.00,-0.022,-100.00
84625A,PINK NEW BAROQUECANDLESTICK CANDLE,104,47,54.81,7.81,15.93,2.040,2.21,-0.126,6.23,5.92,0.024,-4.94
84625B,BLCK NEW BAROQUE CANDLESTICK CANDLE,104,10,90.38,1.46,5.42,3.708,10.40,0.217,9.54,0.00,-0.071,-100.00
84625C,BLUE NEW BAROQUE CANDLESTICK CANDLE,104,40,61.54,7.34,15.66,2.135,2.60,-0.013,1.62,3.77,0.056,133.33
84625D,WHITE NEWBAROQUE CANDLESTICK CANDLE,104,25,75.96,6.21,14.96,2.409,4.16,0.340,13.69,0.00,-0.152,-100.00
84626,CANDY STRIPE ROSE QUILT,104,1,99.04,0.01,0.10,10.198,104.00,,0.08,0.00,-0.001,-100.00
84627,CANDY STRIPE ROSE C/COVER,104,14,86.54,0.75,4.53,6.040,7.43,-0.001,0.46,0.00,-0.026,-100.00
84629,WHITE 3 FRAME BIRDS AND TREE,104,11,89.42,0.42,2.18,5.142,9.45,0.035,0.08,0.00,-0.001,-100.00
84630,FLOWERS AND BIRDS WALL PLAQUE,104,1,99.04,0.02,0.20,10.198,104.00,-0.010,0.15,0.00,-0.001,-100.00
84631,FRUIT TREE AND BIRDS WALL PLAQUE,104,30,71.15,2.77,15.56,5.621,3.47,-0.004,5.31,0.00,-0.090,-100.00
84632,DECORATIVE HANGING SHELVING UNIT,104,10,90.38,0.14,0.53,3.669,10.40,-0.076,0.00,0.00,-0.000,
84637,KITCHEN FLOWER POTS WALL PLAQUE,104,52,50.00,5.62,26.67,4.742,2.00,0.148,10.15,0.69,-0.155,-93.18
84638,SMALL KITCHEN FLOWER POTS PLAQUE,104,40,61.54,3.84,19.89,5.184,2.60,0.121,8.00,0.08,-0.128,-99.04
84648,NEW BAROQUE WALL MIRROR,104,0,100.00,0.00,0.00,0.000,0.00,,0.00,0.00,0.000,
84653,GREEN ROSE QUILT,104,7,93.27,0.13,0.54,4.017,14.86,0.236,0.85,0.00,-0.006,-100.00
84656,WHITE ROSE C/COVER,104,8,92.31,0.19,0.90,4.700,13.00,0.192,0.23,0.00,-0.007,-100.00
84657,GREEN ROSE CUSHION COVER,104,8,92.31,2.37,14.11,5.967,13.00,0.214,10.46,0.00,-0.103,-100.00
84658,WHITE STITCHED CUSHION COVER,104,43,58.65,1.96,4.26,2.171,2.42,0.171,3.15,1.46,-0.033,-53.66
84659A,WHITE TRAVEL ALARM CLOCK,104,72,30.77,5.83,7.82,1.341,1.44,0.010,4.23,4.46,-0.003,5.45
84660A,WHITE STITCHED WALL CLOCK,104,31,70.19,8.48,27.61,3.255,3.35,0.514,0.31,14.92,0.287,4750.00
84660B,BLACK STITCHED WALL CLOCK,104,42,59.62,7.21,23.85,3.307,2.48,0.270,0.38,0.08,0.181,-80.00
84660C,UNKNOWN,104,60,42.31,7.26,24.37,3.357,1.73,0.190,1.38,0.15,0.158,-88.89
84661A,WHITE SQUARE TABLE CLOCK,104,30,71.15,1.54,5.04,3.278,3.47,0.370,1.08,1.08,-0.013,0.00
84661B,BLACK SQUARE TABLE CLOCK,104,36,65.38,2.19,6.27,2.862,2.89,0.159,1.31,5.92,0.017,352.94
84661C,PINK SQUARE TABLE CLOCK,104,19,81.73,0.97,4.09,4.214,5.47,0.288,0.31,0.62,-0.009,100.00
84663A,UNKNOWN,104,45,56.73,3.88,13.28,3.418,2.31,0.159,2.92,4.77,0.067,63.16
84664,CHERRY BLOSSOM BATHROOM CABINET,104,17,83.65,1.86,6.49,3.500,6.12,0.437,1.23,0.00,-0.057,-100.00
84665,SQUARE CHERRY BLOSSOM CABINET,104,34,67.31,2.17,4.53,2.083,3.06,0.027,1.23,1.23,-0.001,0.00
84666,SQUARE CHERRY BLOSSOM CABINET,104,16,84.62,2.17,7.02,3.232,6.50,0.241,0.92,0.00,-0.062,-100.00
84670,UNKNOWN,104,46,55.77,75.94,301.49,3.970,2.26,0.050,85.85,0.00,-2.213,-100.00
84671A,UNKNOWN,104,1,99.04,0.02,0.20,10.198,104.00,-0.010,0.15,0.00,-0.001,-100.00
84671B,CROCHET BEAR WITH BLUE STRIPES,104,4,96.15,0.83,5.39,6.512,26.00,0.558,6.62,0.00,-0.046,-100.00
84673A,PINK FLY SWAT,104,46,55.77,4.79,16.26,3.395,2.26,0.171,9.08,0.54,-0.105,-94.07
84673B,BLUE FLY SWAT,104,66,36.54,4.82,10.70,2.222,1.58,0.075,1.62,2.54,-0.030,57.14
84674,FLYING PIG WATERING CAN,104,68,34.62,4.41,7.26,1.645,1.53,-0.104,2.77,1.62,-0.040,-41.67
84675,FROG KING WATERING CAN,104,30,71.15,1.99,6.51,3.271,3.47,0.105,1.69,0.00,-0.064,-100.00
84676,BATH DUCK WATERING CAN,104,29,72.12,8.12,28.57,3.520,3.59,0.222,5.23,0.00,-0.287,-100.00
84678,CLASSICAL ROSE SMALL VASE,104,47,54.81,5.43,10.75,1.979,2.21,0.259,7.31,0.00,-0.109,-100.00
84679,CLASSICAL ROSE TABLE LAMP,104,3,97.12,0.10,0.58,6.066,34.67,-0.028,0.31,0.00,-0.003,-100.00
84680,CLASSICAL ROSE URN,104,11,89.42,0.92,5.06,5.480,9.45,0.054,6.77,0.00,-0.044,-100.00
84682,CLASSICAL ROSE DISH,104,32,69.23,2.84,9.47,3.338,3.25,0.142,8.38,0.00,-0.099,-100.00
84683,CLASSICAL ROSE CANDLESTAND,104,32,69.23,5.12,14.71,2.869,3.25,0.038,10.23,0.00,-0.089,-100.00
84684,UNKNOWN,104,19,81.73,6.12,29.16,4.761,5.47,0.474,3.15,0.00,-0.202,-100.00
84685,BEACH HUT KEY CABINET,104,53,49.04,4.29,14.28,3.330,1.96,0.420,2.85,0.00,-0.105,-100.00
84686,UNKNOWN,104,38,63.46,4.04,16.95,4.198,2.74,0.186,1.23,0.00,-0.074,-100.00
84687,BEACH HUT SHELF W 3 DRAWERS,104,46,55.77,3.01,11.45,3.805,2.26,0.344,1.08,1.62,-0.043,50.00
84688,BEACH HUT DESIGN BLACKBOARD,104,44,57.69,4.30,14.84,3.454,2.36,0.295,2.23,0.00,-0.111,-100.00
84689,S/2 BEACH HUT TREASURE CHESTS,104,24,76.92,3.05,15.49,5.082,4.33,0.293,1.08,0.00,-0.093,-100.00
84690,S/2 BEACH HUT STOOLS,104,12,88.46,0.20,0.63,3.115,8.67,0.072,0.38,0.00,-0.008,-100.00
84691,PACK 20 DOLLY PEGS,104,39,62.50,26.64,50.81,1.907,2.67,0.248,93.54,0.00,-0.921,-100.00
84692,BOX OF 24 COCKTAIL PARASOLS,104,102,1.92,179.16,137.92,0.770,1.02,0.013,138.92,164.62,-0.791,18.49
84705A,ENGLISH ROSE PHOTO FRAME,104,5,95.19,0.12,0.59,4.688,20.80,0.123,0.69,0.00,-0.006,-100.00
84705B,FAIRY CAKES PHOTO FRAME,104,2,98.08,0.82,6.41,7.839,52.00,-0.013,6.54,0.00,-0.045,-100.00
84705C,PINK FLOCK PHOTO FRAME,104,8,92.31,0.48,2.73,5.680,13.00,-0.030,2.62,0.00,-0.015,-100.00
84705D,CHERRY BLOSSOM PHOTO FRAME,104,10,90.38,0.18,0.75,4.091,10.40,0.356,0.00,0.00,-0.005,
84705F,RED PEONY PHOTO FRAME,104,4,96.15,0.06,0.31,5.307,26.00,-0.036,0.31,0.00,-0.003,-100.00
84706A,UNKNOWN,104,6,94.23,1.33,8.82,6.649,17.33,0.263,10.62,0.00,-0.067,-100.00
84706B,FAIRY CAKES TABLE CLOCK,104,6,94.23,0.16,0.74,4.520,17.33,0.644,1.31,0.00,-0.008,-100.00
84706C,PINK FLOCK TABLE CLOCK,104,3,97.12,0.80,4.74,5.935,34.67,-0.029,6.38,0.00,-0.041,-100.00
84706D,CHERRY BLOSSOM TABLE CLOCK,104,14,86.54,2.11,7.33,3.479,7.43,0.126,5.62,0.00,-0.075,-100.00
84706F,RED PEONY TABLE CLOCK,104,16,84.62,0.32,0.87,2.752,6.50,0.069,0.62,1.08,0.002,75.00
84707A,SILVER JEWELLED MIRROR TRINKET TRAY,104,37,64.42,0.91,1.82,1.990,2.81,0.385,0.54,1.54,0.006,185.71
84707B,PINK JEWELLED MIRROR TRINKET TRAY,104,36,65.38,0.62,1.12,1.816,2.89,0.136,0.77,0.54,-0.010,-30.00
84708B,PINK JEWELLED PHOTO FRAME,104,40,61.54,1.35,2.49,1.851,2.60,-0.018,2.46,2.00,-0.004,-18.75
84709A,SILVER OVAL JEWELLED MIRROR,104,12,88.46,0.61,4.06,6.708,8.67,-0.016,0.00,0.00,-0.016,
84709B,UNKNOWN,104,48,53.85,1.98,4.20,2.122,2.17,0.045,3.15,0.00,-0.049,-100.00
84711A,SILVER OVAL SHAPE TRINKET BOX,104,19,81.73,0.40,0.98,2.428,5.47,0.042,0.77,0.38,-0.001,-50.00
84711B,PINK OVAL SHAPE TRINKET BOX,104,23,77.88,0.36,0.85,2.380,4.52,-0.108,0.69,0.46,-0.000,-33.33
84712B,PINK JEWELLED PHOTO FRAME,104,40,61.54,2.31,14.17,6.141,2.60,-0.017,2.92,0.85,-0.061,-71.05
84715,SET OF 6 ICE CREAM SKITTLES,104,28,73.08,2.32,5.01,2.163,3.71,0.298,1.69,0.00,-0.065,-100.00
84720,DOT MATRIX CANVAS ART PICTURE,104,2,98.08,0.34,2.50,7.414,52.00,-0.019,1.00,0.00,-0.014,-100.00
84721,MANHATTAN CANVAS ART PICTURE,104,0,100.00,0.00,0.00,0.000,0.00,,0.00,0.00,0.000,
84723,CHERRY BLOSSOM CANVAS ART PICTURE,104,13,87.50,0.59,2.64,4.505,8.00,0.168,1.00,0.00,0.006,-100.00
84725,FREESTYLE CANVAS ART PICTURE,104,21,79.81,1.28,5.60,4.377,4.95,-0.003,1.23,2.23,-0.010,81.25
84726,LILLIES CANVAS PICTURE,104,4,96.15,2.24,13.98,6.241,26.00,-0.026,1.23,0.00,-0.061,-100.00
84731,3 BIRDS CANVAS SCREEN,104,3,97.12,0.03,0.17,5.830,34.67,-0.030,0.00,0.00,0.000,
84732B,CUTE BIRD CEATURE SCREEN,104,6,94.23,0.27,1.99,7.397,17.33,-0.019,0.08,0.00,0.007,-100.00
84732D,CUTE RABBIT CEATURE SCREEN,104,5,95.19,0.14,0.93,6.439,20.80,-0.025,0.08,0.00,0.003,-100.00
84741C,CITRUS GARLAND FELT FLOWERS,104,30,71.15,1.84,3.93,2.139,3.47,0.257,5.85,0.00,-0.041,-100.00
84743C,ORANGE FELT VASE + FLOWERS,104,6,94.23,0.50,4.23,8.458,17.33,-0.009,0.00,0.00,-0.016,
84744,S/6 SEW ON CROCHET FLOWERS,104,25,75.96,1.43,4.02,2.803,4.16,0.048,0.38,0.38,0.007,0.00
84745A,PINK HANGING GINGHAM EASTER HEN,104,14,86.54,0.63,1.93,3.043,7.43,-0.084,1.23,0.00,-0.010,-100.00
84745B,BLUE HANGING GINGHAM EASTER HEN,104,16,84.62,0.75,2.04,2.723,6.50,-0.086,1.62,0.00,-0.013,-100.00
84746,PINK EASTER HENS+FLOWER,104,14,86.54,0.89,6.60,7.378,7.43,-0.009,0.46,0.00,0.017,-100.00
84748,FOLK FELT HANGING MULTICOL GARLAND,104,41,60.58,11.25,60.74,5.399,2.54,0.030,8.31,0.46,-0.159,-94.44
84750A,PINK SMALL GLASS CAKE STAND,104,23,77.88,5.03,14.40,2.863,4.52,0.412,20.69,0.00,-0.201,-100.00
84750B,BLACK SMALL GLASS CAKE STAND,104,39,62.50,5.84,12.71,2.178,2.67,0.018,12.85,0.00,-0.150,-100.00
84751B,BLACK MEDIUM GLASS CAKE STAND,104,15,85.58,0.37,1.12,3.052,6.93,0.109,0.31,0.00,-0.002,-100.00
84753A,PINK EAU DE COLOGNE BOTTLE,104,7,93.27,1.72,9.72,5.648,14.86,0.163,13.77,0.00,-0.088,-100.00
84754,S/15 SILVER GLASS BAUBLES IN BAG,104,47,54.81,19.38,44.24,2.283,2.21,0.440,5.00,6.31,-0.074,26.15
84755,COLOUR GLASS T-LIGHT HOLDER HANGING,104,102,1.92,386.66,340.13,0.880,1.02,0.503,196.08,206.77,-2.330,5.45
84757,ENCHANTED GARDEN WROUGHT IRON TABLE,104,5,95.19,0.11,0.57,5.419,20.80,0.024,0.08,0.00,-0.004,-100.00
84760L,LARGE HANGING GLASS+ZINC LANTERN,104,1,99.04,5.38,54.91,10.198,104.00,-0.010,0.00,0.00,-0.182,
84760S,UNKNOWN,104,33,68.27,2.15,4.43,2.057,3.15,0.285,0.85,0.00,-0.027,-100.00
84761,IVORY HANGING BIRD PLANTER,104,28,73.08,2.58,5.87,2.278,3.71,0.459,3.92,0.00,-0.089,-100.00
84762A,UNKNOWN,104,15,85.58,0.62,2.27,3.638,6.93,0.257,0.46,0.00,-0.021,-100.00
84762B,PINK PICNIC BARBECUE BUCKET,104,21,79.81,1.08,3.82,3.550,4.95,0.541,0.69,0.00,-0.036,-100.00
84762C,GREEN PICNIC BARBECUE BUCKET,104,18,82.69,1.01,4.10,4.058,5.78,0.569,1.31,0.00,-0.038,-100.00
84763,ZINC FINISH 15CM PLANTER POTS,104,67,35.58,14.51,21.92,1.511,1.55,0.348,17.38,0.00,-0.189,-100.00
84765,SILVER ROCOCO CANDELABRA,104,4,96.15,0.06,0.31,5.307,26.00,-0.031,0.31,0.00,-0.003,-100.00
84766,SILVER ROCOCO CANDLE STICK,104,21,79.81,1.92,6.44,3.349,4.95,0.292,0.15,0.31,0.004,100.00
84767,UNKNOWN,104,5,95.19,1.87,18.33,9.829,20.80,0.000,14.77,0.00,-0.096,-100.00
84770,ROUND GEORGIAN SILVER MIRROR,104,6,94.23,1.30,7.69,5.925,17.33,0.212,5.15,0.00,-0.055,-100.00
84773,UNKNOWN,104,29,72.12,1.62,3.84,2.363,3.59,0.156,4.92,0.00,-0.052,-100.00
84782A,PINK 3 TIER GLASS PLATE STAND,104,15,85.58,1.12,5.95,5.290,6.93,0.130,1.15,0.00,-0.028,-100.00
84782B,BLACK 3 TIER GLASS PLATE STAND,104,6,94.23,0.10,0.47,4.919,17.33,-0.042,0.54,0.00,-0.004,-100.00
84782C,GREEN 3 TIER GLASS PLATE STAND,104,14,86.54,0.70,2.64,3.766,7.43,0.315,0.62,0.00,-0.017,-100.00
84789,UNKNOWN,104,54,48.08,4.27,7.49,1.754,1.93,0.134,4.00,0.00,-0.032,-100.00
84791,GINGHAM HEART DECORATION,104,29,72.12,3.24,7.67,2.366,3.59,0.447,11.23,0.00,-0.132,-100.00
84792,ENCHANTED BIRD COATHANGER 5 HOOK,104,101,2.88,21.78,26.66,1.224,1.03,0.016,42.77,18.85,-0.213,-55.94
84795A,UNKNOWN,104,22,78.85,2.62,9.02,3.449,4.73,0.307,1.15,0.00,-0.089,-100.00
84795B,SUNSET CHECK HAMMOCK,104,53,49.04,3.04,4.95,1.629,1.96,0.366,1.38,0.31,0.009,-77.78
84795C,UNKNOWN,104,28,73.08,3.28,7.90,2.411,3.71,0.704,2.62,0.00,-0.104,-100.00
84795D,UNKNOWN,104,23,77.88,2.32,6.29,2.714,4.52,0.604,1.92,0.00,-0.079,-100.00
84795E,UNKNOWN,104,6,94.23,0.11,0.50,4.735,17.33,0.109,0.31,0.00,-0.004,-100.00
84796A,PINK HAWAIIAN PICNIC HAMPER FOR 2,104,49,52.88,3.00,10.10,3.367,2.12,0.027,0.15,0.15,-0.040,0.00
84796B,BLUE SAVANNAH PICNIC HAMPER FOR 2,104,48,53.85,5.94,14.34,2.414,2.17,0.286,0.08,0.15,-0.023,100.00
84797A,PINK HAWAIIAN PICNIC HAMPER FOR 4,104,11,89.42,4.79,27.38,5.718,9.45,0.422,0.31,0.00,-0.147,-100.00
84797B,BLUE SAVANNAH PICNIC HAMPER FOR 4,104,11,89.42,3.28,18.51,5.645,9.45,0.416,0.38,0.00,-0.105,-100.00
84798A,PINK FOXGLOVE ARTIIFCIAL FLOWER,104,9,91.35,1.88,14.77,7.879,11.56,-0.016,11.77,0.54,-0.074,-95.42
84798B,PURPLE FOXGLOVE ARTIIFCIAL FLOWER,104,9,91.35,3.13,19.89,6.344,11.56,-0.001,11.54,0.00,-0.126,-100.00
84798C,WHITE FOXGLOVE ARTIIFCIAL FLOWER,104,3,97.12,0.17,1.05,6.049,34.67,0.256,1.38,0.00,-0.009,-100.00
84799,SPRIG LAVENDER ARTIFICIAL FLOWER,104,25,75.96,6.52,16.23,2.490,4.16,0.085,5.69,0.00,-0.110,-100.00
84800L,LARGE WHITE/PINK ROSE ART FLOWER,104,31,70.19,6.25,17.99,2.879,3.35,0.018,0.77,0.00,-0.023,-100.00
84800M,MEDIUM WHITE/PINK ROSE ART FLOWER,104,21,79.81,2.40,6.77,2.815,4.95,-0.032,2.46,0.00,-0.011,-100.00
84800S,SMALL WHITE/PINK ROSE ART FLOWER,104,17,83.65,3.73,21.92,5.874,6.12,-0.010,0.46,0.46,-0.055,0.00
84801A,PINK HYDRANGEA ART FLOWER,104,14,86.54,2.62,16.64,6.363,7.43,-0.025,1.69,0.77,-0.046,-54.55
84801B,WHITE HYDRANGEA ART FLOWER,104,15,85.58,2.06,9.04,4.394,6.93,-0.027,1.62,0.00,-0.047,-100.00
84802A,WHITE ANEMONE ARTIFICIAL FLOWER,104,21,79.81,1.80,5.26,2.928,4.95,0.262,3.46,0.00,-0.063,-100.00
84802B,PURPLE ANEMONE ARTIFICIAL FLOWER,104,13,87.50,3.92,24.10,6.144,8.00,0.072,3.00,0.00,-0.132,-100.00
84803A,PINK ALLIUM ARTIFICIAL FLOWER,104,15,85.58,1.13,3.56,3.141,6.93,0.054,2.00,0.00,-0.035,-100.00
84803B,WHITE ALLIUM ARTIFICIAL FLOWER,104,13,87.50,1.16,6.13,5.266,8.00,-0.027,1.69,0.00,-0.035,-100.00
84804A,CREAM DELPHINIUM ARTIFICIAL FLOWER,104,14,86.54,1.98,10.10,5.100,7.43,-0.039,2.15,0.23,-0.028,-89.29
84804B,BLUE DELPHINIUM ARTIFICIAL FLOWER,104,13,87.50,2.95,13.98,4.735,8.00,0.031,2.00,0.23,-0.057,-88.46
84805A,CREAM CLIMBING HYDRANGA ART FLOWER,104,7,93.27,1.30,9.56,7.362,14.86,-0.017,0.92,0.92,-0.028,0.00
84805B,BLUE CLIMBING HYDRANGA ART FLOWER,104,7,93.27,2.92,16.16,5.530,14.86,-0.030,7.38,0.15,-0.107,-97.92
84806A,PINK CANDYSTUFT ARTIFICIAL FLOWER,104,15,85.58,2.14,10.29,4.798,6.93,-0.031,0.15,0.00,-0.048,-100.00
84806B,WHITE CANDYSTUFT ARTIFICIAL FLOWER,104,27,74.04,4.10,10.23,2.499,3.85,0.158,0.00,5.08,0.048,
84807,RED POPPY ARTIFICIAL FLOWER,104,7,93.27,2.24,16.93,7.559,14.86,0.088,2.92,0.00,-0.080,-100.00
84809A,WHITE CHRYSANTHEMUMS ART FLOWER,104,19,81.73,2.65,8.90,3.354,5.47,0.158,4.15,0.00,-0.057,-100.00
84809B,PINK CHRYSANTHEMUMS ART FLOWER,104,7,93.27,2.85,21.40,7.517,14.86,-0.018,2.00,0.00,-0.079,-100.00
84811A,UNKNOWN,104,1,99.04,0.01,0.10,10.198,104.00,-0.010,0.08,0.00,-0.001,-100.00
84813,SET OF 4 DIAMOND NAPKIN RINGS,104,49,52.88,3.68,11.25,3.056,2.12,0.268,15.38,1.69,-0.081,-89.00
84814A,UNKNOWN,104,2,98.08,0.02,0.14,7.176,52.00,0.490,0.00,0.00,-0.001,
84814B,UNKNOWN,104,1,99.04,0.76,7.75,10.198,104.00,-0.010,6.08,0.00,-0.042,-100.00
84815,SET OF 3 DANISH ROSE PLANTERS,104,24,76.92,8.90,79.85,8.968,4.33,-0.007,4.54,0.00,-0.285,-100.00
84816,DANISH ROSE BEDSIDE CABINET,104,18,82.69,0.32,0.80,2.533,5.78,-0.069,0.23,0.00,-0.002,-100.00
84817,DANISH ROSE DECORATIVE PLATE,104,48,53.85,8.16,31.47,3.855,2.17,0.050,1.00,3.08,0.059,207.69
84818,DANISH ROSE PHOTO FRAME,104,78,25.00,17.16,33.36,1.944,1.33,0.272,7.46,20.15,0.300,170.10
84819,DANISH ROSE ROUND SEWING BOX,104,46,55.77,6.93,32.27,4.655,2.26,0.012,0.77,4.08,0.039,430.00
84820,DANISH ROSE TRINKET TRAYS,104,38,63.46,2.62,11.30,4.306,2.74,0.018,0.62,1.00,0.006,62.50
84821,DANISH ROSE DELUXE COASTER,104,51,50.96,12.17,33.96,2.790,2.04,0.050,0.15,5.38,0.043,3400.00
84823,DANISH ROSE FOLDING CHAIR,104,10,90.38,1.16,8.74,7.514,10.40,0.094,0.00,0.00,0.001,
84824,DANISH ROSE UMBRELLA STAND,104,17,83.65,0.37,1.12,3.076,6.12,0.138,0.92,0.08,-0.013,-91.67
84826,ASSTD DESIGN 3D PAPER STICKERS,104,34,67.31,135.79,1228.87,9.050,3.06,-0.012,9.62,966.15,6.708,9948.00
84827,ASS DES PHONE SPONGE CRAFT STICKER,104,22,78.85,9.19,26.96,2.933,4.73,-0.011,9.23,1.08,-0.128,-88.33
84828,JUNGLE POPSICLES ICE LOLLY MOULDS,104,88,15.38,23.92,30.39,1.270,1.18,0.240,20.77,8.31,-0.130,-60.00
84830,LARGE ENGLISH ARBORETUM,104,6,94.23,1.07,9.81,9.193,17.33,0.029,8.54,0.00,-0.055,-100.00
84832,ZINC WILLIE WINKIE CANDLE STICK,104,102,1.92,62.19,64.90,1.044,1.02,0.323,64.23,127.15,0.215,97.96
84836,ZINC METAL HEART DECORATION,104,102,1.92,184.49,154.41,0.837,1.02,0.188,222.85,165.69,-1.574,-25.65
84837,UNKNOWN,104,34,67.31,2.30,4.57,1.990,3.06,0.592,7.77,0.00,-0.093,-100.00
84838,ANT WHITE HIGH RISE BIRD BOX,104,3,97.12,0.48,4.42,9.198,34.67,-0.009,3.85,0.00,-0.025,-100.00
84839,SWEETHEART KEY CABINET,104,39,62.50,14.38,32.41,2.254,2.67,0.283,40.23,0.00,-0.437,-100.00
84840,UNKNOWN,104,36,65.38,2.74,4.87,1.776,2.89,0.646,0.00,0.00,-0.043,
84842,HELLO SAILOR BATHROOM SET,104,29,72.12,14.47,99.42,6.871,3.59,-0.022,0.92,0.31,-0.211,-66.67
84843,WHITE SOAP RACK WITH 2 BOTTLES,104,67,35.58,2.67,4.90,1.832,1.55,0.007,2.23,7.62,0.031,241.38
84845A,HOLLYHOCK SQUARE HANDY TIN,104,0,100.00,0.00,0.00,0.000,0.00,,0.00,0.00,0.000,
84845C,CARNATION SQUARE HANDY TIN,104,14,86.54,0.80,3.38,4.232,7.43,0.115,3.77,0.00,-0.032,-100.00
84845D,GERANIUM SQUARE HANDY TIN,104,8,92.31,0.41,2.15,5.206,13.00,0.099,1.92,0.00,-0.017,-100.00
84846A,SCENTED CANDLE IN DIGITALIS TIN,104,36,65.38,2.36,5.39,2.288,2.89,0.013,1.38,1.85,-0.040,33.33
84847,UNKNOWN,104,35,66.35,22.43,154.16,6.872,2.97,-0.021,1.38,0.00,-0.329,-100.00
84849A,HELLO SAILOR BLUE SOAP HOLDER,104,64,38.46,4.52,10.69,2.366,1.62,-0.070,4.23,3.08,-0.040,-27.27
84849B,FAIRY SOAP SOAP HOLDER,104,77,25.96,18.59,27.47,1.478,1.35,0.313,26.00,0.00,-0.403,-100.00
84849D,HOT BATHS SOAP HOLDER,104,88,15.38,15.95,27.26,1.709,1.18,-0.049,6.31,17.15,-0.057,171.95
84854,GIRLY PINK TOOL SET,104,38,63.46,4.39,15.39,3.503,2.74,0.044,12.77,0.00,-0.150,-100.00
84855,BLOKEY SILVER TOOL SET,104,8,92.31,0.45,2.58,5.718,13.00,-0.005,0.15,0.00,-0.016,-100.00
84856L,LARGE TAHITI BEACH BAG,104,37,64.42,2.29,6.44,2.815,2.81,0.509,1.46,0.00,-0.059,-100.00
84856S,SMALL TAHITI BEACH BAG,104,23,77.88,4.58,22.19,4.849,4.52,0.040,31.31,0.00,-0.209,-100.00
84857A,UNKNOWN,104,2,98.08,0.13,1.28,9.491,52.00,-0.011,0.08,0.00,-0.004,-100.00
84857B,BLUE MONTE CARLO HANDBAG,104,2,98.08,0.46,3.31,7.176,52.00,-0.020,0.00,0.00,0.016,
84857C,PINK MONTE CARLO HANDBAG,104,14,86.54,2.12,8.64,4.066,7.43,0.190,0.00,0.00,0.014,
84858A,UNKNOWN,104,5,95.19,0.51,4.06,7.977,20.80,-0.016,0.15,0.00,-0.017,-100.00
84858B,BLUE RIVIERA HANDBAG,104,5,95.19,5.44,37.95,6.973,20.80,0.092,0.00,0.00,-0.173,
84858C,PINK RIVIERA HANDBAG,104,22,78.85,3.78,17.39,4.603,4.73,0.228,0.31,0.00,0.014,-100.00
84859A,SILVER DISCO HANDBAG,104,38,63.46,2.80,8.26,2.951,2.74,0.023,0.62,4.23,0.022,587.50
84859B,BLUE DISCO HANDBAG,104,14,86.54,2.70,19.79,7.326,7.43,-0.011,0.08,0.85,-0.023,1000.00
84859C,PINK DISCO HANDBAG,104,25,75.96,2.91,11.68,4.008,4.16,0.171,0.31,2.54,-0.000,725.00
84864A,PINK PAISLEY PHOTO ALBUM,104,4,96.15,0.07,0.38,5.580,26.00,0.174,0.31,0.00,-0.002,-100.00
84865,NEW BAROQUE BLACK PHOTO ALBUM,104,29,72.12,0.74,1.74,2.351,3.59,0.111,0.46,0.00,-0.006,-100.00
84867A,PINK BABY GIRLS PHOTO ALBUM,104,4,96.15,0.16,1.22,7.437,26.00,-0.018,1.15,0.00,-0.008,-100.00
84867B,BLUE BABY BOY'S PHOTO ALBUM,104,1,99.04,0.02,0.20,10.198,104.00,-0.010,0.15,0.00,-0.001,-100.00
84868A,PINK BABY GIRL'S MEMORY BOX,104,1,99.04,0.02,0.20,10.198,104.00,-0.010,0.15,0.00,-0.001,-100.00
84868B,BLUE BABY BOY'S MEMORY BOX,104,3,97.12,0.05,0.29,6.066,34.67,-0.028,0.31,0.00,-0.002,-100.00
84869,CANDY BUTTON PHOTO ALBUM,104,14,86.54,2.90,12.12,4.173,7.43,0.358,17.15,0.00,-0.136,-100.00
84870B,BLUE GEISHA GIRL,104,27,74.04,0.87,1.99,2.295,3.85,0.045,0.69,0.15,-0.006,-77.78
84870C,GREEN GEISHA GIRL,104,23,77.88,0.89,2.21,2.468,4.52,0.266,0.54,0.38,-0.004,-28.57
84872A,TEATIME FUNKY FLOWER BACKPACK FOR 2,104,45,56.73,2.24,4.57,2.042,2.31,0.562,0.15,0.00,-0.029,-100.00
84873A,FUNKY FLOWER PICNIC BAG FOR 4,104,19,81.73,1.26,5.09,4.037,5.47,0.138,1.77,0.00,-0.040,-100.00
84874B,BLUE TRAVEL FIRST AID KIT,104,30,71.15,0.82,1.95,2.385,3.47,0.151,0.92,0.00,0.000,-100.00
84875A,PINK SQUARE COMPACT MIRROR,104,9,91.35,0.13,0.52,3.881,11.56,0.003,0.15,0.00,-0.002,-100.00
84875B,GREEN SQUARE COMPACT MIRROR,104,19,81.73,3.58,19.79,5.533,5.47,0.204,0.00,5.62,-0.031,
84875D,BLUE SQUARE COMPACT MIRROR,104,15,85.58,4.84,25.72,5.318,6.93,0.463,2.15,1.08,-0.139,-50.00
84876B,found,104,27,74.04,3.31,9.06,2.738,3.85,0.005,2.31,8.23,0.042,256.67
84876C,SILVER HEART COMPACT MIRROR,104,3,97.12,0.07,0.51,7.540,34.67,-0.019,0.54,0.00,-0.004,-100.00
84876D,BLUE HEART COMPACT MIRROR,104,28,73.08,3.18,8.48,2.665,3.71,0.107,0.15,0.15,0.012,0.00
84877A,PINK ROUND COMPACT MIRROR,104,16,84.62,0.71,2.97,4.176,6.50,-0.034,0.15,0.00,0.004,-100.00
84877B,GREEN ROUND COMPACT MIRROR,104,30,71.15,2.78,7.28,2.619,3.47,0.165,2.62,2.15,0.015,-17.65
84877C,UNKNOWN,104,1,99.04,0.01,0.10,10.198,104.00,-0.010,0.08,0.00,-0.001,-100.00
84877D,BLUE ROUND COMPACT MIRROR,104,34,67.31,1.55,4.84,3.127,3.06,0.276,2.92,0.23,-0.000,-92.11
84879,ASSORTED COLOUR BIRD ORNAMENT,104,102,1.92,744.18,696.55,0.936,1.02,0.254,502.31,884.08,2.426,76.00
84880,WHITE WIRE EGG HOLDER,104,85,18.27,16.57,26.47,1.598,1.22,0.149,23.46,3.69,-0.304,-84.26
84881,BLUE WIRE SPIRAL CANDLE HOLDER,104,21,79.81,0.50,1.14,2.281,4.95,0.058,0.31,0.00,-0.009,-100.00
84882,GREEN WIRE STANDING CANDLE HOLDER,104,31,70.19,0.62,1.29,2.070,3.35,0.003,1.00,0.85,0.001,-15.38
84884A,ANT WHITE WIRE HEART SPIRAL,104,92,11.54,16.08,31.86,1.982,1.13,0.084,21.08,2.54,-0.268,-87.96
84886,BLUE METAL WALL SHELF,104,7,93.27,0.23,1.28,5.542,14.86,0.192,0.08,0.00,-0.007,-100.00
84891B,GREEN WIRE GOBLET CANDLEHOLDER,104,6,94.23,0.26,1.65,6.351,17.33,0.146,0.00,0.00,-0.007,
84893,ANT WHITE IRON BASKET,104,9,91.35,0.31,1.25,4.053,11.56,0.334,2.46,0.00,-0.015,-100.00
84898F,YELLOW FLOWERS FELT HANDBAG KIT,104,30,71.15,1.53,3.33,2.180,3.47,0.293,1.38,0.00,-0.026,-100.00
84899A,UNKNOWN,104,1,99.04,0.01,0.10,10.198,104.00,-0.010,0.08,0.00,-0.001,-100.00
84899E,YELLOW BROWN BEAR FELT PURSE KIT,104,12,88.46,0.34,1.43,4.235,8.67,0.120,1.62,0.00,-0.016,-100.00
84899F,YELLOW PURPLE DAISY FELT PURSE KIT,104,27,74.04,1.05,2.66,2.541,3.85,-0.020,1.69,0.00,-0.030,-100.00
84901,BLACK FACE LAMB WITH PANTS,104,34,67.31,1.15,2.44,2.115,3.06,0.512,3.08,0.00,-0.043,-100.00
84902,PINK KNITTED COW STUFFED TOY,104,22,78.85,0.67,1.66,2.462,4.73,0.523,3.62,0.00,-0.031,-100.00
84905,PINK BUTTERFLY CUSHION COVER,104,44,57.69,2.59,5.70,2.205,2.36,0.226,3.15,0.00,-0.064,-100.00
84906,UNKNOWN,104,18,82.69,0.66,1.80,2.711,5.78,0.008,0.23,0.00,0.001,-100.00
84907,PINK YELLOW PATCH CUSHION COVER,104,26,75.00,3.75,20.72,5.525,4.00,0.551,2.38,0.15,-0.134,-93.55
84908A,PINK 5 PATCH FLOWER CUSHION COVER,104,23,77.88,4.15,26.25,6.320,4.52,0.381,2.00,0.00,-0.163,-100.00
84908B,BLUE 5 PATCH FLOWER CUSHION COVER,104,22,78.85,4.18,26.25,6.276,4.73,0.381,1.85,0.00,-0.163,-100.00
84909A,PINK PAISLEY QUILT,104,7,93.27,2.01,12.81,6.375,14.86,0.118,8.31,0.00,-0.086,-100.00
84910A,PINK PAISLEY CUSHION COVER,104,39,62.50,4.14,30.22,7.293,2.67,-0.016,2.08,0.00,-0.136,-100.00
84912A,UNKNOWN,104,73,29.81,5.46,8.77,1.607,1.42,0.068,2.85,1.00,-0.019,-64.86
84912B,GREEN ROSE WASHBAG,104,81,22.12,4.98,5.45,1.095,1.28,0.098,0.62,7.08,0.057,1050.00
84913A,SOFT PINK ROSE TOWEL,104,76,26.92,5.85,6.21,1.062,1.37,0.467,1.69,0.31,-0.027,-81.82
84913B,MINT GREEN ROSE TOWEL,104,66,36.54,4.03,4.67,1.159,1.58,0.391,0.38,2.46,-0.012,540.00
84914A,PINK ROSE PICNIC RUG,104,6,94.23,0.13,0.83,6.129,17.33,0.030,0.00,0.00,-0.005,
84915,HAND TOWEL PINK FLOWER AND DAISY,104,27,74.04,2.23,11.20,5.021,3.85,0.291,0.00,0.85,0.016,
84916,HAND TOWEL PALE BLUE W FLOWERS,104,34,67.31,2.50,11.10,4.439,3.06,0.402,0.31,0.00,0.002,-100.00
84917,UNKNOWN,104,32,69.23,2.21,8.48,3.836,3.25,0.184,0.77,0.00,0.003,-100.00
84918,CREAM CUSHION COVER WITH FLOWERS,104,23,77.88,2.05,6.23,3.044,4.52,0.252,4.23,0.00,-0.066,-100.00
84919,BLUE CUSHION COVER WITH FLOWER,104,32,69.23,2.80,16.42,5.870,3.25,-0.024,4.31,0.15,-0.072,-96.43
84920,PINK FLOWER FABRIC PONY,104,48,53.85,1.87,2.99,1.604,2.17,0.153,1.69,1.46,0.009,-13.64
84921,CREAM AND PINK FLOWERS PONY,104,17,83.65,0.75,3.69,4.922,6.12,-0.013,3.62,0.62,-0.019,-82.98
84922,PINK BUTTERFLY WASHBAG,104,16,84.62,4.16,31.33,7.525,6.50,0.004,24.46,0.38,-0.202,-98.43
84923,PINK BUTTERFLY HANDBAG W BOBBLES,104,64,38.46,2.16,2.57,1.188,1.62,0.366,0.15,4.62,0.030,2900.00
84924A,WAKE UP COCKEREL CALENDAR SIGN,104,38,63.46,1.27,2.46,1.940,2.74,0.093,0.92,2.00,0.013,116.67
84924D,LA PALMIERA METAL SIGN CALENDAR,104,13,87.50,10.91,81.23,7.443,8.00,-0.017,0.15,0.00,-0.146,-100.00
84924F,PSYCHEDELIC METAL SIGN CALENDAR,104,8,92.31,9.38,66.22,7.064,13.00,-0.020,0.15,0.00,-0.132,-100.00
84925A,UNKNOWN,104,14,86.54,1.87,14.24,7.636,7.43,0.002,14.54,0.00,-0.095,-100.00
84925C,FAIRY CAKES WALL THERMOMETER,104,7,93.27,0.22,1.07,4.838,14.86,-0.010,0.69,0.00,-0.010,-100.00
84925D,LA PALMIERA WALL THERMOMETER,104,21,79.81,8.25,52.68,6.385,4.95,-0.022,37.38,0.00,-0.366,-100.00
84925E,FLOWERS WALL THERMOMETER,104,2,98.08,0.71,7.06,9.924,52.00,-0.010,5.69,0.00,-0.037,-100.00
84925F,PSYCHEDELIC WALL THERMOMETER,104,28,73.08,7.01,33.02,4.711,3.71,0.063,16.00,0.00,-0.200,-100.00
84926A,WAKE UP COCKEREL TILE COASTER,104,35,66.35,6.38,16.66,2.610,2.97,0.278,2.00,19.08,0.224,853.85
84926B,SCOTTS ROSES TILE COASTER,104,7,93.27,0.37,1.78,4.870,14.86,0.080,1.69,0.00,-0.016,-100.00
84926C,UNKNOWN,104,14,86.54,1.08,3.35,3.113,7.43,0.391,6.77,0.00,-0.052,-100.00
84926D,LA PALMIERA TILE COASTER,104,32,69.23,7.10,19.49,2.746,3.25,0.041,0.00,14.62,0.188,
84926E,FLOWERS TILE COASTER,104,32,69.23,10.07,28.73,2.854,3.25,0.414,0.00,16.23,0.297,
84926F,PSYCHEDELIC TILE COASTER,104,31,70.19,4.61,13.86,3.009,3.35,0.001,0.54,9.38,0.118,1642.86
84927A,WAKE UP COCKEREL TILE HOOK,104,27,74.04,2.17,10.05,4.627,3.85,-0.005,0.85,0.00,-0.017,-100.00
84927C,UNKNOWN,104,1,99.04,0.02,0.20,10.198,104.00,-0.010,0.15,0.00,-0.001,-100.00
84927D,LA PALMIERA TILE HOOK,104,20,80.77,9.16,59.55,6.499,5.20,-0.007,0.00,0.00,-0.115,
84927E,FLOWERS TILE HOOK,104,24,76.92,4.75,26.58,5.595,4.33,-0.028,0.62,0.00,-0.057,-100.00
84927F,PSYCHEDELIC TILE HOOK,104,41,60.58,3.09,8.30,2.688,2.54,0.281,0.15,11.92,0.113,7650.00
84928,UNKNOWN,104,1,99.04,0.01,0.10,10.198,104.00,-0.010,0.08,0.00,-0.001,-100.00
84929,ASSTD FRUIT+FLOWERS FRIDGE MAGNETS,104,57,45.19,35.31,91.07,2.579,1.82,0.152,12.00,78.00,0.905,550.00
84931A,PINK SCOTTIE DOG W FLOWER PATTERN,104,50,51.92,1.95,3.45,1.767,2.08,0.230,2.15,3.23,0.018,50.00
84931B,BLUE SCOTTIE DOG W FLOWER PATTERN,104,52,50.00,2.62,5.24,1.998,2.00,0.108,2.92,7.31,0.034,150.00
84932A,UNKNOWN,104,14,86.54,2.50,10.72,4.288,7.43,0.310,3.23,0.00,-0.091,-100.00
84932B,SMALL PINK PEONY FOLDING STOOL,104,10,90.38,1.79,8.57,4.789,10.40,0.282,9.92,0.00,-0.081,-100.00
84932C,SMALL ORIENTAL BLUE FOLDING STOOL,104,18,82.69,2.68,7.55,2.815,5.78,0.310,5.62,0.00,-0.095,-100.00
84932D,UNKNOWN,104,11,89.42,2.24,10.34,4.616,9.45,0.397,13.92,0.00,-0.103,-100.00
84933A,LARGE GREEN PEONY FOLDING STOOL,104,3,97.12,1.17,9.68,8.252,34.67,-0.012,9.38,0.00,-0.062,-100.00
84933B,LARGE PINK PEONY FOLDING STOOL,104,3,97.12,1.22,9.83,8.053,34.67,-0.002,9.77,0.00,-0.065,-100.00
84933C,UNKNOWN,104,4,96.15,1.32,9.70,7.367,26.00,-0.015,10.54,0.00,-0.069,-100.00
84934,ASSTD DESIGN POP ART SLIM PEN,104,9,91.35,5.80,29.71,5.124,11.56,0.017,34.08,0.00,-0.260,-100.00
84937,UNKNOWN,104,22,78.85,23.68,85.34,3.604,4.73,0.237,101.54,0.00,-1.047,-100.00
84940,UNKNOWN,104,1,99.04,0.10,0.98,10.198,104.00,-0.010,0.77,0.00,-0.005,-100.00
84942,KASHMIR FOLKART HEART DISHES,104,2,98.08,0.03,0.22,7.572,52.00,-0.018,0.23,0.00,-0.002,-100.00
84944,SET OF 6 KASHMIR FOLKART BAUBLES,104,47,54.81,17.81,62.13,3.489,2.21,0.126,6.15,7.23,0.202,17.50
84945,MULTI COLOUR SILVER T-LIGHT HOLDER,104,90,13.46,204.88,215.33,1.051,1.16,0.341,0.31,313.54,1.115,101800.00
84946,ANTIQUE SILVER T-LIGHT GLASS,104,102,1.92,343.03,253.19,0.738,1.02,0.500,245.92,504.54,1.955,105.16
84947,ANTIQUE SILVER TEA GLASS ENGRAVED,104,101,2.88,149.06,136.05,0.913,1.03,0.186,106.69,268.46,1.112,151.62
84948,SILVER HANGING T-LIGHT HOLDER DOME,104,12,88.46,1.96,7.95,4.053,8.67,0.660,13.46,0.00,-0.101,-100.00
84949,SILVER HANGING T-LIGHT HOLDER,104,100,3.85,110.38,117.37,1.063,1.04,0.276,93.62,136.62,-0.237,45.93
84950,ASSORTED COLOUR T-LIGHT HOLDER,104,86,17.31,55.55,181.74,3.272,1.21,0.036,31.69,46.62,0.034,47.09
84951A,SET OF 4 PISTACHIO LOVEBIRD COASTER,104,58,44.23,5.37,9.30,1.733,1.79,0.124,3.69,10.54,0.107,185.42
84951B,SET OF 4 BLACK LOVEBIRD COASTERS,104,51,50.96,5.24,11.22,2.140,2.04,0.247,7.23,5.92,0.053,-18.09
84952A,CLEAR LOVE BIRD T-LIGHT HOLDER,104,21,79.81,1.41,4.01,2.840,4.95,0.156,0.92,1.62,-0.003,75.00
84952B,BLACK LOVE BIRD T-LIGHT HOLDER,104,24,76.92,3.47,13.23,3.812,4.33,0.066,0.77,0.92,-0.012,20.00
84952C,MIRROR LOVE BIRD T-LIGHT HOLDER,104,22,78.85,3.72,13.70,3.682,4.73,0.055,3.62,0.23,-0.039,-93.62
84962,SET/3 COLOUR PAINTED KASHMIRI STOOL,104,2,98.08,0.03,0.22,7.572,52.00,-0.018,0.15,0.00,-0.001,-100.00
84963A,PINK PAINTED KASHMIRI CHAIR,104,8,92.31,0.22,0.99,4.498,13.00,-0.050,0.08,0.00,-0.002,-100.00
84963B,BLUE PAINTED KASHMIRI CHAIR,104,5,95.19,0.17,0.97,5.604,20.80,-0.032,0.00,0.00,-0.000,
84964A,UNKNOWN,104,2,98.08,0.12,1.00,8.650,52.00,-0.014,0.77,0.00,-0.004,-100.00
84964B,BLUE PAINTED KASHMIRI TABLE,104,2,98.08,0.16,1.57,9.611,52.00,-0.011,1.23,0.00,-0.007,-100.00
84965A,PINK KASHMIRI COFFEE TABLE,104,3,97.12,0.19,1.52,7.907,34.67,-0.016,1.15,0.00,-0.007,-100.00
84965B,BLUE KASHMIRI COFFEE TABLE,104,4,96.15,0.26,1.76,6.789,26.00,-0.022,1.15,0.00,-0.008,-100.00
84966A,PINK KASHMIRI BOXED MIRROR,104,4,96.15,0.12,0.84,6.752,26.00,-0.022,0.31,0.00,-0.003,-100.00
84966B,BLUE KASHMIRI BOXED MIRROR,104,4,96.15,0.32,2.05,6.458,26.00,-0.024,0.23,0.00,-0.005,-100.00
84966C,GREEN KASHMIRI BOXED MIRROR,104,3,97.12,0.38,2.45,6.534,34.67,0.468,0.00,0.00,-0.005,
84967A,PINK KASHMIRI OCCASIONAL TABLE,104,3,97.12,0.03,0.17,5.830,34.67,-0.030,0.08,0.00,-0.001,-100.00
84967B,BLUE KASHMIRI OCCASIONAL TABLE,104,10,90.38,0.23,0.85,3.684,10.40,0.005,0.31,0.00,-0.005,-100.00
84967C,GREEN KASHMIRI OCCASIONAL TABLE,104,4,96.15,0.09,0.61,7.039,26.00,-0.021,0.00,0.00,-0.002,
84968A,SET OF 16 VINTAGE ROSE CUTLERY,104,80,23.08,5.13,8.10,1.578,1.30,0.172,9.15,4.23,-0.025,-53.78
84968B,SET OF 16 VINTAGE IVORY CUTLERY,104,39,62.50,4.12,10.17,2.471,2.67,0.504,13.23,0.00,-0.154,-100.00
84968C,SET OF 16 VINTAGE PISTACHIO CUTLERY,104,75,27.88,6.08,14.94,2.458,1.39,0.337,14.85,1.15,-0.081,-92.23
84968D,SET OF 16 VINTAGE RED CUTLERY,104,49,52.88,9.17,48.71,5.310,2.12,-0.001,19.69,0.85,-0.230,-95.70
84968E,SET OF 16 VINTAGE BLACK CUTLERY,104,56,46.15,3.86,10.99,2.850,1.86,0.524,13.62,2.46,-0.077,-81.92
84968F,SET OF 16 VINTAGE SKY BLUE CUTLERY,104,57,45.19,2.85,6.40,2.249,1.82,0.350,3.54,0.69,-0.005,-80.43
84969,BOX OF 6 ASSORTED COLOUR TEASPOONS,104,92,11.54,9.28,7.91,0.853,1.13,0.132,4.92,9.00,0.034,82.81
84970L,SINGLE HEART ZINC T-LIGHT HOLDER,104,101,2.88,165.48,128.53,0.777,1.03,0.128,191.00,97.15,-1.365,-49.13
84970S,HANGING HEART ZINC T-LIGHT HOLDER,104,102,1.92,253.56,161.60,0.637,1.02,0.440,261.00,129.23,-2.241,-50.49
84971L,LARGE HEART FLOWERS HOOK,104,17,83.65,5.25,19.61,3.736,6.12,0.326,25.08,0.31,-0.242,-98.77
84971S,SMALL HEART FLOWERS HOOK,104,101,2.88,61.04,67.73,1.110,1.03,0.192,109.77,22.08,-0.969,-79.89
84972L,GIANT PINK HEART MEMO HOLDER,104,13,87.50,2.29,12.22,5.338,8.00,0.179,0.15,0.00,-0.072,-100.00
84974,S/2 ZINC HEART DESIGN PLANTERS,104,43,58.65,0.86,1.40,1.640,2.42,0.139,1.00,0.54,-0.004,-46.15
84975,HEART SHAPED MIRROR,104,47,54.81,20.73,41.18,1.987,2.21,0.297,55.00,0.00,-0.700,-100.00
84976,RECTANGULAR SHAPED MIRROR,104,37,64.42,6.33,21.66,3.423,2.81,0.226,3.31,6.62,0.137,100.00
84977,UNKNOWN,104,33,68.27,2.69,8.44,3.134,3.15,0.068,7.00,0.00,-0.085,-100.00
84978,HANGING HEART JAR T-LIGHT HOLDER,104,101,2.88,206.21,113.72,0.551,1.03,0.268,145.85,189.31,0.845,29.80
84984A,GREEN PEONY CUSHION COVER,104,14,86.54,2.56,15.25,5.964,7.43,0.489,0.85,0.85,-0.090,0.00
84984B,RED PEONY CUSHION COVER,104,14,86.54,3.78,21.18,5.604,7.43,0.245,8.69,0.85,-0.144,-90.27
84984C,ORIENTAL BLUE CUSHION COVER,104,13,87.50,2.23,14.49,6.497,8.00,-0.005,8.69,0.00,-0.094,-100.00
84984D,ORIENTAL RED CUSHION COVER,104,16,84.62,1.41,10.80,7.639,6.50,0.003,9.62,0.62,-0.049,-93.60
84985A,SET OF 72 GREEN PAPER DOILIES,104,60,42.31,6.27,11.23,1.792,1.73,0.327,11.54,0.00,-0.177,-100.00
84985B,SET OF 72 BLACK PAPER DOILIES,104,11,89.42,1.09,4.54,4.176,9.45,0.609,8.62,0.00,-0.052,-100.00
84986A,UNKNOWN,104,1,99.04,0.11,1.08,10.198,104.00,-0.010,0.85,0.00,-0.006,-100.00
84986B,SET OF 36 SILVER PAPER DOILIES,104,31,70.19,4.14,9.78,2.359,3.35,0.228,9.23,0.00,-0.141,-100.00
84987,SET OF 36 TEATIME PAPER DOILIES,104,102,1.92,76.99,79.56,1.033,1.02,0.280,62.77,65.15,-0.302,3.80
84988,SET OF 72 PINK HEART PAPER DOILIES,104,102,1.92,107.16,300.23,2.802,1.02,0.024,64.31,79.46,0.579,23.56
84989A,75 GREEN FAIRY CAKE CASES,104,83,20.19,21.05,76.65,3.642,1.25,0.019,31.23,0.92,-0.662,-97.04
84989B,75 BLACK FAIRY CAKE CASES,104,27,74.04,9.57,29.00,3.031,3.85,0.054,42.92,0.00,-0.413,-100.00
84990,UNKNOWN,104,46,55.77,42.87,114.90,2.681,2.26,0.310,96.77,0.00,-1.256,-100.00
84991,60 TEATIME FAIRY CAKE CASES,104,102,1.92,512.28,338.50,0.661,1.02,0.264,677.69,407.92,-4.669,-39.81
84992,72 SWEETHEART FAIRY CAKE CASES,104,102,1.92,328.21,302.18,0.921,1.02,0.015,514.46,244.54,-2.463,-52.47
84993A,75 GREEN PETIT FOUR CASES,104,86,17.31,14.11,16.96,1.203,1.21,0.268,13.23,10.00,-0.151,-24.42
84993B,75 BLACK PETIT FOUR CASES,104,46,55.77,5.29,11.71,2.215,2.26,0.319,22.69,0.00,-0.186,-100.00
84997A,CHILDRENS CUTLERY POLKADOT GREEN,104,92,11.54,50.83,56.31,1.108,1.13,0.071,22.31,57.85,0.084,159.31
84997B,CHILDRENS CUTLERY RETROSPOT RED,104,102,1.92,92.69,77.61,0.837,1.02,0.025,101.23,93.38,-0.323,-7.75
84997C,CHILDRENS CUTLERY POLKADOT BLUE,104,101,2.88,86.57,85.98,0.993,1.03,-0.046,111.54,99.54,-0.229,-10.76
84997D,CHILDRENS CUTLERY POLKADOT PINK,104,97,6.73,104.30,99.23,0.951,1.07,0.003,114.23,138.85,0.091,21.55
85006,SET 4 NURSERY DES ROUND BOXES,104,27,74.04,29.26,198.56,6.786,3.85,-0.018,3.54,0.00,-0.424,-100.00
85007,SET OF 3 VINTAGE TEA TIME BOXES,104,7,93.27,1.20,5.78,4.806,14.86,0.017,9.62,0.00,-0.058,-100.00
85008,UNKNOWN,104,47,54.81,2.48,4.94,1.993,2.21,0.168,4.00,0.00,-0.070,-100.00
85014A,BLACK/BLUE POLKADOT UMBRELLA,104,100,3.85,38.25,93.74,2.451,1.04,0.036,124.46,32.00,-0.655,-74.29
85014B,RED RETROSPOT UMBRELLA,104,102,1.92,52.18,101.97,1.954,1.02,0.056,137.69,59.62,-0.572,-56.70
85014C,BLUE/BROWN DOTS RUFFLED UMBRELLA,104,21,79.81,3.21,22.47,6.997,4.95,0.672,23.46,0.00,-0.172,-100.00
85014D,UNKNOWN,104,13,87.50,12.69,80.06,6.308,8.00,0.072,101.38,0.00,-0.691,-100.00
85015,SET OF 12 VINTAGE POSTCARD SET,104,86,17.31,27.89,47.20,1.692,1.21,0.179,30.08,83.00,0.531,175.96
85016,SET OF 6 VINTAGE NOTELETS KIT,104,65,37.50,16.12,43.51,2.698,1.60,-0.005,32.00,0.00,-0.283,-100.00
85017A,ENVELOPE 50 ROMANTIC IMAGES,104,44,57.69,10.57,33.77,3.195,2.36,0.169,33.69,0.00,-0.362,-100.00
85017B,ENVELOPE 50 BLOSSOM IMAGES,104,88,15.38,21.10,37.47,1.776,1.18,0.104,22.62,22.77,-0.013,0.68
85017C,adjustment,104,49,52.88,10.09,33.75,3.346,2.12,0.188,10.46,0.00,-0.247,-100.00
85018A,S/6 PAPER BOXES ROMANTIC IMAGES,104,10,90.38,0.14,0.55,3.794,10.40,0.156,0.31,0.00,-0.005,-100.00
85018B,S/6 PAPER BOXES BLOSSOM IMAGES,104,9,91.35,0.14,0.66,4.574,11.56,-0.026,0.08,0.00,-0.003,-100.00
85018C,UNKNOWN,104,7,93.27,0.43,2.99,6.913,14.86,0.140,2.85,0.00,-0.021,-100.00
85018D,YULETIDE IMAGES S/6 PAPER BOXES,104,22,78.85,7.21,30.86,4.279,4.73,0.601,2.62,0.00,-0.072,-100.00
85019A,ROMANTIC IMAGES NOTEBOOK SET,104,40,61.54,5.97,17.11,2.865,2.60,0.023,4.15,13.31,0.043,220.37
85019B,BLOSSOM IMAGES NOTEBOOK SET,104,33,68.27,7.03,19.49,2.773,3.15,0.141,0.00,22.23,0.149,
85019C,CURIOUS IMAGES NOTEBOOK SET,104,20,80.77,4.06,17.07,4.206,5.20,-0.054,0.08,0.00,-0.032,-100.00
85020,ROUND PINK HEART MIRROR,104,40,61.54,2.18,5.53,2.536,2.60,-0.040,6.69,0.69,-0.041,-89.66
85023A,CRYSTAL LARGE JEWELLED PHOTO FRAME,104,8,92.31,0.22,1.10,4.960,13.00,0.273,1.69,0.00,-0.011,-100.00
85023B,EAU DE NILE JEWELLED PHOTOFRAME,104,29,72.12,2.79,10.55,3.785,3.59,-0.056,6.77,2.08,-0.021,-69.32
85023C,PINK LARGE JEWELED PHOTOFRAME,104,8,92.31,0.22,0.86,3.882,13.00,0.143,0.77,0.00,-0.009,-100.00
85024A,CRYSTAL SMALL JEWELLED PHOTOFRAME,104,0,100.00,0.00,0.00,0.000,0.00,,0.00,0.00,0.000,
85024B,EAU DE NILE JEWELLED PHOTOFRAME,104,19,81.73,7.62,58.05,7.613,5.47,-0.018,0.08,1.08,0.040,1300.00
85024C,PINK SMALL JEWELLED PHOTOFRAME,104,32,69.23,0.93,2.13,2.287,3.25,0.220,0.92,0.62,-0.013,-33.33
85025A,UNKNOWN,104,1,99.04,0.05,0.49,10.198,104.00,-0.010,0.38,0.00,-0.003,-100.00
85025B,EAU DE NILE HEART SHAPE PHOTO FRAME,104,53,49.04,5.44,15.87,2.916,1.96,-0.029,6.23,11.54,0.067,85.19
85025C,PINK HEART SHAPE PHOTO FRAME,104,64,38.46,8.29,21.87,2.639,1.62,-0.034,9.77,0.00,-0.008,-100.00
85026B,EAU DE NILE JEWELLED T-LIGHT HOLDER,104,25,75.96,3.79,15.99,4.220,4.16,-0.009,13.38,3.08,-0.074,-77.01
85027L,UNKNOWN,104,25,75.96,1.90,6.10,3.203,4.16,0.250,0.38,0.00,-0.006,-100.00
85028L,FRENCH CHATEAU LARGE FRUIT BOWL,104,20,80.77,2.73,15.25,5.586,5.20,0.315,0.46,0.00,-0.042,-100.00
85028S,FRENCH CHATEAU SMALL FRUITBOWL,104,19,81.73,4.38,18.07,4.120,5.47,0.402,0.54,0.00,-0.059,-100.00
85030,FRENCH CHATEAU OVAL PLATTER,104,17,83.65,2.03,10.53,5.192,6.12,0.090,0.38,0.00,-0.029,-100.00
85031A,ROMANTIC IMAGES SCRAP BOOK SET,104,43,58.65,4.49,13.88,3.092,2.42,0.099,12.54,0.00,-0.166,-100.00
85031B,BLOSSOM IMAGES SCRAP BOOK SET,104,38,63.46,4.49,14.50,3.229,2.74,0.090,4.85,0.00,-0.129,-100.00
85031C,CURIOUS IMAGES SCRAP BOOK SET,104,38,63.46,4.54,13.71,3.020,2.74,0.140,8.54,0.00,-0.140,-100.00
85032A,ROMANTIC IMAGES GIFT WRAP SET,104,54,48.08,13.77,30.84,2.240,1.93,0.239,12.15,29.15,0.162,139.87
85032B,BLOSSOM IMAGES GIFT WRAP SET,104,52,50.00,9.03,19.13,2.119,2.00,0.055,0.85,20.00,0.214,2263.64
85032C,CURIOUS IMAGES GIFT WRAP SET,104,55,47.12,8.12,20.34,2.503,1.89,0.108,0.38,24.62,0.186,6300.00
85032D,YULETIDE IMAGES GIFT WRAP SET,104,45,56.73,12.39,30.26,2.441,2.31,0.357,0.46,25.69,0.288,5466.67
85033G,SET/6 GOLD REINDEER T-LIGHT CANDLES,104,5,95.19,1.64,8.26,5.021,20.80,0.290,7.15,0.00,-0.070,-100.00
85033S,UNKNOWN,104,10,90.38,1.97,9.96,5.051,10.40,0.495,10.46,0.00,-0.080,-100.00
85034A,check,104,57,45.19,8.10,24.57,3.035,1.82,0.584,10.46,35.69,0.138,241.18
85034B,3 WHITE CHOC MORRIS BOXED CANDLES,104,45,56.73,10.64,27.60,2.593,2.31,0.649,5.23,51.62,0.295,886.76
85034C,3 ROSE MORRIS BOXED CANDLES,104,53,49.04,12.32,33.05,2.683,1.96,0.802,4.69,68.31,0.414,1355.74
85035A,GARDENIA 3 WICK MORRIS BOXED CANDLE,104,66,36.54,6.21,12.26,1.974,1.58,0.294,6.77,13.92,0.009,105.68
85035B,CHOCOLATE 3 WICK MORRIS BOX CANDLE,104,53,49.04,9.53,38.20,4.009,1.96,0.090,12.92,6.77,-0.052,-47.62
85035C,ROSE 3 WICK MORRIS BOX CANDLE,104,63,39.42,13.04,44.62,3.422,1.65,0.227,4.62,43.62,0.249,845.00
85036A,GARDENIA 1 WICK MORRIS BOXED CANDLE,104,80,23.08,5.93,10.52,1.773,1.30,0.064,6.38,6.77,-0.023,6.02
85036B,CHOCOLATE 1 WICK MORRIS BOX CANDLE,104,42,59.62,5.70,13.83,2.426,2.48,0.115,6.15,14.69,0.043,138.75
85036C,ROSE 1 WICK MORRIS BOXED CANDLE,104,52,50.00,8.41,31.49,3.743,2.00,0.715,2.69,47.23,0.284,1654.29
85038,6 CHOCOLATE LOVE HEART T-LIGHTS,104,87,16.35,24.47,39.55,1.616,1.20,0.262,50.15,38.69,-0.108,-22.85
85039A,SET/4 RED MINI ROSE CANDLE IN BOWL,104,79,24.04,14.30,31.56,2.207,1.32,0.221,5.77,18.15,0.111,214.67
85039B,S/4 IVORY MINI ROSE CANDLE IN BOWL,104,76,26.92,15.48,26.73,1.727,1.37,0.039,8.54,13.31,0.059,55.86
85039C,S/4 BLACK MINI ROSE CANDLE IN BOWL,104,60,42.31,5.12,14.10,2.752,1.73,0.124,1.38,2.38,0.023,72.22
85040A,S/4 PINK FLOWER CANDLES IN BOWL,104,99,4.81,20.12,18.10,0.900,1.05,0.216,22.46,21.62,-0.053,-3.77
85040B,SET/4 BLUE FLOWER CANDLES IN BOWL,104,64,38.46,23.63,51.29,2.170,1.62,0.256,43.62,0.00,-0.668,-100.00
85041,UNKNOWN,104,25,75.96,17.16,91.16,5.311,4.16,-0.001,30.69,0.00,-0.561,-100.00
85042,ANTIQUE LILY FAIRY LIGHTS,104,46,55.77,24.45,43.04,1.760,2.26,0.396,74.31,0.00,-0.865,-100.00
85043,UNKNOWN,104,2,98.08,0.02,0.14,7.176,52.00,-0.020,0.15,0.00,-0.001,-100.00
85044,UNKNOWN,104,17,83.65,1.16,3.97,3.415,6.12,0.356,1.54,0.00,-0.027,-100.00
85045,UNKNOWN,104,30,71.15,4.61,15.13,3.285,3.47,0.343,1.23,0.69,-0.013,-43.75
85047,WHITE BEADED GARLAND STRING 20LIGHT,104,46,55.77,9.41,17.60,1.870,2.26,0.571,25.31,0.00,-0.285,-100.00
85048,15CM CHRISTMAS GLASS BALL 20 LIGHTS,104,58,44.23,24.56,45.46,1.851,1.79,0.726,8.15,88.38,0.467,983.96
85049A,TRADITIONAL CHRISTMAS RIBBONS,104,84,19.23,61.43,94.82,1.543,1.24,0.603,31.69,171.08,0.794,439.81
85049B,LUSH GREENS RIBBONS,104,59,43.27,20.15,29.76,1.476,1.76,0.464,35.15,0.15,-0.621,-99.56
85049C,ROMANTIC PINKS RIBBONS,104,96,7.69,28.07,24.30,0.866,1.08,0.167,14.31,22.92,-0.117,60.22
85049D,UNKNOWN,104,86,17.31,22.21,27.46,1.236,1.21,0.335,24.46,0.15,-0.398,-99.37
85049E,SCANDINAVIAN REDS RIBBONS,104,100,3.85,61.94,68.42,1.105,1.04,0.643,50.77,114.69,0.312,125.91
85049F,BABY BOOM RIBBONS,104,87,16.35,20.12,25.82,1.283,1.20,0.364,25.08,1.46,-0.389,-94.17
85049G,CHOCOLATE BOX RIBBONS,104,92,11.54,37.57,40.32,1.073,1.13,0.162,0.31,41.00,0.048,13225.00
85049H,URBAN BLACK RIBBONS,104,88,15.38,19.37,26.10,1.348,1.18,0.333,17.08,23.08,-0.075,35.14
85050,UNKNOWN,104,1,99.04,0.92,9.41,10.198,104.00,-0.010,0.00,0.00,-0.030,
85053,FRENCH ENAMEL CANDLEHOLDER,104,70,32.69,18.24,26.06,1.429,1.49,0.342,8.92,61.23,0.451,586.21
85054,FRENCH ENAMEL POT W LID,104,88,15.38,9.00,13.20,1.466,1.18,0.195,5.62,10.54,0.054,87.67
85055,FRENCH ENAMEL UTENSIL HOLDER,104,51,50.96,3.36,5.76,1.717,2.04,0.202,4.69,0.00,-0.072,-100.00
85059,FRENCH ENAMEL WATER BASIN,104,85,18.27,6.68,10.52,1.574,1.22,0.530,7.00,4.23,-0.023,-39.56
85060,WOOD FAN WITH FLOWER DESIGN,104,27,74.04,13.90,40.33,2.900,3.85,0.586,19.31,0.00,-0.512,-100.00
85061W,WHITE JEWELLED HEART DECORATION,104,98,5.77,56.77,78.22,1.378,1.06,0.003,58.62,68.92,-0.457,17.59
85062,PEARL CRYSTAL PUMPKIN T-LIGHT HLDR,104,97,6.73,37.11,33.51,0.903,1.07,0.034,54.62,14.92,-0.364,-72.68
85063,CREAM SWEETHEART MAGAZINE RACK,104,46,55.77,2.84,4.30,1.516,2.26,0.547,4.92,0.00,-0.089,-100.00
85064,CREAM SWEETHEART LETTER RACK,104,41,60.58,15.24,55.34,3.631,2.54,0.092,0.23,0.00,-0.150,-100.00
85065,UNKNOWN,104,45,56.73,6.11,9.81,1.607,2.31,0.313,11.38,0.00,-0.177,-100.00
85066,CREAM SWEETHEART MINI CHEST,104,98,5.77,28.69,28.13,0.980,1.06,0.090,32.08,47.54,0.182,48.20
85067,CREAM SWEETHEART WALL CABINET,104,50,51.92,4.69,14.65,3.122,2.08,0.024,6.08,0.00,-0.113,-100.00
85068,CREAM SWEETHEART SHELF + HOOKS,104,30,71.15,9.22,30.19,3.274,3.47,0.165,0.00,0.00,-0.140,
85069,CREAM SWEETHEART DOUBLE SHELF,104,1,99.04,0.03,0.29,10.198,104.00,,0.23,0.00,-0.002,-100.00
85070,ANT WHITE SWEETHEART TABLE W 3 DRAW,104,4,96.15,0.06,0.34,5.830,26.00,-0.030,0.23,0.00,-0.002,-100.00
85071A,BLUE CHARLIE+LOLA PERSONAL DOORSIGN,104,58,44.23,18.18,34.97,1.923,1.79,-0.032,8.31,38.46,0.226,362.96
85071B,RED CHARLIE+LOLA PERSONAL DOORSIGN,104,60,42.31,21.15,35.04,1.656,1.73,0.086,8.85,40.69,0.214,360.00
85071C,"CHARLIE+LOLA""EXTREMELY BUSY"" SIGN",104,61,41.35,12.30,34.68,2.820,1.70,-0.011,34.31,29.00,-0.019,-15.47
85071D,CHARLIE+LOLA MY ROOM DOOR SIGN,104,49,52.88,8.47,30.96,3.654,2.12,-0.030,27.00,16.23,-0.053,-39.89
85072,OCCASIONS GIFT CARD ASSORTMENT,104,1,99.04,1.15,11.77,10.198,104.00,,9.23,0.00,-0.066,-100.00
85077,KISSING REINDEER TABLE RUNNER,104,1,99.04,0.01,0.10,10.198,104.00,-0.010,0.08,0.00,-0.001,-100.00
85078,SCANDINAVIAN 3 HEARTS NAPKIN RING,104,63,39.42,43.60,227.52,5.219,1.65,-0.016,4.31,69.77,-0.058,1519.64
85079,EMBROIDERED REINDEER DECORATION,104,3,97.12,0.15,1.15,7.456,34.67,0.991,1.23,0.00,-0.009,-100.00
85080,UNKNOWN,104,12,88.46,1.13,4.38,3.859,8.67,0.160,2.77,0.00,-0.032,-100.00
85081,PADDED HOLLY CHRISTMAS DECORATION,104,10,90.38,1.00,3.51,3.509,10.40,0.427,1.46,0.00,-0.023,-100.00
85083,UNKNOWN,104,2,98.08,0.10,0.74,7.739,52.00,-0.013,0.77,0.00,-0.005,-100.00
85084,HOLLY TOP CHRISTMAS STOCKING,104,19,81.73,6.80,25.30,3.722,5.47,0.355,7.92,0.00,-0.100,-100.00
85086A,CANDY SPOT HEART DECORATION,104,55,47.12,5.66,8.13,1.436,1.89,0.249,9.92,0.00,-0.089,-100.00
85087,CANDY SPOT CUSHION COVER,104,48,53.85,3.81,7.29,1.914,2.17,0.558,1.15,3.31,0.063,186.67
85088,CANDY SPOT HAND BAG,104,48,53.85,3.31,8.69,2.628,2.17,-0.032,1.77,9.54,0.061,439.13
85089,CANDY SPOT BUNNY,104,18,82.69,0.89,2.71,3.025,5.78,0.105,2.54,0.62,-0.027,-75.76
85090,CANDY SPOT APRON,104,27,74.04,0.96,2.55,2.652,3.85,0.245,3.92,0.00,-0.039,-100.00
85091,CANDY SPOT BREAD BASKETS,104,13,87.50,3.30,28.37,8.603,8.00,0.046,1.38,0.00,-0.072,-100.00
85092,CANDY SPOT TEA COSY,104,15,85.58,3.76,25.14,6.687,6.93,-0.017,1.54,0.00,-0.069,-100.00
85093,CANDY SPOT EGG WARMER HARE,104,62,40.38,13.09,29.32,2.241,1.68,0.287,12.46,4.77,-0.045,-61.73
85094,CANDY SPOT EGG WARMER RABBIT,104,43,58.65,7.23,16.96,2.345,2.42,0.456,2.08,13.77,0.144,562.96
85095,THREE CANVAS LUGGAGE TAGS,104,21,79.81,1.66,4.70,2.824,4.95,0.264,0.00,2.00,0.032,
85096,HILDA CANDY SPOT RABBIT,104,43,58.65,2.02,5.54,2.741,2.42,-0.022,2.23,0.38,-0.023,-82.76
85097B,BLUE ROCKING SINGING CANARY,104,18,82.69,1.10,3.98,3.628,5.78,0.370,7.08,0.00,-0.052,-100.00
85098A,UNKNOWN,104,1,99.04,0.01,0.10,10.198,104.00,-0.010,0.08,0.00,-0.001,-100.00
85098B,BLUE FLYING SINGING CANARY,104,43,58.65,3.42,6.56,1.916,2.42,0.280,6.46,0.00,-0.101,-100.00
85099B,JUMBO BAG RED RETROSPOT,104,102,1.92,918.60,481.63,0.524,1.02,0.193,734.77,1220.08,3.058,66.05
85099C,JUMBO BAG BAROQUE BLACK WHITE,104,102,1.92,288.46,161.73,0.561,1.02,0.123,261.69,320.23,-0.087,22.37
85099F,JUMBO BAG STRAWBERRY,104,101,2.88,354.62,253.71,0.715,1.03,0.107,241.00,328.31,0.097,36.23
85103,SILVER T-LIGHT SETTING,104,46,55.77,2.96,8.29,2.798,2.26,0.014,5.08,0.00,-0.013,-100.00
85104,SILVER GLASS T-LIGHT SET,104,34,67.31,3.14,14.94,4.753,3.06,-0.026,5.85,0.77,0.018,-86.84
85106,CUT GLASS HEXAGON T-LIGHT HOLDER,104,34,67.31,11.63,54.53,4.687,3.06,-0.025,3.00,0.46,0.101,-84.62
85107,CUT GLASS T-LIGHT HOLDER OCTAGON,104,41,60.58,15.21,54.25,3.566,2.54,0.018,11.46,37.23,0.072,224.83
85109,PINK BOUDOIR T-LIGHT HOLDER,104,16,84.62,40.49,258.54,6.385,6.50,-0.023,12.15,0.00,-0.675,-100.00
85110,BLACK SILVER FLOWER T-LIGHT HOLDER,104,18,82.69,110.77,658.74,5.947,5.78,-0.016,14.00,0.00,-1.912,-100.00
85111,SILVER GLITTER FLOWER VOTIVE HOLDER,104,42,59.62,27.23,105.77,3.884,2.48,-0.007,0.38,70.08,0.177,18120.00
85112,S/3 TEAR DROP CUT GLASS DECORATION,104,5,95.19,0.67,5.12,7.614,20.80,0.884,5.38,0.00,-0.038,-100.00
85113,UNKNOWN,104,18,82.69,2.76,10.57,3.831,5.78,0.350,19.00,0.00,-0.127,-100.00
85114A,BLACK ENCHANTED FOREST PLACEMAT,104,60,42.31,12.75,26.06,2.044,1.73,0.098,0.46,13.08,0.071,2733.33
85114B,IVORY ENCHANTED FOREST PLACEMAT,104,87,16.35,18.88,38.40,2.033,1.20,0.076,42.62,12.15,-0.316,-71.48
85114C,RED ENCHANTED FOREST PLACEMAT,104,72,30.77,12.74,18.47,1.450,1.44,0.409,17.92,24.15,0.045,34.76
85115B,S/4 BLACK DISCO PARTITION PANEL,104,2,98.08,0.06,0.41,7.176,52.00,-0.020,0.00,0.23,0.001,
85116,BLACK CANDELABRA T-LIGHT HOLDER,104,75,27.88,17.25,34.12,1.978,1.39,0.143,15.23,2.92,-0.039,-80.81
85117,NIGHTINGALE COATHOOK WHITE,104,18,82.69,3.22,11.70,3.632,5.78,0.372,15.62,0.00,-0.154,-100.00
85118,HEART T-LIGHT HOLDER,104,39,62.50,19.75,55.77,2.824,2.67,0.218,79.54,0.00,-0.616,-100.00
85119,WATERING CAN SINGLE HOOK PISTACHIO,104,26,75.00,3.97,22.20,5.592,4.00,0.028,23.46,0.00,-0.176,-100.00
85121B,UNKNOWN,104,21,79.81,0.90,2.34,2.591,4.95,0.305,3.00,0.00,-0.038,-100.00
85121C,RETRO LAUNDRY TUB PISTACHIO,104,27,74.04,0.94,2.14,2.266,3.85,0.368,1.92,0.00,-0.034,-100.00
85123A,CREAM HANGING HEART T-LIGHT HOLDER,104,102,1.92,925.33,657.86,0.711,1.02,0.062,1063.23,693.15,-4.393,-34.81
85123B,ZINC HANGING HEART T-LITE HLDR,104,1,99.04,0.01,0.10,10.198,104.00,-0.010,0.08,0.00,-0.001,-100.00
85124A,UNKNOWN,104,33,68.27,3.72,9.03,2.427,3.15,0.141,10.00,0.00,-0.129,-100.00
85124B,BLUE JUICY FRUIT PHOTO FRAME,104,64,38.46,3.41,5.79,1.695,1.62,-0.070,5.54,1.54,-0.053,-72.22
85124C,GREEN JUICY FRUIT PHOTO FRAME,104,63,39.42,4.12,7.29,1.766,1.65,0.046,6.92,1.00,-0.074,-85.56
85125,SMALL ROUND CUT GLASS CANDLESTICK,104,41,60.58,2.92,6.90,2.361,2.54,-0.027,2.54,7.62,0.017,200.00
85126,LARGE ROUND CUTGLASS CANDLESTICK,104,28,73.08,1.38,4.50,3.248,3.71,-0.008,1.85,0.00,-0.038,-100.00
85127,SMALL SQUARE CUT GLASS CANDLESTICK,104,50,51.92,2.65,5.27,1.987,2.08,0.093,2.31,4.77,0.022,106.67
85128,PLANTPOT SINGLE HOOK PISTACHIO,104,3,97.12,1.60,16.08,10.074,34.67,-0.010,12.77,0.00,-0.082,-100.00
85129A,UNKNOWN,104,34,67.31,4.22,10.00,2.369,3.06,0.362,16.69,0.00,-0.175,-100.00
85129B,BEADED CRYSTAL HEART GREEN SMALL,104,41,60.58,2.23,5.28,2.366,2.54,0.162,1.77,0.23,-0.013,-86.96
85129C,BEADED CRYSTAL HEART BLUE SMALL,104,41,60.58,3.66,7.85,2.141,2.54,0.055,5.62,2.15,-0.071,-61.64
85129D,BEADED CRYSTAL HEART PINK SMALL,104,74,28.85,7.21,11.31,1.568,1.41,0.299,20.00,1.54,-0.152,-92.31
85130A,BEADED PEARL HEART WHITE LARGE,104,43,58.65,6.56,11.51,1.755,2.42,0.189,11.46,0.00,-0.156,-100.00
85130B,BEADED CRYSTAL HEART GREEN LARGE,104,50,51.92,8.75,22.05,2.520,2.08,0.531,2.15,24.54,0.299,1039.29
85130C,BEADED CRYSTAL HEART BLUE LARGE,104,44,57.69,6.29,14.08,2.240,2.36,0.446,1.08,16.31,0.140,1414.29
85130D,BEADED CRYSTAL HEART PINK LARGE,104,65,37.50,7.52,19.94,2.652,1.60,0.523,5.00,2.92,0.108,-41.54
85131A,BEADED PEARL HEART WHITE ON STICK,104,65,37.50,19.41,34.03,1.753,1.60,0.230,4.92,0.23,0.037,-95.31
85131B,BEADED CRYSTAL HEART GREEN ON STICK,104,65,37.50,8.98,14.90,1.659,1.60,0.151,0.08,14.69,0.133,19000.00
85131C,BEADED CRYSTAL HEART BLUE ON STICK,104,49,52.88,4.22,11.70,2.771,2.12,0.125,0.23,3.85,0.011,1566.67
85131D,BEADED CRYSTAL HEART PINK ON STICK,104,71,31.73,13.71,20.20,1.473,1.46,0.269,0.62,10.46,0.142,1600.00
85132A,CHARLIE + LOLA BISCUITS TINS,104,59,43.27,12.46,27.28,2.189,1.76,0.508,22.85,0.00,-0.079,-100.00
85132B,CHARLIE AND LOLA TABLE TINS,104,40,61.54,8.91,24.06,2.700,2.60,0.242,16.15,0.00,0.010,-100.00
85132C,CHARLIE AND LOLA FIGURES TINS,104,65,37.50,19.27,35.52,1.843,1.60,0.521,11.31,0.00,0.352,-100.00
85135A,YELLOW DRAGONFLY HELICOPTER,104,34,67.31,1.00,2.43,2.430,3.06,0.300,2.77,2.38,-0.008,-13.89
85135B,UNKNOWN,104,43,58.65,1.95,6.08,3.113,2.42,0.127,1.85,1.00,-0.004,-45.83
85135C,RED DRAGONFLY HELICOPTER,104,46,55.77,1.79,4.77,2.666,2.26,0.263,0.69,5.00,0.032,622.22
85136A,YELLOW SHARK HELICOPTER,104,47,54.81,1.23,2.10,1.707,2.21,0.533,1.69,2.00,0.001,18.18
85136B,BLUE SHARK HELICOPTER,104,27,74.04,0.54,1.38,2.561,3.85,0.331,1.38,0.00,-0.016,-100.00
85136C,RED SHARK HELICOPTER,104,46,55.77,1.61,3.37,2.096,2.26,0.590,2.92,1.62,-0.015,-44.74
85141,UNKNOWN,104,42,59.62,1.78,4.90,2.756,2.48,0.163,1.15,0.00,0.007,-100.00
85142,JARDIN ETCHED GLASS GINGER JAR,104,22,78.85,0.54,1.44,2.676,4.73,0.285,2.08,0.00,-0.022,-100.00
85144,JARDIN ETCHED GLASS CHEESE DISH,104,35,66.35,2.75,8.80,3.199,2.97,0.426,0.69,0.00,0.027,-100.00
85145,JARDIN ETCHED GLASS LARGE BELL JAR,104,21,79.81,0.96,3.18,3.308,4.95,0.199,1.62,0.00,-0.007,-100.00
85146,UNKNOWN,104,19,81.73,1.21,3.94,3.255,5.47,0.034,0.00,0.00,-0.003,
85147,JARDIN ETCHED GLASS CANDLEHLDR LONG,104,5,95.19,0.50,2.86,5.725,20.80,0.728,3.92,0.00,-0.027,-100.00
85150,LADIES & GENTLEMEN METAL SIGN,104,88,15.38,79.88,76.83,0.962,1.18,0.164,64.54,102.23,-0.081,58.40
85151,UNKNOWN,104,3,97.12,0.39,2.73,6.930,34.67,0.407,3.15,0.00,-0.022,-100.00
85152,HAND OVER THE CHOCOLATE SIGN,104,99,4.81,149.08,113.29,0.760,1.05,0.080,121.00,221.54,0.208,83.09
85157,SET OF 2 CHESTS CHOCOLAT AU LAIT,104,1,99.04,0.01,0.10,10.198,104.00,-0.010,0.08,0.00,-0.000,-100.00
85159A,"BLACK TEA,COFFEE,SUGAR JARS",104,53,49.04,4.73,8.78,1.855,1.96,0.464,0.54,3.69,0.083,585.71
85159B,"WHITE TEA,COFFEE,SUGAR JARS",104,60,42.31,6.34,10.85,1.712,1.73,0.280,0.46,10.85,0.155,2250.00
85160A,WHITE BIRD GARDEN DESIGN MUG,104,25,75.96,87.14,612.72,7.031,4.16,-0.019,4.85,0.00,-1.293,-100.00
85160B,BLACK BIRD GARDEN DESIGN MUG,104,28,73.08,60.72,421.56,6.943,3.71,-0.019,3.00,2.08,-0.851,-30.77
85161,ACRYLIC GEOMETRIC LAMP,104,25,75.96,0.49,1.43,2.912,4.16,0.187,0.31,0.38,0.002,25.00
85162A,SILVER RETRODISC LAMPSHADE,104,12,88.46,5.83,22.75,3.905,8.67,0.091,17.85,0.00,-0.240,-100.00
85162B,UNKNOWN,104,11,89.42,9.63,40.41,4.195,9.45,-0.024,31.38,0.00,-0.383,-100.00
85162C,WHITE RETRODISC LAMPSHADE,104,18,82.69,8.46,25.69,3.036,5.78,0.354,32.62,0.00,-0.367,-100.00
85163A,WHITE BAROQUE WALL CLOCK,104,38,63.46,0.98,2.73,2.788,2.74,-0.014,0.38,0.92,0.005,140.00
85163B,BLACK BAROQUE WALL CLOCK,104,41,60.58,1.10,3.53,3.222,2.54,-0.041,0.62,0.23,0.004,-62.50
85164B,BLACK BAROQUE CUCKOO CLOCK,104,28,73.08,1.31,2.95,2.258,3.71,0.336,2.92,0.00,-0.047,-100.00
85165,CANDY PINK FRENCH BOUDOIR CLOCK,104,22,78.85,0.85,2.44,2.884,4.73,0.667,0.85,0.00,-0.029,-100.00
85166A,UNKNOWN,104,5,95.19,0.40,3.21,7.940,20.80,0.234,3.23,0.00,-0.023,-100.00
85166B,BLACK METAL BAROQUE PHOTO FRAME,104,26,75.00,4.62,19.43,4.210,4.00,0.155,30.46,0.00,-0.222,-100.00
85167A,UNKNOWN,104,6,94.23,1.69,10.33,6.106,17.33,-0.010,13.23,0.00,-0.090,-100.00
85167B,BLACK GRAND BAROQUE PHOTO FRAME,104,34,67.31,6.65,19.73,2.966,3.06,0.032,27.23,0.00,-0.243,-100.00
85168A,WHITE BAROQUE CARRIAGE CLOCK,104,12,88.46,0.20,0.64,3.191,8.67,0.448,1.31,0.00,-0.010,-100.00
85168B,BLACK BAROQUE CARRIAGE CLOCK,104,29,72.12,0.62,1.66,2.659,3.59,0.117,0.15,1.46,0.008,850.00
85169A,IVORY LOVE BIRD CANDLE,104,67,35.58,11.99,25.07,2.091,1.55,0.519,6.08,6.38,0.013,5.06
85169B,BLACK LOVE BIRD CANDLE,104,48,53.85,4.09,9.93,2.430,2.17,0.458,1.54,2.54,0.021,65.00
85169C,EAU DE NIL LOVE BIRD CANDLE,104,45,56.73,4.82,16.56,3.437,2.31,0.168,1.08,0.15,0.035,-85.71
85169D,PINK LOVE BIRD CANDLE,104,55,47.12,5.01,14.88,2.970,1.89,0.200,2.31,4.08,0.004,76.67
85170A,UNKNOWN,104,42,59.62,8.08,23.93,2.963,2.48,-0.010,10.85,0.00,-0.173,-100.00
85170B,SET/6 BLACK BIRD T-LIGHT CANDLES,104,40,61.54,2.71,9.15,3.374,2.60,0.006,1.38,0.85,0.017,-38.89
85170C,SET/6 EAU DE NIL BIRD T-LIGHTS,104,58,44.23,5.18,12.70,2.451,1.79,-0.031,3.62,2.62,0.012,-27.66
85170D,SET/6 PINK BIRD T-LIGHT CANDLES,104,73,29.81,6.77,14.42,2.130,1.42,0.178,3.77,3.23,0.007,-14.29
85171,S/2 HYACINTH BULB CANDLES,104,1,99.04,0.01,0.10,10.198,104.00,,0.08,0.00,-0.001,-100.00
85172,HYACINTH BULB T-LIGHT CANDLES,104,70,32.69,40.30,64.57,1.602,1.49,0.019,62.08,43.08,-0.484,-30.61
85173,SET/6 FROG PRINCE T-LIGHT CANDLES,104,72,30.77,8.90,19.55,2.195,1.44,0.165,8.69,7.54,-0.045,-13.27
85174,S/4 CACTI CANDLES,104,89,14.42,13.27,19.46,1.467,1.17,0.291,25.85,11.31,-0.128,-56.25
85175,UNKNOWN,104,92,11.54,147.51,133.65,0.906,1.13,0.104,207.00,86.46,-1.639,-58.23
85176,SEWING SUSAN 21 NEEDLE SET,104,91,12.50,25.32,64.56,2.550,1.14,0.074,60.69,28.08,-0.267,-53.74
85177,BASKET OF FLOWERS SEWING KIT,104,71,31.73,16.96,34.76,2.049,1.46,-0.055,14.77,12.31,-0.117,-16.67
85178,VICTORIAN SEWING KIT,104,91,12.50,52.05,81.15,1.559,1.14,-0.096,85.38,68.00,-0.144,-20.36
85179A,GREEN BITTY LIGHT CHAIN,104,25,75.96,1.83,6.42,3.515,4.16,0.448,0.54,11.31,0.073,2000.00
85179B,WHITE BITTY LIGHT CHAIN,104,21,79.81,2.25,8.57,3.808,4.95,0.286,10.62,0.00,-0.099,-100.00
85179C,PINK BITTY LIGHT CHAIN,104,14,86.54,0.88,3.81,4.306,7.43,0.323,0.08,6.00,0.040,7700.00
85180A,RED HEARTS LIGHT CHAIN,104,35,66.35,5.92,19.94,3.367,2.97,0.363,6.15,1.46,-0.004,-76.25
85180B,PINK HEARTS LIGHT CHAIN,104,35,66.35,3.39,13.22,3.896,2.97,0.178,1.85,1.54,0.002,-16.67
85183A,CHARLIE & LOLA WASTEPAPER BIN BLUE,104,66,36.54,13.89,34.44,2.479,1.58,-0.054,43.08,16.62,-0.085,-61.43
85183B,CHARLIE & LOLA WASTEPAPER BIN FLORA,104,72,30.77,15.98,33.40,2.090,1.44,-0.034,28.85,25.38,0.070,-12.00
85184A,UNKNOWN,104,1,99.04,0.01,0.10,10.198,104.00,-0.010,0.08,0.00,-0.001,-100.00
85184B,SET 4 EASTER DECOUPAGE OVAL BOXES,104,6,94.23,0.13,0.83,6.129,17.33,0.348,0.92,0.00,-0.006,-100.00
85184C,SET 4 VALENTINE DECOUPAGE HEART BOX,104,92,11.54,21.56,57.01,2.645,1.13,0.640,26.31,6.62,-0.051,-74.85
85184D,S/4 BLUE ROUND DECOUPAGE BOXES,104,33,68.27,79.88,542.95,6.797,3.15,-0.017,24.23,0.00,-1.288,-100.00
85185B,PINK HORSE SOCK PUPPET KIT,104,80,23.08,7.79,19.29,2.476,1.30,0.001,7.62,7.69,0.053,1.01
85185C,COW SOCK PUPPET,104,17,83.65,0.64,2.43,3.771,6.12,0.066,1.38,0.00,-0.022,-100.00
85185D,UNKNOWN,104,38,63.46,1.81,4.23,2.342,2.74,-0.053,4.46,0.00,-0.050,-100.00
85185E,DUCK SOCK PUPPET,104,1,99.04,0.01,0.10,10.198,104.00,-0.010,0.08,0.00,-0.001,-100.00
85185F,UNKNOWN,104,7,93.27,0.79,5.77,7.316,14.86,0.738,6.08,0.00,-0.044,-100.00
85186A,EASTER BUNNY GARLAND OF FLOWERS,104,38,63.46,14.15,30.34,2.144,2.74,0.702,43.08,0.00,-0.305,-100.00
85186B,BUNNY BUNCH OF FLOWERS,104,1,99.04,0.13,1.37,10.198,104.00,-0.010,0.00,0.00,-0.006,
85186C,BUNNY EGG GARLAND,104,38,63.46,13.45,27.41,2.038,2.74,0.691,46.69,2.00,-0.297,-95.72
85187,S/12 MINI RABBIT EASTER,104,38,63.46,4.61,10.53,2.287,2.74,0.566,6.08,0.46,-0.003,-92.41
85188A,GREEN METAL SWINGING BUNNY,104,26,75.00,9.08,21.03,2.317,4.00,0.611,31.62,0.00,-0.227,-100.00
85188B,PINK METAL SWINGING BUNNY,104,21,79.81,7.19,21.26,2.956,4.95,0.541,33.92,0.00,-0.284,-100.00
85189,HANGING BUTTERFLY EGG,104,22,78.85,11.46,41.44,3.616,4.73,0.252,67.00,0.00,-0.532,-100.00
85190,PINK FLOWER HANGING HEART,104,6,94.23,1.33,6.87,5.174,17.33,0.056,10.08,0.00,-0.067,-100.00
85192S,HANGING SPRING FLOWER HEART SMALL,104,2,98.08,0.03,0.22,7.572,52.00,0.389,0.23,0.00,-0.001,-100.00
85194L,HANGING SPRING FLOWER EGG LARGE,104,38,63.46,17.48,36.17,2.069,2.74,0.436,50.08,0.85,-0.266,-98.31
85194S,HANGING SPRING FLOWER EGG SMALL,104,54,48.08,16.92,26.58,1.570,1.93,0.432,25.38,33.08,0.145,30.30
85195,HANGING HEART BASKET,104,15,85.58,2.35,13.47,5.741,6.93,-0.026,8.15,0.00,-0.070,-100.00
85196,UNKNOWN,104,12,88.46,15.14,55.02,3.633,8.67,0.744,87.92,0.00,-0.683,-100.00
85197,SET OF 12 MINI BUNNIES IN A BUCKET,104,27,74.04,16.32,138.17,8.468,3.85,0.021,123.08,0.00,-0.710,-100.00
85198,ASSORTED FARMYARD ANIMALS IN BUCKET,104,26,75.00,37.11,326.90,8.810,4.00,0.003,270.31,0.00,-1.634,-100.00
85199L,LARGE HANGING IVORY & RED WOOD BIRD,104,90,13.46,31.83,42.56,1.337,1.16,0.521,28.00,37.23,-0.175,32.97
85199S,SMALL HANGING IVORY/RED WOOD BIRD,104,99,4.81,54.61,81.50,1.493,1.05,0.221,65.54,117.31,0.085,78.99
85200,UNKNOWN,104,26,75.00,10.11,27.64,2.735,4.00,0.778,39.69,0.00,-0.349,-100.00
85202,HANGING WOOD AND FELT HEART,104,73,29.81,11.62,22.23,1.914,1.42,0.319,16.15,5.31,-0.076,-67.14
85203,HANGING WOOD AND FELT BUTTERFLY,104,85,18.27,13.84,21.10,1.525,1.22,0.269,8.92,9.85,-0.011,10.34
85204,HANGING WOOD AND FELT FLOWER,104,76,26.92,22.55,70.57,3.130,1.37,0.029,3.62,80.46,0.687,2125.53
85205A,IVORY FELT EASTER RABBIT GARLAND,104,8,92.31,0.63,2.59,4.085,13.00,0.508,3.15,0.00,-0.028,-100.00
85205B,PINK FELT EASTER RABBIT GARLAND,104,24,76.92,2.32,5.43,2.344,4.33,0.335,4.92,0.00,-0.034,-100.00
85206A,UNKNOWN,104,33,68.27,22.36,45.98,2.057,3.15,0.711,49.46,0.00,-0.437,-100.00
85206B,PINK FELT EASTER EGG BASKET,104,17,83.65,14.98,46.34,3.093,6.12,0.637,80.23,0.00,-0.682,-100.00
85208,SET/12 FUNKY FELT FLOWER PEG IN BAG,104,48,53.85,3.99,10.59,2.654,2.17,0.029,6.77,1.92,-0.021,-71.59
85211,UNKNOWN,104,47,54.81,2.88,7.78,2.695,2.21,0.026,2.46,0.77,0.001,-68.75
85212,MINI PAINTED GARDEN DECORATION,104,66,36.54,26.98,62.92,2.332,1.58,0.123,10.15,20.54,0.474,102.27
85213,MINI ZINC GARDEN DECORATIONS,104,47,54.81,14.23,58.12,4.084,2.21,0.037,22.00,0.00,0.044,-100.00
85214,UNKNOWN,104,66,36.54,6.47,13.26,2.049,1.58,0.113,9.31,0.00,-0.067,-100.00
85215,ASSORTED CHEESE FRIDGE MAGNETS,104,43,58.65,9.14,19.92,2.178,2.42,-0.045,11.23,0.00,-0.134,-100.00
85216,ASSORTED CAKES FRIDGE MAGNETS,104,55,47.12,27.46,50.49,1.839,1.89,0.298,39.15,0.54,-0.776,-98.62
85217,UNKNOWN,104,37,64.42,27.19,50.22,1.847,2.81,0.448,51.08,0.00,-0.916,-100.00
85218,S/5 MINI ICE CREAM FRIDGE MAGNETS,104,2,98.08,19.15,192.97,10.075,52.00,-0.010,153.23,0.00,-0.883,-100.00
85220,SMALL FAIRY CAKE FRIDGE MAGNETS,104,3,97.12,115.35,1172.74,10.167,34.67,-0.010,922.77,0.00,-5.314,-100.00
85221,ASSORTED COLOUR SILK COIN PURSE,104,17,83.65,32.70,116.89,3.574,6.12,0.192,135.23,0.00,-1.499,-100.00
85222,UNKNOWN,104,21,79.81,13.10,51.18,3.908,4.95,0.110,69.38,0.00,-0.617,-100.00
85224,ASSORTED COLOUR SILK GLASSES CASE,104,38,63.46,18.20,47.52,2.611,2.74,0.242,52.92,0.00,-0.641,-100.00
85225,BLING KEY RING STAND,104,9,91.35,0.13,0.64,4.750,11.56,-0.018,0.31,0.00,-0.004,-100.00
85226A,UNKNOWN,104,41,60.58,16.05,52.80,3.290,2.54,0.370,60.23,0.00,-0.549,-100.00
85226C,BLUE PULL BACK RACING CAR,104,34,67.31,9.51,48.59,5.110,3.06,0.140,55.00,0.00,-0.429,-100.00
85227,SET OF 6 3D KIT CARDS FOR KIDS,104,94,9.62,32.18,42.12,1.309,1.11,0.116,43.31,37.15,-0.077,-14.21
85230A,OPIUM SCENTED VOTIVE CANDLE,104,37,64.42,19.15,41.01,2.141,2.81,0.105,40.62,5.54,-0.136,-86.36
85230B,CINNAMON SCENTED VOTIVE CANDLE,104,45,56.73,20.15,32.55,1.615,2.31,0.188,13.00,48.00,0.261,269.23
85230C,UNKNOWN,104,2,98.08,0.46,3.31,7.176,52.00,-0.014,3.69,0.00,-0.026,-100.00
85230D,UNKNOWN,104,2,98.08,0.46,3.31,7.176,52.00,-0.014,3.69,0.00,-0.026,-100.00
85230E,STRAWBRY SCENTED VOTIVE CANDLE,104,47,54.81,23.51,35.39,1.505,2.21,-0.080,22.15,1.85,-0.105,-91.67
85230F,JASMINE VOTIVE CANDLE,104,39,62.50,27.62,101.96,3.692,2.67,0.096,40.77,3.69,-0.826,-90.94
85230G,ORANGE VOTIVE CANDLE,104,37,64.42,15.92,29.84,1.874,2.81,-0.110,7.38,11.08,0.126,50.00
85231B,CINAMMON SET OF 9 T-LIGHTS,104,88,15.38,17.86,24.10,1.350,1.18,0.496,20.62,28.23,0.017,36.94
85231D,UNKNOWN,104,1,99.04,0.05,0.49,10.198,104.00,-0.010,0.38,0.00,-0.003,-100.00
85231E,STRAWBERRY SCENTED SET/9 T-LIGHTS,104,23,77.88,7.08,20.95,2.960,4.52,0.474,42.46,0.00,-0.337,-100.00
85231G,amazon,104,85,18.27,13.67,17.38,1.271,1.22,0.150,21.92,11.31,-0.062,-48.42
85231L,UNKNOWN,104,18,82.69,8.99,32.08,3.568,5.78,0.495,63.77,0.00,-0.422,-100.00
85232A,SET/3 POLKADOT STACKING TINS,104,61,41.35,3.53,5.80,1.643,1.70,0.171,6.62,0.00,-0.082,-100.00
85232B,UNKNOWN,104,55,47.12,29.78,54.10,1.817,1.89,0.152,71.23,0.00,-0.818,-100.00
85232C,UNKNOWN,104,3,97.12,0.03,0.17,5.830,34.67,0.313,0.23,0.00,-0.001,-100.00
85232D,SET/3 DECOUPAGE STACKING TINS,104,82,21.15,8.03,16.77,2.089,1.27,0.023,14.77,17.92,-0.034,21.35
90000A,RASPBERRY ANT COPPER FLOWER NECKLAC,104,18,82.69,0.30,0.79,2.640,5.78,0.058,0.23,0.38,0.001,66.67
90000B,MIDNIGHT BLUE COPPER FLOWER NECKLAC,104,19,81.73,0.28,0.69,2.471,5.47,0.030,0.23,0.00,-0.001,-100.00
90000C,UNKNOWN,104,3,97.12,0.03,0.17,5.830,34.67,-0.024,0.15,0.00,-0.001,-100.00
90000D,COPPER/OLIVE GREEN FLOWER NECKLACE,104,26,75.00,0.40,0.90,2.223,4.00,-0.011,0.38,0.31,0.001,-20.00
90001A,ANTIQUE RASPBERRY FLOWER EARRINGS,104,10,90.38,0.11,0.34,3.205,10.40,-0.099,0.15,0.08,-0.001,-50.00
90001B,ANTIQUE MID BLUE FLOWER EARRINGS,104,9,91.35,0.12,0.43,3.470,11.56,-0.085,0.15,0.08,-0.000,-50.00
90001C,ANTIQUE OPAL WHITE FLOWER EARRINGS,104,10,90.38,0.11,0.34,3.205,10.40,0.082,0.23,0.08,-0.001,-66.67
90001D,ANTIQUE OLIVE GREEN FLOWER EARRINGS,104,10,90.38,0.13,0.44,3.283,10.40,-0.089,0.23,0.08,-0.001,-66.67
90002A,UNKNOWN,104,15,85.58,0.72,2.70,3.749,6.93,0.040,1.69,0.00,-0.023,-100.00
90002B,FLOWER BURST SILVER RING ROSE,104,8,92.31,0.19,0.76,3.974,13.00,0.239,0.31,0.00,-0.006,-100.00
90002C,UNKNOWN,104,14,86.54,0.34,1.03,3.060,7.43,0.115,0.46,0.00,-0.011,-100.00
90002D,FLOWER BURST SILVER RING CRYSTAL,104,25,75.96,1.07,5.17,4.845,4.16,-0.008,1.00,0.00,-0.015,-100.00
90002E,UNKNOWN,104,9,91.35,0.13,0.58,4.275,11.56,0.179,0.15,0.00,-0.004,-100.00
90003B,ROSE COLOUR PAIR HEART HAIR SLIDES,104,20,80.77,0.39,1.10,2.793,5.20,-0.018,0.92,0.62,-0.004,-33.33
90003C,MIDNIGHT BLUE PAIR HEART HAIR SLIDE,104,27,74.04,0.42,0.96,2.275,3.85,-0.067,0.46,0.92,0.003,100.00
90003D,CRYSTAL PAIR HEART HAIR SLIDES,104,23,77.88,0.51,1.19,2.336,4.52,-0.005,1.31,0.92,-0.001,-29.41
90003E,GREEN PAIR HEART HAIR SLIDES,104,17,83.65,0.28,0.76,2.712,6.12,0.067,0.38,0.69,0.005,80.00
90004A,UNKNOWN,104,2,98.08,0.03,0.22,7.572,52.00,-0.018,0.23,0.00,-0.002,-100.00
90005A,JADE GREEN ENAMEL HAIR COMB,104,35,66.35,1.03,2.09,2.034,2.97,0.135,2.23,0.00,-0.026,-100.00
90010A,MIDNIGHT BLUE GLASS/SILVER BRACELET,104,24,76.92,0.67,2.77,4.112,4.33,0.003,1.00,0.54,-0.000,-46.15
90010B,BLACK/WHITE GLASS/SILVER BRACELET,104,22,78.85,0.59,1.60,2.736,4.73,0.083,1.08,0.00,-0.011,-100.00
90010E,AMBER GLASS/SILVER BRACELET,104,28,73.08,0.52,1.14,2.196,3.71,-0.002,1.00,1.00,-0.003,0.00
90011A,MIDNIGHT BLUE CRYSTAL DROP EARRINGS,104,14,86.54,0.13,0.34,2.548,7.43,0.008,0.15,0.15,-0.000,0.00
90011B,BLACK CRYSTAL DROP EARRINGS,104,11,89.42,0.17,0.69,3.980,9.45,-0.061,0.15,0.54,0.001,250.00
90011C,GREEN CRYSTAL DROP EARRINGS,104,7,93.27,0.14,0.73,5.059,14.86,-0.040,0.46,0.08,-0.004,-83.33
90011D,PURPLE CRYSTAL DROP EARRINGS,104,4,96.15,0.04,0.19,5.024,26.00,-0.040,0.00,0.08,0.000,
90011E,AMBER CRYSTAL DROP EARRINGS,104,8,92.31,0.08,0.27,3.481,13.00,0.066,0.15,0.08,-0.001,-50.00
90012A,MIDNIGHT BLUE DROP CRYSTAL NECKLACE,104,6,94.23,0.12,0.64,5.575,17.33,0.249,0.08,0.62,0.004,700.00
90012B,BLACK DROP CRYSTAL NECKLACE,104,5,95.19,0.15,0.86,5.566,20.80,-0.033,0.15,0.92,0.005,500.00
90013A,MIDNIGHT BLUE VINTAGE EARRINGS,104,51,50.96,1.07,1.60,1.496,2.04,0.011,1.38,1.31,-0.006,-5.56
90013B,BLACK VINTAGE EARRINGS,104,52,50.00,0.99,1.46,1.479,2.00,0.547,1.77,1.15,-0.007,-34.78
90013C,GREEN VINTAGE EARRINGS,104,40,61.54,0.78,1.31,1.687,2.60,0.101,0.77,1.38,-0.002,80.00
90013D,PURPLE VINTAGE EARRINGS,104,16,84.62,0.44,1.51,3.405,6.50,-0.011,0.69,0.00,-0.012,-100.00
90013E,AMBER VINTAGE EARRINGS,104,2,98.08,0.02,0.14,7.176,52.00,-0.014,0.15,0.00,-0.001,-100.00
90014A,SILVER M.O.P. ORBIT NECKLACE,104,33,68.27,0.51,1.06,2.082,3.15,0.028,0.38,0.77,0.001,100.00
90014B,GOLD M.O.P. ORBIT NECKLACE,104,25,75.96,0.31,0.61,1.978,4.16,-0.156,0.23,0.15,-0.001,-33.33
90014C,SILVER AND BLACK ORBIT NECKLACE,104,16,84.62,0.27,0.83,3.072,6.50,-0.066,0.15,0.15,-0.004,0.00
90016A,SILVER/M.O.P PENDANT ORBIT NECKLACE,104,16,84.62,0.28,1.02,3.654,6.50,-0.011,0.08,0.69,0.004,800.00
90016B,GOLD/M.O.P PENDANT ORBIT NECKLACE,104,23,77.88,0.34,0.77,2.291,4.52,-0.162,0.23,0.62,0.002,166.67
90016C,SILVER/BLACK PENDANT ORBIT NECKLACE,104,10,90.38,0.15,0.54,3.481,10.40,-0.084,0.38,0.00,-0.003,-100.00
90018A,SILVER M.O.P ORBIT DROP EARRINGS,104,38,63.46,0.69,1.12,1.611,2.74,-0.031,0.62,1.38,0.006,125.00
90018B,GOLD M.O.P ORBIT DROP EARRINGS,104,27,74.04,0.36,0.65,1.834,3.85,0.033,0.38,0.62,0.002,60.00
90018C,SILVER BLACK ORBIT DROP EARRINGS,104,18,82.69,0.27,0.69,2.548,5.78,-0.013,0.38,0.54,-0.000,40.00
90019A,SILVER M.O.P ORBIT BRACELET,104,40,61.54,0.62,0.93,1.482,2.60,0.041,0.31,1.31,0.006,325.00
90019B,GOLD M.O.P ORBIT BRACELET,104,23,77.88,0.30,0.62,2.084,4.52,0.126,0.23,0.69,0.003,200.00
90019C,SILVER BLACK ORBIT BRACELET,104,26,75.00,0.35,0.69,2.003,4.00,-0.066,0.69,0.31,-0.005,-55.56
90020,FILIGREE DIAMANTE CHAIN,104,4,96.15,0.06,0.34,5.830,26.00,-0.030,0.31,0.00,-0.002,-100.00
90021,LASER CUT MULTI STRAND NECKLACE,104,4,96.15,0.05,0.26,5.329,26.00,0.112,0.00,0.00,-0.000,
90022,EDWARDIAN DROP EARRINGS JET BLACK,104,21,79.81,0.31,0.76,2.484,4.95,-0.049,0.15,0.54,0.002,250.00
90023,FILIGREE DIAMANTE EARRINGS,104,18,82.69,0.27,0.66,2.440,5.78,0.060,0.23,0.31,0.000,33.33
90024A,NEW BAROQUE B'FLY NECKLACE BLACK,104,4,96.15,0.05,0.26,5.329,26.00,-0.036,0.08,0.00,-0.001,-100.00
90024B,NEW BAROQUE B'FLY NECKLACE RED,104,17,83.65,0.20,0.49,2.428,6.12,0.101,0.23,0.31,-0.001,33.33
90024C,NEW BAROQUE B'FLY NECKLACE GREEN,104,9,91.35,0.10,0.33,3.405,11.56,0.093,0.15,0.00,-0.001,-100.00
90024D,NEW BAROQUE B'FLY NECKLACE PINK,104,12,88.46,0.14,0.43,2.965,8.67,0.065,0.38,0.08,-0.004,-80.00
90024E,NEW BAROQUE B'FLY NECKLACE MONTANA,104,9,91.35,0.14,0.66,4.574,11.56,-0.046,0.54,0.00,-0.005,-100.00
90024F,NEW BAROQUE B'FLY NECKLACE CRYSTAL,104,6,94.23,0.08,0.33,4.322,17.33,-0.050,0.00,0.15,0.000,
90025A,BAROQUE BUTTERFLY EARRINGS BLACK,104,2,98.08,0.02,0.14,7.176,52.00,-0.020,0.00,0.08,0.001,
90025B,BAROQUE BUTTERFLY EARRINGS RED,104,3,97.12,0.03,0.17,5.830,34.67,-0.030,0.08,0.00,-0.000,-100.00
90025C,BAROQUE BUTTERFLY EARRINGS GREEN,104,7,93.27,2.05,20.29,9.909,14.86,-0.010,0.08,0.00,-0.060,-100.00
90025D,BAROQUE BUTTERFLY EARRINGS PINK,104,5,95.19,0.05,0.21,4.471,20.80,-0.051,0.08,0.08,0.000,0.00
90025E,BAROQUE BUTTERFLY EARRINGS MONTANA,104,6,94.23,0.06,0.23,4.061,17.33,-0.062,0.08,0.00,-0.001,-100.00
90025F,BAROQUE BUTTERFLY EARRINGS CRYSTAL,104,8,92.31,0.08,0.27,3.481,13.00,0.187,0.23,0.15,0.000,-33.33
90026A,GLASS BEAD HOOP NECKLACE BLACK,104,9,91.35,0.11,0.37,3.465,11.56,0.132,0.00,0.00,-0.002,
90026B,GLASS BEAD HOOP NECKLACE MONTANA,104,7,93.27,0.08,0.30,3.924,14.86,0.073,0.15,0.00,-0.001,-100.00
90026C,GLASS BEAD HOOP NECKLACE GREEN,104,6,94.23,0.08,0.33,4.322,17.33,-0.050,0.08,0.15,0.001,100.00
90026D,GLASS BEAD HOOP NECKLACE AMETHYST,104,8,92.31,0.10,0.36,3.700,13.00,-0.075,0.00,0.08,-0.000,
90027A,GLASS BEAD HOOP EARRINGS BLACK,104,6,94.23,0.09,0.44,5.120,17.33,-0.039,0.00,0.00,-0.001,
90027B,GLASS BEAD HOOP EARRINGS MONTANA,104,9,91.35,0.12,0.50,3.971,11.56,0.116,0.62,0.08,-0.004,-87.50
90027C,GLASS BEAD HOOP EARRINGS GREEN,104,12,88.46,0.13,0.40,2.938,8.67,0.068,0.23,0.08,-0.001,-66.67
90027D,GLASS BEAD HOOP EARRINGS AMETHYST,104,10,90.38,0.19,0.68,3.555,10.40,0.058,0.54,0.15,-0.003,-71.43
90028,NEW BAROQUE LARGE NECKLACE BLK/WHIT,104,19,81.73,0.27,0.70,2.600,5.47,0.246,0.08,0.23,0.001,200.00
90029,NEW BAROQUE SMALL NECKLACE BLACK,104,10,90.38,0.20,0.83,4.105,10.40,-0.058,0.54,0.00,-0.002,-100.00
90030A,SPOTTED WHITE NATURAL SEED NECKLACE,104,8,92.31,0.76,3.88,5.108,13.00,0.432,0.15,4.62,0.029,2900.00
90030B,RED KUKUI COCONUT SEED NECKLACE,104,28,73.08,1.27,3.67,2.889,3.71,0.192,0.23,5.54,0.042,2300.00
90030C,BROWN KUKUI COCONUT SEED NECKLACE,104,13,87.50,0.84,3.81,4.559,8.00,0.428,0.15,4.54,0.029,2850.00
90031,BILI NUT AND WOOD NECKLACE,104,9,91.35,0.50,2.60,5.206,11.56,0.169,0.15,2.77,0.020,1700.00
90032,IVORY SHELL HEART NECKLACE,104,18,82.69,0.46,1.30,2.815,5.78,-0.014,0.08,0.69,0.001,800.00
90033,IVORY SHELL HEART EARRINGS,104,15,85.58,0.19,0.52,2.719,6.93,-0.019,0.38,0.15,-0.001,-60.00
90034,WHITE SILVER NECKLACE SHELL GLASS,104,4,96.15,0.04,0.19,5.024,26.00,-0.035,0.15,0.00,-0.001,-100.00
90035A,"PEARL & SHELL 42""NECKL. GREEN",104,12,88.46,0.22,0.74,3.332,8.67,-0.009,0.62,0.00,-0.004,-100.00
90035B,UNKNOWN,104,3,97.12,0.03,0.17,5.830,34.67,-0.030,0.00,0.00,-0.001,
90035C,"PEARL & SHELL 42""NECKL. IVORY",104,3,97.12,0.04,0.24,6.194,34.67,-0.027,0.00,0.00,-0.000,
90036A,FLOWER GARLAND NECKLACE RED,104,14,86.54,0.25,0.73,2.936,7.43,-0.096,0.77,0.00,-0.005,-100.00
90036B,"FLOWER GLASS GARLAND NECKL.36""GREEN",104,10,90.38,0.25,1.06,4.236,10.40,0.082,0.54,0.00,-0.005,-100.00
90036C,"FLOWER GLASS GARLAND NECKL.36""BLUE",104,12,88.46,0.29,0.99,3.439,8.67,0.098,1.15,0.38,-0.004,-66.67
90036D,"FLOWER GLASS GARLAND NECKL.36""BLACK",104,14,86.54,0.34,1.04,3.088,7.43,0.055,0.92,0.00,-0.005,-100.00
90036E,"FLOWER GLASS GARLD NECKL36""AMETHYST",104,23,77.88,0.43,1.20,2.785,4.52,-0.075,0.92,0.08,-0.005,-91.67
90036F,"FLOWER GLASS GARLD NECKL36""TURQUOIS",104,13,87.50,0.23,0.86,3.734,8.00,-0.060,0.08,0.00,-0.002,-100.00
90037A,TINY CRYSTAL BRACELET RED,104,11,89.42,0.25,0.96,3.852,9.45,-0.069,0.31,0.00,-0.006,-100.00
90037B,TINY CRYSTAL BRACELET GREEN,104,9,91.35,0.26,1.09,4.192,11.56,0.237,0.00,0.00,-0.004,
90037C,TINY CRYSTAL BRACELET BLUE,104,11,89.42,0.24,0.95,3.953,9.45,0.322,0.15,0.00,-0.005,-100.00
90037D,TINY CRYSTALS BRACELET BLACK,104,7,93.27,0.13,0.67,4.971,14.86,-0.014,0.54,0.00,-0.005,-100.00
90038A,GLASS AND PAINTED BEADS BRACELET TO,104,21,79.81,0.35,0.97,2.811,4.95,-0.013,0.38,0.62,0.000,60.00
90038B,GLASS AND PAINTED BEADS BRACELET OL,104,9,91.35,0.19,0.79,4.104,11.56,-0.061,0.23,0.23,0.000,0.00
90038C,GLASS AND BEADS BRACELET IVORY,104,9,91.35,0.18,0.79,4.299,11.56,-0.055,0.15,0.00,-0.001,-100.00
90039A,FIRE POLISHED GLASS BRACELET RED,104,4,96.15,0.09,0.61,7.039,26.00,-0.021,0.15,0.00,0.001,-100.00
90039B,FIRE POLISHED GLASS BRACELET MONTAN,104,10,90.38,0.20,0.87,4.331,10.40,-0.054,0.15,0.00,-0.001,-100.00
90039C,FIRE POLISHED GLASS BRACELET BLACK,104,10,90.38,0.21,1.21,5.730,10.40,-0.008,0.31,0.15,-0.002,-50.00
90039D,FIRE POLISHED GLASS BRACELET GREEN,104,20,80.77,0.39,1.40,3.560,5.20,-0.005,0.85,0.15,-0.003,-81.82
90040A,MURANO STYLE GLASS BRACELET RED,104,24,76.92,0.47,1.15,2.438,4.33,0.074,1.15,0.00,-0.010,-100.00
90040B,MURANO STYLE GLASS BRACELET BLACK,104,30,71.15,0.67,1.34,1.991,3.47,0.216,1.77,0.00,-0.017,-100.00
90040C,MURANO STYLE GLASS BRACELET GOLD,104,17,83.65,0.37,1.03,2.830,6.12,0.022,0.69,0.77,0.000,11.11
90040D,UNKNOWN,104,16,84.62,0.35,0.95,2.753,6.50,0.316,1.00,0.00,-0.013,-100.00
90041,PEARL AND CHERRY QUARTZ BRACLET,104,6,94.23,0.07,0.29,4.275,17.33,-0.046,0.08,0.08,0.001,0.00
90042A,FRESHWATER PEARL BRACELET GOLD,104,20,80.77,0.60,1.75,2.943,5.20,0.250,1.00,0.00,-0.014,-100.00
90042B,UNKNOWN,104,5,95.19,0.12,0.56,4.877,20.80,-0.043,0.15,0.00,-0.003,-100.00
90042C,FRESHWATER PEARL BRACELET IVORY,104,21,79.81,1.24,6.14,4.950,4.95,0.018,0.00,0.00,-0.023,
90043,COPPER AND BRASS BAG CHARM,104,6,94.23,0.10,0.43,4.471,17.33,0.054,0.31,0.08,-0.001,-75.00
90046,WHITE WITH METAL BAG CHARM,104,6,94.23,0.12,0.57,4.554,17.33,0.011,0.00,0.00,-0.002,
90048,GREEN WITH METAL BAG CHARM,104,7,93.27,0.30,2.00,6.724,14.86,-0.017,0.38,0.00,-0.009,-100.00
90049,IVORY GOLD METAL BAG CHARM,104,5,95.19,0.19,1.41,7.321,20.80,-0.019,0.00,0.15,-0.002,
90050,CRACKED GLAZE NECKLACE IVORY,104,6,94.23,0.10,0.45,4.700,17.33,-0.046,0.08,0.23,0.002,200.00
90051,CRACKED GLAZE NECKLACE RED,104,10,90.38,0.14,0.49,3.405,10.40,0.073,0.00,0.23,0.001,
90052,CRACKED GLAZE NECKLACE BROWN,104,5,95.19,0.07,0.35,5.182,20.80,-0.038,0.31,0.08,-0.001,-75.00
90053,CRACKED GLAZE EARRINGS IVORY,104,10,90.38,0.10,0.30,3.081,10.40,-0.108,0.23,0.08,-0.001,-66.67
90054,CRACKED GLAZE EARRINGS RED,104,13,87.50,0.14,0.40,2.803,8.00,-0.130,0.31,0.23,-0.001,-25.00
90055,CRACKED GLAZE EARRINGS BROWN,104,9,91.35,0.09,0.28,3.265,11.56,0.026,0.15,0.15,-0.000,0.00
90056,CHUNKY CRACKED GLAZE NECKLACE IVORY,104,12,88.46,0.16,0.66,4.008,8.67,0.122,0.38,0.08,-0.005,-80.00
90057,DIAMANTE RING ASSORTED IN BOX.,104,20,80.77,17.12,62.36,3.643,5.20,-0.007,50.08,38.77,-0.098,-22.58
90058A,CRYSTAL STUD EARRINGS CLEAR DISPLAY,104,11,89.42,5.54,17.93,3.237,9.45,0.203,8.31,19.38,0.043,133.33
90058B,CRYSTAL STUD EARRINGS ASSORTED COL,104,22,78.85,10.40,25.90,2.490,4.73,0.256,5.62,36.00,0.171,541.10
90059A,DIAMANTE HAIR GRIP PACK/2 CRYSTAL,104,33,68.27,0.88,1.76,2.006,3.15,-0.037,1.00,1.38,0.002,38.46
90059B,DIAMANTE HAIR GRIP PACK/2 BLACK DIA,104,14,86.54,0.25,0.90,3.602,7.43,-0.007,0.08,0.62,0.002,700.00
90059C,DIAMANTE HAIR GRIP PACK/2 MONTANA,104,20,80.77,0.38,1.10,2.860,5.20,0.067,1.00,0.77,-0.003,-23.08
90059D,DIAMANTE HAIR GRIP PACK/2 PERIDOT,104,30,71.15,0.59,1.33,2.261,3.47,-0.012,0.92,0.77,-0.004,-16.67
90059E,DIAMANTE HAIR GRIP PACK/2 RUBY,104,27,74.04,0.48,1.13,2.354,3.85,0.093,0.38,1.00,0.000,160.00
90059F,DIAMANTE HAIR GRIP PACK/2 LT ROSE,104,24,76.92,0.45,1.16,2.578,4.33,0.079,0.23,0.92,0.001,300.00
90060B,FIRE POLISHED GLASS NECKL GOLD,104,4,96.15,0.06,0.31,5.307,26.00,-0.031,0.15,0.00,-0.002,-100.00
90060C,UNKNOWN,104,3,97.12,0.03,0.17,5.830,34.67,0.313,0.00,0.00,-0.001,
90060D,FIRE POLISHED GLASS NECKL BRONZE,104,7,93.27,0.76,7.06,9.293,14.86,-0.011,0.00,0.00,-0.021,
90060F,FIRE POLISHED GLASS NECKL GREEN,104,15,85.58,0.19,0.54,2.814,6.93,-0.129,0.31,0.23,-0.003,-25.00
90062,CARNIVAL BRACELET,104,47,54.81,1.76,3.13,1.779,2.21,0.349,4.00,0.00,-0.035,-100.00
90063A,WHITE VINT ART DECO CRYSTAL NECKLAC,104,13,87.50,0.20,0.58,2.877,8.00,-0.037,0.00,0.46,0.003,
90063B,BLACK VINT ART DEC CRYSTAL NECKLACE,104,10,90.38,0.18,0.63,3.476,10.40,-0.084,0.15,0.38,0.002,150.00
90064A,WHITE VINTAGE CRYSTAL EARRINGS,104,12,88.46,0.19,0.65,3.405,8.67,0.048,0.31,0.08,-0.000,-75.00
90064B,BLACK VINTAGE CRYSTAL EARRINGS,104,12,88.46,0.20,0.67,3.337,8.67,-0.027,0.08,0.31,0.002,300.00
90065A,WHITE VINTAGE CRYSTAL BRACELET,104,9,91.35,0.22,0.88,3.983,11.56,0.089,0.62,0.00,-0.004,-100.00
90065B,BLACK VINT ART DEC CRYSTAL BRACELET,104,12,88.46,0.21,0.78,3.707,8.67,0.223,1.15,0.15,-0.008,-86.67
90066A,PINK VINTAGE VICTORIAN CHOKER,104,2,98.08,0.05,0.35,7.321,52.00,-0.019,0.00,0.00,-0.001,
90067A,PINK VINTAGE VICTORIAN EARRINGS,104,13,87.50,0.26,0.93,3.600,8.00,-0.034,0.15,0.54,0.002,250.00
90067B,BROWN VINTAGE VICTORIAN EARRINGS,104,5,95.19,0.10,0.62,6.403,20.80,-0.025,0.08,0.00,-0.001,-100.00
90068,"RUBY GLASS NECKLACE 42""",104,2,98.08,0.02,0.14,7.176,52.00,-0.020,0.00,0.00,0.000,
90069,RUBY GLASS CLUSTER NECKLACE,104,5,95.19,0.11,0.64,6.026,20.80,-0.026,0.08,0.15,0.000,100.00
90070,RUBY GLASS CLUSTER BRACELET,104,30,71.15,0.60,1.50,2.523,3.47,-0.028,0.92,0.38,-0.009,-58.33
90071,RUBY GLASS CLUSTER EARRINGS,104,48,53.85,0.82,1.29,1.579,2.17,0.120,1.23,0.85,-0.006,-31.25
90072,RUBY DROP CHANDELIER EARRINGS,104,25,75.96,0.39,1.03,2.607,4.16,-0.079,0.38,0.85,0.001,120.00
90073,VINTAGE ENAMEL & CRYSTAL EARRINGS,104,27,74.04,0.44,1.02,2.311,3.85,0.162,0.62,0.31,-0.001,-50.00
90074,BLACK DIAMOND CLUSTER NECKLACE,104,6,94.23,0.07,0.29,4.275,17.33,-0.050,0.08,0.23,0.001,200.00
90075,MONTANA DIAMOND CLUSTER NECKLACE,104,8,92.31,0.10,0.36,3.700,13.00,0.156,0.08,0.15,-0.000,100.00
90076,MONTANA DIAMOND CLUSTER EARRINGS,104,7,93.27,0.12,0.63,5.442,14.86,-0.034,0.08,0.08,0.001,0.00
90077,BLACK DIAMOND CLUSTER EARRINGS,104,5,95.19,0.05,0.21,4.471,20.80,-0.051,0.15,0.08,-0.001,-50.00
90078,PINK/WHITE GLASS DEMI CHOKER,104,5,95.19,0.09,0.42,4.860,20.80,0.122,0.15,0.00,-0.001,-100.00
90079,VINTAGE ENAMEL & CRYSTAL NECKLACE,104,13,87.50,0.20,0.67,3.337,8.00,0.015,0.23,0.08,0.001,-66.67
90081A,LILY BROOCH AMETHYST COLOUR,104,21,79.81,0.45,1.09,2.406,4.95,0.066,0.85,0.23,-0.007,-72.73
90081B,LILY BROOCH WHITE/SILVER COLOUR,104,4,96.15,0.64,5.89,9.146,26.00,-0.012,0.00,0.00,-0.018,
90081C,LILY BROOCH OLIVE COLOUR,104,27,74.04,0.46,1.01,2.196,3.85,-0.009,0.54,0.31,-0.003,-42.86
90082A,DIAMANTE BOW BROOCH GREEN COLOUR,104,25,75.96,0.48,1.17,2.425,4.16,0.023,0.23,0.23,0.000,0.00
90082B,DIAMANTE BOW BROOCH RED COLOUR,104,22,78.85,0.58,1.43,2.483,4.73,0.256,0.77,0.08,-0.006,-90.00
90082C,UNKNOWN,104,4,96.15,0.07,0.38,5.580,26.00,0.243,0.54,0.00,-0.003,-100.00
90082D,DIAMANTE BOW BROOCH BLACK COLOUR,104,33,68.27,0.96,1.94,2.018,3.15,0.253,2.00,0.08,-0.022,-96.15
90083,CRYSTAL CZECH CROSS PHONE CHARM,104,11,89.42,0.36,1.51,4.235,9.45,0.013,0.54,0.62,-0.003,14.29
90084,UNKNOWN,104,8,92.31,0.34,1.92,5.717,13.00,0.119,1.46,0.00,-0.012,-100.00
90085,CRYSTAL STILETTO PHONE CHARM,104,19,81.73,1.39,4.28,3.071,5.47,0.047,3.77,0.92,-0.018,-75.51
90086,CRYSTAL FROG PHONE CHARM,104,33,68.27,1.61,4.96,3.087,3.15,-0.048,0.08,2.31,0.006,2900.00
90087,CRYSTAL SEA HORSE PHONE CHARM,104,37,64.42,1.75,4.99,2.852,2.81,-0.026,2.46,1.69,-0.025,-31.25
90088,CRYSTAL KEY+LOCK PHONE CHARM,104,9,91.35,0.49,2.22,4.520,11.56,-0.045,1.62,0.00,-0.016,-100.00
90089,PINK CRYSTAL SKULL PHONE CHARM,104,21,79.81,0.76,2.62,3.449,4.95,0.368,0.31,0.23,-0.015,-25.00
90090,PINK CRYSTAL HEART PHONE CHARM,104,13,87.50,1.85,7.53,4.079,8.00,0.000,4.38,0.00,-0.053,-100.00
90091,CRYSTAL DRAGONFLY PHONE CHARM,104,4,96.15,0.08,0.41,5.341,26.00,0.309,0.08,0.00,-0.002,-100.00
90092,BLUE CRYSTAL BOOT PHONE CHARM,104,7,93.27,0.46,2.60,5.632,14.86,-0.024,0.62,0.00,-0.013,-100.00
90093,CLEAR CRYSTAL STAR PHONE CHARM,104,18,82.69,1.24,5.33,4.296,5.78,0.142,0.15,0.15,-0.016,0.00
90094,NECKLACE+BRACELET SET FRUIT SALAD,104,23,77.88,1.62,9.60,5.907,4.52,-0.011,0.00,0.38,-0.030,
90095,NECKLACE+BRACELET SET PINK BLOSSOM,104,3,97.12,0.08,0.60,7.832,34.67,-0.017,0.00,0.00,-0.002,
90096,NECKLACE+BRACELET SET BLUE BLOSSOM,104,34,67.31,1.00,2.50,2.497,3.06,0.195,2.38,0.38,-0.012,-83.87
90098,NECKLACE+BRACELET PINK BUTTERFLY,104,29,72.12,1.32,4.48,3.404,3.59,0.438,5.00,1.23,-0.027,-75.38
90099,NECKLACE+BRACELET SET BLUE HIBISCUS,104,17,83.65,0.39,1.14,2.881,6.12,0.349,0.08,1.00,0.007,1200.00
90100,NECKLACE+BRACELET SET PINK DAISY,104,10,90.38,0.29,1.30,4.497,10.40,-0.031,0.08,0.00,-0.008,-100.00
90101,WHITE FRANGIPANI NECKLACE,104,25,75.96,0.49,1.58,3.227,4.16,-0.042,0.23,1.08,0.010,366.67
90102,WHITE FRANGIPANI HAIR CLIP,104,4,96.15,0.18,1.16,6.325,26.00,-0.025,0.15,0.00,0.000,-100.00
90103,PURPLE FRANGIPANI NECKLACE,104,21,79.81,0.41,1.50,3.639,4.95,-0.030,0.23,0.38,0.004,66.67
90104,UNKNOWN,104,30,71.15,1.44,3.70,2.563,3.47,0.095,0.00,0.00,-0.011,
90108,BLUE BLOSSOM HAIR CLIP,104,18,82.69,1.05,3.59,3.430,5.78,-0.036,0.23,1.23,0.009,433.33
90111,UNKNOWN,104,6,94.23,0.09,0.37,4.294,17.33,0.312,0.54,0.00,-0.004,-100.00
90112,UNKNOWN,104,18,82.69,0.83,2.61,3.159,5.78,0.171,0.77,0.00,-0.019,-100.00
90114,SUMMER DAISIES BAG CHARM,104,50,51.92,1.92,4.80,2.495,2.08,0.064,0.08,4.62,0.048,5900.00
90115,SUMMER BUTTERFLIES BAG CHARM,104,27,74.04,1.03,2.20,2.139,3.85,0.524,0.00,0.00,-0.002,
90116,FRUIT SALAD BAG CHARM,104,43,58.65,1.00,2.03,2.034,2.42,0.139,0.08,1.62,0.012,2000.00
90118,PINK DAISY BAG CHARM,104,21,79.81,0.38,0.94,2.439,4.95,0.115,0.00,1.00,0.009,
90119,METALIC LEAVES BAG CHARMS,104,33,68.27,0.84,1.90,2.272,3.15,0.578,0.00,4.08,0.029,
90120A,PINK MURANO TWIST BRACELET,104,27,74.04,0.89,2.17,2.429,3.85,0.184,2.85,0.00,-0.030,-100.00
90120B,BLUE MURANO TWIST BRACELET,104,31,70.19,1.01,2.38,2.360,3.35,-0.050,2.31,1.15,-0.012,-50.00
90120C,GREEN MURANO TWIST BRACELET,104,38,63.46,0.95,1.79,1.883,2.74,-0.028,1.38,1.31,-0.005,-5.56
90120D,WHITE MURANO TWIST BRACELET,104,28,73.08,1.29,3.64,2.828,3.71,0.222,2.62,0.00,-0.033,-100.00
90121A,UNKNOWN,104,1,99.04,0.01,0.10,10.198,104.00,-0.010,0.08,0.00,-0.001,-100.00
90121B,UNKNOWN,104,6,94.23,0.15,0.76,4.942,17.33,0.170,1.23,0.00,-0.008,-100.00
90122A,PINK CRYSTAL+GLASS BRACELET,104,26,75.00,0.53,1.20,2.266,4.00,0.025,0.69,0.23,-0.005,-66.67
90122B,JADE CRYSTAL+GLASS BRACELET,104,22,78.85,0.42,1.14,2.690,4.73,-0.036,0.77,0.00,-0.009,-100.00
90122C,TURQUOISE CRYSTAL+GLASS BRACELET,104,24,76.92,0.52,1.26,2.430,4.33,-0.008,0.69,0.69,-0.001,0.00
90123A,PINK HEART OF GLASS BRACELET,104,16,84.62,0.35,0.96,2.782,6.50,-0.006,0.23,0.08,-0.002,-66.67
90123B,TURQUOISE HEART OF GLASS BRACELET,104,12,88.46,0.25,0.84,3.379,8.67,0.006,0.15,0.00,-0.003,-100.00
90123C,GREEN HEART OF GLASS BRACELET,104,12,88.46,0.26,0.84,3.220,8.67,-0.029,0.08,0.00,-0.001,-100.00
90123D,WHITE HEART OF GLASS BRACELET,104,13,87.50,0.27,1.27,4.722,8.00,-0.020,0.08,0.15,-0.003,100.00
90124A,PINK MURANO TWIST NECKLACE,104,17,83.65,0.28,0.78,2.803,6.12,0.061,0.54,0.23,-0.003,-57.14
90124B,BLUE MURANO TWIST NECKLACE,104,23,77.88,0.38,0.85,2.266,4.52,0.026,1.08,0.15,-0.007,-85.71
90124C,GREEN MURANO TWIST NECKLACE,104,16,84.62,0.21,0.55,2.608,6.50,0.042,0.08,0.38,0.002,400.00
90125A,PINK BERTIE GLASS BEAD BAG CHARM,104,13,87.50,1.17,5.66,4.821,8.00,0.028,0.00,0.00,0.015,
90125B,AQUA BERTIE GLASS BEAD BAG CHARM,104,11,89.42,0.42,1.88,4.440,9.45,0.199,0.54,0.46,0.001,-14.29
90125C,TURQUOISE BERTIE GLASS BEAD CHARM,104,8,92.31,0.77,5.24,6.815,13.00,-0.004,0.08,0.00,0.013,-100.00
90125D,PURPLE BERTIE GLASS BEAD BAG CHARM,104,21,79.81,1.13,5.11,4.508,4.95,0.028,0.54,0.00,0.008,-100.00
90125E,AMBER BERTIE GLASS BEAD BAG CHARM,104,11,89.42,0.16,0.58,3.526,9.45,0.561,0.15,0.00,-0.001,-100.00
90126A,PINK BERTIE MOBILE PHONE CHARM,104,4,96.15,0.18,1.28,6.981,26.00,-0.021,0.00,0.00,-0.004,
90126B,BLUE BERTIE MOBILE PHONE CHARM,104,3,97.12,0.03,0.17,5.830,34.67,-0.030,0.08,0.00,-0.001,-100.00
90126C,AMBER BERTIE MOBILE PHONE CHARM,104,5,95.19,0.20,1.29,6.377,20.80,0.045,0.08,0.00,-0.004,-100.00
90127A,PINK BEADS+HAND PHONE CHARM,104,2,98.08,0.13,1.19,8.848,52.00,-0.013,0.00,0.00,0.000,
90127B,BLUE BEADS+HAND PHONE CHARM,104,2,98.08,0.02,0.14,7.176,52.00,-0.020,0.08,0.00,-0.001,-100.00
90128A,PINK LEAVES AND BEADS PHONE CHARM,104,9,91.35,0.43,2.06,4.752,11.56,0.001,0.08,0.00,-0.009,-100.00
90128B,BLUE LEAVES AND BEADS PHONE CHARM,104,7,93.27,0.38,2.37,6.319,14.86,-0.022,0.23,0.00,-0.010,-100.00
90128C,GREEN LEAVES AND BEADS PHONE CHARM,104,6,94.23,0.16,1.19,7.289,17.33,-0.019,0.08,0.08,-0.003,0.00
90128D,PURPLE LEAVES AND BEADS PHONE CHAR,104,7,93.27,0.12,0.65,5.191,14.86,-0.038,0.08,0.00,-0.002,-100.00
90129A,PINK GLASS TASSLE BAG CHARM,104,43,58.65,1.45,2.89,1.990,2.42,0.211,2.92,0.38,-0.023,-86.84
90129B,TURQUOISE GLASS TASSLE BAG CHARM,104,40,61.54,1.37,3.20,2.341,2.60,0.114,2.23,1.46,-0.015,-34.48
90129C,GREEN GLASS TASSLE BAG CHARM,104,33,68.27,1.00,2.31,2.311,3.15,0.033,1.77,1.08,-0.009,-39.13
90129D,AMBER GLASS TASSLE BAG CHARM,104,25,75.96,0.64,1.75,2.718,4.16,-0.024,1.31,0.85,-0.011,-35.29
90129E,PURPLE GLASS TASSLE BAG CHARM,104,43,58.65,1.24,2.64,2.127,2.42,0.254,2.92,1.00,-0.018,-65.79
90129F,RED GLASS TASSLE BAG CHARM,104,30,71.15,0.77,1.66,2.160,3.47,-0.015,0.92,1.15,-0.000,25.00
90130A,WHITE STONE/CRYSTAL EARRINGS,104,14,86.54,0.27,0.95,3.519,7.43,0.058,0.31,0.38,-0.003,25.00
90130B,TURQ STONE/CRYSTAL EARRINGS,104,34,67.31,0.59,1.14,1.939,3.06,0.049,0.69,1.31,0.005,88.89
90130C,GREEN STONE/CRYSTAL EARRINGS,104,19,81.73,0.21,0.50,2.345,5.47,0.170,0.08,0.38,0.001,400.00
90130D,RED STONE/CRYSTAL EARRINGS,104,8,92.31,0.12,0.63,5.070,13.00,-0.013,0.15,0.15,-0.003,0.00
90131,PINK/AMETHYST/GOLD NECKLACE,104,4,96.15,0.08,0.46,5.923,26.00,-0.029,0.00,0.00,0.000,
90132,LIGHT TOPAZ TEAL/AQUA COL NECKLACE,104,7,93.27,0.07,0.25,3.741,14.86,0.080,0.23,0.00,-0.001,-100.00
90133,TEAL/FUSCHIA COL BEAD NECKLACE,104,21,79.81,0.42,1.04,2.458,4.95,0.105,0.69,1.00,-0.001,44.44
90134,OLD ROSE COMBO BEAD NECKLACE,104,58,44.23,1.12,1.68,1.490,1.79,0.015,1.00,1.00,-0.006,0.00
90135,ORANGE/WHT/FUSCHIA STONES NECKLACE,104,3,97.12,0.09,0.62,7.221,34.67,-0.020,0.00,0.00,0.002,
90135A,ORANGE/FUSCHIA STONES NECKLACE,104,4,96.15,0.11,0.67,6.307,26.00,-0.026,0.00,0.00,-0.003,
90136,PALE PINK/AMETHYST STONE NECKLACE,104,3,97.12,0.04,0.24,6.194,34.67,-0.027,0.00,0.00,0.000,
90137,PINK COMBO MINI CRYSTALS NECKLACE,104,11,89.42,0.25,0.92,3.687,9.45,0.226,1.15,0.00,-0.008,-100.00
90138,WHITE/PINK MINI CRYSTALS NECKLACE,104,16,84.62,0.22,0.65,2.952,6.50,0.140,0.77,0.08,-0.004,-90.00
90139,UNKNOWN,104,6,94.23,0.18,0.80,4.366,17.33,0.408,1.15,0.00,-0.009,-100.00
90140,PINK SWEETIE NECKLACE,104,7,93.27,0.09,0.34,3.980,14.86,-0.060,0.46,0.00,-0.003,-100.00
90141A,GREEN PENDANT TRIPLE SHELL NECKLACE,104,15,85.58,0.17,0.51,2.952,6.93,0.190,0.23,0.15,0.001,-33.33
90141B,IVORY PENDANT TRIPLE SHELL NECKLACE,104,8,92.31,0.12,0.47,4.061,13.00,-0.062,0.23,0.00,0.000,-100.00
90141C,TURQ PENDANT TRIPLE SHELL NECKLACE,104,11,89.42,0.13,0.44,3.283,9.45,-0.045,0.00,0.31,0.003,
90141D,ROSE PENDANT TRIPLE SHELL NECKLACE,104,5,95.19,0.07,0.35,5.182,20.80,-0.038,0.15,0.00,-0.000,-100.00
90141E,ORANGE PENDANT TRIPLE SHELL NECKLAC,104,4,96.15,0.08,0.41,5.341,26.00,-0.036,0.15,0.15,0.001,0.00
90142A,GREEN PENDANT SHELL NECKLACE,104,4,96.15,0.05,0.26,5.329,26.00,-0.036,0.00,0.00,-0.001,
90142B,IVORY PENDANT SHELL NECKLACE,104,1,99.04,0.01,0.10,10.198,104.00,-0.010,0.00,0.00,-0.000,
90142C,ROSE PINK PENDANT SHELL NECKLACE,104,1,99.04,0.01,0.10,10.198,104.00,-0.010,0.00,0.00,-0.000,
90142D,MOP PENDANT SHELL NECKLACE,104,5,95.19,0.11,0.54,5.089,20.80,0.229,0.00,0.23,0.003,
90143,SILVER BRACELET W PASTEL FLOWER,104,32,69.23,0.76,1.72,2.265,3.25,-0.036,1.69,0.38,-0.009,-77.27
90144,SILVER DROP EARRINGS WITH FLOWER,104,28,73.08,0.51,1.08,2.118,3.71,0.123,1.15,0.46,-0.005,-60.00
90145,SILVER HOOP EARRINGS WITH FLOWER,104,36,65.38,0.65,1.19,1.818,2.89,0.153,0.85,0.77,-0.002,-9.09
90146,FINE SILVER NECKLACE W PASTEL FLOWE,104,16,84.62,0.38,1.23,3.206,6.50,0.105,0.38,0.69,0.001,80.00
90147,CHUNKY SILVER NECKLACE PASTEL FLOWE,104,41,60.58,0.88,1.44,1.645,2.54,0.385,1.92,0.77,-0.010,-60.00
90148,LONG SILVER NECKLACE PASTEL FLOWER,104,16,84.62,0.24,0.62,2.559,6.50,-0.047,0.23,0.08,-0.002,-66.67
90149,SILVER FLOWR PINK SHELL NECKLACE,104,8,92.31,0.60,5.01,8.403,13.00,-0.014,0.23,4.00,0.021,1633.33
90150,BLUE SHELL+SILVER NECKLACE,104,6,94.23,0.11,0.46,4.353,17.33,-0.054,0.38,0.00,-0.003,-100.00
90151,SILVER/NATURAL SHELL NECKLACE,104,9,91.35,0.15,0.59,3.818,11.56,0.190,0.08,0.15,-0.001,100.00
90152A,SILVER/NAT SHELL NECKLACE W PENDANT,104,7,93.27,0.07,0.25,3.741,14.86,-0.062,0.08,0.15,0.001,100.00
90152B,BLUE/GREEN SHELL NECKLACE W PENDANT,104,4,96.15,0.05,0.26,5.329,26.00,-0.036,0.00,0.00,-0.000,
90152C,BLUE/NAT SHELL NECKLACE W PENDANT,104,4,96.15,0.07,0.38,5.580,26.00,-0.033,0.00,0.00,-0.002,
90154,LAZER CUT NECKLACE W PASTEL BEADS,104,7,93.27,0.57,5.10,8.991,14.86,-0.013,0.00,4.08,0.024,
90155,RESIN NECKLACE W PASTEL BEADS,104,16,84.62,0.27,0.79,2.938,6.50,-0.041,0.23,0.23,-0.002,0.00
90156,RESIN BRACELET W PASTEL BEADS,104,12,88.46,0.24,0.95,3.953,8.67,0.096,0.23,0.00,-0.003,-100.00
90157,RIVIERA NECKLACE,104,20,80.77,0.51,1.32,2.594,5.20,0.101,0.23,0.46,-0.008,100.00
90158,ST TROPEZ NECKLACE,104,44,57.69,0.70,1.13,1.611,2.36,0.053,0.38,1.46,0.006,280.00
90159,COTE D'AZURE NECKLACE,104,19,81.73,0.36,0.94,2.654,5.47,0.073,0.46,0.15,-0.008,-66.67
90160A,PURPLE BOUDICCA LARGE BRACELET,104,21,79.81,0.49,1.34,2.725,4.95,0.010,0.08,0.77,0.007,900.00
90160B,RED BOUDICCA LARGE BRACELET,104,24,76.92,0.67,1.83,2.719,4.33,-0.086,0.15,0.77,-0.003,400.00
90160C,TURQ+RED BOUDICCA LARGE BRACELET,104,40,61.54,0.92,1.82,1.966,2.60,-0.058,0.31,1.69,0.003,450.00
90160D,PINK BOUDICCA LARGE BRACELET,104,22,78.85,0.67,1.82,2.711,4.73,-0.040,0.92,1.54,0.001,66.67
90161A,ANT COPPER RED BOUDICCA BRACELET,104,33,68.27,0.59,1.36,2.311,3.15,0.071,0.38,0.31,-0.007,-20.00
90161B,ANT COPPER TURQ BOUDICCA BRACELET,104,49,52.88,1.31,2.10,1.602,2.12,0.019,0.69,2.77,0.005,300.00
90161C,ANT COPPER LIME BOUDICCA BRACELET,104,59,43.27,1.49,2.19,1.472,1.76,0.033,1.31,3.38,0.006,158.82
90161D,ANT COPPER PINK BOUDICCA BRACELET,104,45,56.73,1.18,1.96,1.657,2.31,-0.046,1.54,2.00,-0.005,30.00
90162A,ANT SILVER TURQUOISE BOUDICCA RING,104,9,91.35,1.79,15.31,8.562,11.56,-0.014,0.62,0.46,-0.049,-25.00
90162B,ANT SILVER LIME GREEN BOUDICCA RING,104,15,85.58,0.53,1.75,3.301,6.93,0.021,0.54,1.31,0.001,142.86
90162C,ANT SILVER FUSCHIA BOUDICCA RING,104,16,84.62,0.40,1.17,2.898,6.50,0.049,0.46,0.31,-0.005,-33.33
90162D,ANT SILVER PURPLE BOUDICCA RING,104,11,89.42,0.28,1.00,3.585,9.45,-0.079,0.69,0.31,-0.003,-55.56
90163A,PINK ROSEBUD & PEARL NECKLACE,104,20,80.77,0.33,0.92,2.809,5.20,0.071,1.08,0.23,-0.007,-78.57
90163B,WHITE ROSEBUD & PEARL NECKLACE,104,8,92.31,0.12,0.43,3.684,13.00,-0.070,0.08,0.08,-0.001,0.00
90164A,PINK ROSEBUD PEARL BRACELET,104,19,81.73,0.38,1.10,2.930,5.47,-0.035,0.31,1.23,0.007,300.00
90164B,WHITE ROSEBUD PEARL BRACELET,104,30,71.15,0.62,1.56,2.495,3.47,0.084,0.77,2.15,0.006,180.00
90165A,PINK ROSEBUD PEARL EARRINGS,104,22,78.85,0.40,1.12,2.772,4.73,0.018,1.00,0.31,-0.006,-69.23
90165B,WHITE ROSEBUD PEARL EARRINGS,104,26,75.00,0.47,1.18,2.509,4.00,-0.048,0.77,0.54,-0.004,-30.00
90166,PINK & WHITE ROSEBUD RING,104,23,77.88,0.38,0.86,2.296,4.52,-0.005,0.54,0.85,0.002,57.14
90167,UNKNOWN,104,40,61.54,20.49,60.94,2.974,2.60,0.078,61.08,0.00,-0.761,-100.00
90168,2 DAISIES HAIR COMB,104,17,83.65,0.30,0.94,3.166,6.12,-0.055,0.54,0.77,0.001,42.86
90169,DAISY HAIR COMB,104,17,83.65,0.37,1.13,3.100,6.12,-0.043,0.62,0.62,-0.003,0.00
90170,DAISY HAIR BAND,104,43,58.65,1.39,2.66,1.908,2.42,-0.014,1.69,2.08,0.003,22.73
90171,DAISY RING,104,10,90.38,0.40,1.43,3.544,10.40,0.490,2.85,0.00,-0.020,-100.00
90173,PAIR BUTTERFLY HAIR CLIPS,104,35,66.35,0.78,1.55,1.984,2.97,0.082,1.08,0.08,-0.011,-92.86
90174,BUTTERFLY HAIR BAND,104,25,75.96,0.43,1.03,2.383,4.16,0.159,0.46,1.46,0.009,216.67
90175A,WHITE GLASS CHUNKY CHARM BRACELET,104,43,58.65,0.96,2.01,2.090,2.42,0.007,1.31,0.31,-0.018,-76.47
90175B,PINK GLASS CHUNKY CHARM BRACELET,104,24,76.92,0.35,0.86,2.474,4.33,-0.056,0.46,0.38,-0.006,-16.67
90175C,BLUE GLASS CHUNKY CHARM BRACELET,104,16,84.62,0.35,1.07,3.086,6.50,0.007,0.15,0.15,-0.003,0.00
90175D,TIGRIS EYE CHUNKY CHARM BRACELET,104,32,69.23,0.50,0.99,1.971,3.25,0.083,0.92,0.69,-0.002,-25.00
90176A,CLASSIC DIAMANTE NECKLACE JET,104,6,94.23,0.08,0.33,4.322,17.33,-0.055,0.15,0.15,-0.000,0.00
90176B,DIAMANTE NECKLACE BLACK,104,4,96.15,0.05,0.26,5.329,26.00,-0.036,0.00,0.23,0.002,
90176C,DIAMANTE NECKLACE,104,6,94.23,0.10,0.43,4.471,17.33,-0.051,0.15,0.00,-0.001,-100.00
90176D,DIAMANTE NECKLACE PURPLE,104,7,93.27,0.11,0.42,3.934,14.86,-0.066,0.08,0.23,0.002,200.00
90176E,DIAMANTE NECKLACE GREEN,104,3,97.12,0.04,0.24,6.194,34.67,-0.022,0.00,0.15,0.002,
90177A,CLASSIC DIAMANTE EARRINGS JET,104,13,87.50,0.17,0.66,3.814,8.00,-0.022,0.31,0.62,0.003,100.00
90177B,DROP DIAMANTE EARRINGS BLACK DIAMON,104,16,84.62,0.27,0.91,3.363,6.50,-0.075,0.46,0.00,-0.002,-100.00
90177C,DROP DIAMANTE EARRINGS CRYSTAL,104,19,81.73,0.35,0.99,2.868,5.47,-0.071,0.69,0.62,0.002,-11.11
90177D,DROP DIAMANTE EARRINGS PURPLE,104,19,81.73,0.44,1.41,3.195,5.47,-0.026,0.85,0.92,0.000,9.09
90177E,DROP DIAMANTE EARRINGS GREEN,104,20,80.77,0.27,0.75,2.798,5.20,-0.023,0.46,0.54,0.000,16.67
90178A,AMBER CHUNKY GLASS+BEAD NECKLACE,104,15,85.58,0.23,0.64,2.782,6.93,0.198,0.38,0.08,-0.005,-80.00
90178B,PURPLE CHUNKY GLASS+BEAD NECKLACE,104,11,89.42,0.15,0.50,3.237,9.45,0.177,0.23,0.00,-0.004,-100.00
90179A,AMBER FINE BEAD NECKLACE W TASSEL,104,8,92.31,0.11,0.42,3.934,13.00,0.283,0.08,0.23,0.001,200.00
90179B,PURPLE FINE BEAD NECKLACE W TASSEL,104,6,94.23,0.08,0.33,4.322,17.33,0.050,0.23,0.15,-0.001,-33.33
90179C,BLACK FINE BEAD NECKLACE W TASSEL,104,13,87.50,0.18,0.54,2.931,8.00,0.103,0.00,0.15,0.000,
90180A,BLACK+WHITE NECKLACE W TASSEL,104,20,80.77,0.38,1.13,2.950,5.20,0.104,0.23,0.62,0.001,166.67
90180B,PURPLE AMETHYST NECKLACE W TASSEL,104,11,89.42,0.15,0.48,3.107,9.45,0.104,0.23,0.15,-0.002,-33.33
90181A,AMBER GLASS/SHELL/PEARL NECKLACE,104,12,88.46,0.13,0.40,2.938,8.67,-0.115,0.15,0.31,0.001,100.00
90181B,AMETHYST GLASS/SHELL/PEARL NECKLACE,104,19,81.73,0.21,0.48,2.251,5.47,-0.030,0.38,0.31,0.000,-20.00
90181C,BLACK GLASS/SHELL/PEARL NECKLACE,104,4,96.15,0.04,0.19,5.024,26.00,-0.040,0.15,0.00,-0.001,-100.00
90182A,AMBER 3 BEAD DROP EARRINGS,104,5,95.19,0.08,0.43,5.640,20.80,-0.032,0.00,0.38,0.003,
90182B,AMETHYST 3 BEAD DROP EARRINGS,104,4,96.15,0.05,0.26,5.329,26.00,-0.031,0.08,0.23,0.001,200.00
90182C,BLACK 3 BEAD DROP EARRINGS,104,11,89.42,0.16,0.67,4.098,9.45,-0.030,0.31,0.62,0.002,100.00
90183A,AMBER DROP EARRINGS W LONG BEADS,104,23,77.88,0.47,1.28,2.710,4.52,0.112,0.23,1.38,0.011,500.00
90183B,AMETHYST DROP EARRINGS W LONG BEADS,104,20,80.77,0.26,0.62,2.400,5.20,0.005,0.31,0.62,0.004,100.00
90183C,BLACK DROP EARRINGS W LONG BEADS,104,10,90.38,0.12,0.38,3.265,10.40,0.191,0.15,0.46,0.003,200.00
90184A,AMBER CHUNKY BEAD BRACELET W STRAP,104,21,79.81,0.38,1.01,2.620,4.95,0.015,0.69,0.08,-0.007,-88.89
90184B,AMETHYST CHUNKY BEAD BRACELET W STR,104,33,68.27,0.62,1.23,1.991,3.15,0.038,0.85,1.00,-0.001,18.18
90184C,BLACK CHUNKY BEAD BRACELET W STRAP,104,35,66.35,0.67,1.42,2.106,2.97,0.230,1.54,0.77,-0.007,-50.00
90185A,AMBER DIAMANTE EXPANDABLE RING,104,23,77.88,0.53,1.39,2.634,4.52,-0.039,0.46,0.69,0.003,50.00
90185B,AMETHYST DIAMANTE EXPANDABLE RING,104,22,78.85,0.59,1.69,2.886,4.73,0.005,1.38,0.62,-0.006,-55.56
90185C,BLACK DIAMANTE EXPANDABLE RING,104,22,78.85,0.57,1.47,2.585,4.73,-0.064,0.77,0.69,-0.002,-10.00
90185D,CRYSTAL DIAMANTE EXPANDABLE RING,104,22,78.85,0.65,1.60,2.446,4.73,-0.068,0.31,0.00,-0.004,-100.00
90186A,AMETHYST HOOP EARRING FLORAL LEAF,104,21,79.81,0.65,2.10,3.209,4.95,0.049,2.31,0.08,-0.019,-96.67
90186B,CRYSTAL HOOP EARRING FLORAL LEAF,104,24,76.92,0.55,1.38,2.515,4.33,0.095,1.31,1.08,-0.005,-17.65
90187A,BLUE DROP EARRINGS W BEAD CLUSTER,104,7,93.27,0.08,0.30,3.924,14.86,-0.061,0.15,0.00,-0.002,-100.00
90187B,GREEN DROP EARRINGS W BEAD CLUSTER,104,12,88.46,0.16,0.54,3.314,8.67,-0.021,0.15,0.08,0.000,-50.00
90188,DROP EARRINGS W FLOWER & LEAF,104,13,87.50,0.17,0.51,2.952,8.00,-0.117,0.46,0.15,-0.002,-66.67
90189A,SILVER 2 STRAND NECKLACE-LEAF CHARM,104,8,92.31,0.11,0.39,3.707,13.00,0.052,0.23,0.15,-0.001,-33.33
90189B,GOLD 2 STRAND NECKLACE-LEAF CHARMS,104,2,98.08,0.03,0.22,7.572,52.00,-0.018,0.15,0.00,-0.001,-100.00
90190A,SILVER/CRYSTAL DROP EARRINGS W LEAF,104,19,81.73,0.38,0.99,2.632,5.47,-0.018,1.31,0.38,-0.005,-70.59
90190B,GOLD/AMBER DROP EARRINGS W LEAF,104,14,86.54,0.42,1.64,3.879,7.43,-0.019,1.38,0.08,-0.008,-94.44
90190C,SILVER/AMETHYST DROP EARRINGS LEAF,104,24,76.92,0.53,1.86,3.515,4.33,0.022,1.46,0.62,-0.007,-57.89
90191,SILVER LARIAT 40CM,104,18,82.69,0.37,1.32,3.619,5.78,-0.050,0.23,1.46,0.007,533.33
90192,JADE DROP EARRINGS W FILIGREE,104,34,67.31,0.86,1.71,1.997,3.06,0.254,0.69,1.31,0.001,88.89
90194,SILVER LARIAT BLACK STONE EARRINGS,104,18,82.69,0.31,0.79,2.565,5.78,-0.135,0.31,0.62,0.000,100.00
90195A,PURPLE GEMSTONE BRACELET,104,23,77.88,0.56,1.41,2.534,4.52,0.134,2.00,0.31,-0.015,-84.62
90195B,BLACK GEMSTONE BRACELET,104,17,83.65,0.43,1.43,3.312,6.12,0.032,1.69,0.15,-0.013,-90.91
90196A,PURPLE GEMSTONE NECKLACE 45CM,104,9,91.35,0.15,0.62,4.027,11.56,0.043,0.38,0.15,-0.002,-60.00
90196B,BLACK GEMSTONE NECKLACE 45CM,104,12,88.46,0.14,0.45,3.118,8.67,0.321,0.54,0.15,-0.003,-71.43
90197B,BLACK GLASS BRACELET W HEART CHARMS,104,32,69.23,0.58,1.08,1.866,3.25,0.201,0.85,0.69,0.002,-18.18
90197D,UNKNOWN,104,5,95.19,0.10,0.51,5.329,20.80,0.075,0.31,0.00,-0.004,-100.00
90198A,VINTAGE ROSE BEAD BRACELET RASPBERR,104,52,50.00,1.30,1.99,1.537,2.00,0.065,1.31,2.08,0.001,58.82
90198B,VINTAGE ROSE BEAD BRACELET BLACK,104,36,65.38,1.00,1.99,1.985,2.89,-0.054,1.23,1.15,-0.006,-6.25
90199A,5 STRAND GLASS NECKLACE BLACK,104,14,86.54,0.21,0.63,2.995,7.43,-0.065,0.38,0.15,-0.001,-60.00
90199B,5 STRAND GLASS NECKLACE AMETHYST,104,21,79.81,0.33,0.76,2.313,4.95,-0.057,0.69,0.54,-0.005,-22.22
90199C,5 STRAND GLASS NECKLACE CRYSTAL,104,23,77.88,0.93,5.08,5.443,4.52,-0.025,0.23,0.69,-0.004,200.00
90199D,5 STRAND GLASS NECKLACE AMBER,104,15,85.58,0.21,0.71,3.338,6.93,-0.049,0.23,0.15,-0.003,-33.33
90200A,PURPLE SWEETHEART BRACELET,104,51,50.96,1.40,2.44,1.735,2.04,0.203,2.77,1.00,-0.010,-63.89
90200B,BLACK SWEETHEART BRACELET,104,53,49.04,1.56,2.71,1.737,1.96,-0.033,2.62,1.23,-0.001,-52.94
90200C,BLUE SWEETHEART BRACELET,104,46,55.77,1.88,3.49,1.850,2.26,0.266,3.46,0.00,-0.036,-100.00
90200D,PINK SWEETHEART BRACELET,104,69,33.65,2.78,4.15,1.492,1.51,0.110,4.46,4.00,0.001,-10.34
90200E,GREEN SWEETHEART BRACELET,104,55,47.12,1.80,3.32,1.848,1.89,-0.003,2.31,2.85,-0.001,23.33
90201A,PURPLE ENAMEL FLOWER RING,104,42,59.62,1.23,2.54,2.067,2.48,0.167,0.62,2.54,0.008,312.50
90201B,BLACK ENAMEL FLOWER RING,104,44,57.69,1.46,2.90,1.984,2.36,0.137,0.92,3.00,0.013,225.00
90201C,RED ENAMEL FLOWER RING,104,35,66.35,1.12,2.36,2.094,2.97,0.290,0.54,2.08,0.009,285.71
90201D,GREEN ENAMEL FLOWER RING,104,42,59.62,1.27,2.60,2.052,2.48,0.158,0.92,2.54,0.010,175.00
90202A,PURPLE ENAMEL FLOWER HAIR TIE,104,18,82.69,0.28,0.82,2.933,5.78,-0.002,0.15,0.77,0.003,400.00
90202B,WHITE ENAMEL FLOWER HAIR TIE,104,13,87.50,0.21,0.75,3.527,8.00,-0.030,0.15,0.69,0.004,350.00
90202C,GREEN ENAMEL FLOWER HAIR TIE,104,21,79.81,0.28,0.74,2.666,4.95,0.085,0.46,0.62,0.001,33.33
90202D,PINK ENAMEL FLOWER HAIR TIE,104,21,79.81,0.44,1.49,3.361,4.95,-0.064,0.46,0.69,-0.003,50.00
90203,UNKNOWN,104,22,78.85,0.66,1.75,2.645,4.73,0.117,1.54,0.00,-0.018,-100.00
90204,PAIR OF ENAMEL BUTTERFLY HAIRCLIP,104,26,75.00,0.48,1.11,2.300,4.00,0.086,1.15,1.08,0.001,-6.67
90205A,LARGE MINT DIAMANTE HAIRSLIDE,104,22,78.85,0.37,0.86,2.353,4.73,0.110,0.46,0.69,0.006,50.00
90205C,LARGE CRYSTAL DIAMANTE HAIRSLIDE,104,20,80.77,0.75,4.03,5.374,5.20,-0.026,0.38,0.69,0.000,80.00
90206A,GOLD DIAMANTE STAR BROOCH,104,10,90.38,0.14,0.49,3.405,10.40,-0.088,0.23,0.38,0.001,66.67
90206C,CRYSTAL DIAMANTE STAR BROOCH,104,37,64.42,0.69,1.19,1.721,2.81,0.047,1.00,0.69,0.000,-30.77
90208,PAIR OF PINK FLOWER CLUSTER SLIDE,104,42,59.62,1.42,4.10,2.878,2.48,0.028,1.08,1.62,-0.013,50.00
90209A,PURPLE ENAMEL+GLASS HAIR COMB,104,9,91.35,1.63,7.19,4.399,11.56,-0.053,0.46,3.54,0.024,666.67
90209B,UNKNOWN,104,50,51.92,3.66,10.18,2.778,2.08,-0.028,2.85,0.15,-0.001,-94.59
90209C,PINK ENAMEL+GLASS HAIR COMB,104,46,55.77,3.77,14.86,3.942,2.26,-0.036,2.46,0.85,0.047,-65.62
90210A,GREY ACRYLIC FACETED BANGLE,104,14,86.54,0.74,3.48,4.705,7.43,-0.004,0.62,0.00,-0.006,-100.00
90210B,CLEAR ACRYLIC FACETED BANGLE,104,19,81.73,0.88,3.01,3.402,5.47,0.106,1.54,1.23,-0.006,-20.00
90210C,RED ACRYLIC FACETED BANGLE,104,8,92.31,0.83,7.08,8.560,13.00,0.000,0.46,0.00,-0.001,-100.00
90210D,PURPLE ACRYLIC FACETED BANGLE,104,15,85.58,1.27,8.45,6.658,6.93,-0.020,1.00,1.62,0.003,61.54
90211A,DIAMOND LAS VEGAS NECKLACE 45CM,104,17,83.65,0.26,0.65,2.517,6.12,0.021,0.46,0.38,-0.002,-16.67
90211B,JET BLACK LAS VEGAS NECKLACE 45CM,104,19,81.73,0.33,0.82,2.501,5.47,0.073,0.62,0.15,-0.006,-75.00
90212B,JET BLACK LAS VEGAS BRACELET ROUND,104,21,79.81,0.34,0.83,2.471,4.95,0.212,0.38,0.00,-0.005,-100.00
90212C,PURPLE LAS VEGAS BRACELET ROUND,104,8,92.31,0.24,1.13,4.691,13.00,-0.043,0.15,0.23,-0.003,50.00
90214A,"LETTER ""A"" BLING KEY RING",104,57,45.19,1.80,3.01,1.675,1.82,0.096,2.00,2.08,0.008,3.85
90214B,"LETTER ""B"" BLING KEY RING",104,30,71.15,0.61,1.78,2.932,3.47,0.176,1.62,0.15,-0.010,-90.48
90214C,"LETTER ""C"" BLING KEY RING",104,41,60.58,1.33,2.81,2.117,2.54,0.163,1.38,0.69,-0.003,-50.00
90214D,"LETTER ""D"" BLING KEY RING",104,37,64.42,0.71,1.60,2.247,2.81,0.079,0.31,0.69,0.006,125.00
90214E,"LETTER ""E"" BLING KEY RING",104,41,60.58,1.12,2.16,1.918,2.54,0.061,1.08,0.85,-0.005,-21.43
90214F,"LETTER ""F"" BLING KEY RING",104,21,79.81,0.30,0.75,2.512,4.95,0.215,0.31,0.23,-0.002,-25.00
90214G,"LETTER ""G"" BLING KEY RING",104,33,68.27,0.72,1.70,2.362,3.15,0.067,0.15,0.54,0.000,250.00
90214H,"LETTER ""H"" BLING KEY RING",104,34,67.31,0.64,1.26,1.958,3.06,0.120,0.46,1.00,0.002,116.67
90214I,"LETTER ""I"" BLING KEY RING",104,21,79.81,0.47,1.61,3.410,4.95,0.048,0.38,0.23,0.000,-40.00
90214J,"LETTER ""J"" BLING KEY RING",104,48,53.85,1.31,2.33,1.783,2.17,0.159,0.77,1.08,-0.000,40.00
90214K,"LETTER ""K"" BLING KEY RING",104,49,52.88,1.23,2.22,1.805,2.12,0.266,1.00,0.69,-0.006,-30.77
90214L,"LETTER ""L"" BLING KEY RING",104,45,56.73,1.33,2.56,1.926,2.31,0.064,1.31,0.69,-0.005,-47.06
90214M,"LETTER ""M"" BLING KEY RING",104,40,61.54,1.20,2.44,2.026,2.60,0.114,0.69,0.77,-0.008,11.11
90214N,"LETTER ""N"" BLING KEY RING",104,35,66.35,0.60,1.44,2.412,2.97,0.032,0.77,0.46,-0.003,-40.00
90214O,"LETTER ""O"" BLING KEY RING",104,15,85.58,0.22,0.64,2.884,6.93,0.455,0.46,0.08,-0.005,-83.33
90214P,"LETTER ""P"" BLING KEY RING",104,25,75.96,0.50,1.56,3.128,4.16,-0.045,0.38,0.08,-0.006,-80.00
90214R,"LETTER ""R"" BLING KEY RING",104,37,64.42,0.74,1.59,2.146,2.81,0.255,0.54,0.31,-0.005,-42.86
90214S,"LETTER ""S"" BLING KEY RING",104,47,54.81,1.49,2.88,1.930,2.21,0.108,1.77,1.62,-0.004,-8.70
90214T,"LETTER ""T"" BLING KEY RING",104,19,81.73,0.42,1.45,3.434,5.47,0.012,0.08,0.15,-0.003,100.00
90214U,"LETTER ""U"" BLING KEY RING",104,1,99.04,0.01,0.10,10.198,104.00,-0.010,0.00,0.00,-0.000,
90214V,"LETTER ""V"" BLING KEY RING",104,22,78.85,0.25,0.54,2.141,4.73,0.185,0.08,0.15,0.002,100.00
90214W,"LETTER ""W"" BLING KEY RING",104,7,93.27,0.07,0.25,3.741,14.86,0.080,0.00,0.00,0.000,
90214Y,"LETTER ""Y"" BLING KEY RING",104,8,92.31,0.08,0.27,3.481,13.00,-0.084,0.00,0.15,0.001,
90214Z,"LETTER ""Z"" BLING KEY RING",104,15,85.58,0.18,0.48,2.616,6.93,0.116,0.08,0.23,0.001,200.00
ADJUST,Adjustment by john on 26/01/2010 17,104,1,99.04,0.35,3.53,10.198,104.00,-0.010,2.77,0.00,-0.017,-100.00
ADJUST2,Adjustment by Peter on Jun 25 2010,104,1,99.04,0.03,0.29,10.198,104.00,-0.010,0.00,0.00,-0.001,
AMAZONFEE,AMAZON FEE,104,3,97.12,0.03,0.17,5.830,34.67,-0.030,0.00,0.00,0.000,
B,Adjust bad debt,104,1,99.04,0.01,0.10,10.198,104.00,-0.010,0.00,0.00,0.000,
BANK CHARGES,Bank Charges,104,27,74.04,0.32,0.58,1.825,3.85,-0.028,0.15,0.54,-0.001,250.00
C2,CARRIAGE,104,90,13.46,6.88,26.80,3.893,1.16,-0.008,9.15,15.92,0.035,73.95
D,Discount,104,5,95.19,1.88,18.82,9.988,20.80,-0.010,0.00,0.00,-0.032,
DCGS0003,BOXED GLASS ASHTRAY,104,13,87.50,0.12,0.33,2.659,8.00,0.318,0.08,0.00,-0.001,-100.00
DCGS0004,HAYNES CAMPER SHOULDER BAG,104,3,97.12,0.03,0.17,5.830,34.67,-0.030,0.00,0.00,-0.000,
DCGS0037,KEY-RING CORKSCREW,104,1,99.04,0.01,0.10,10.198,104.00,-0.010,0.00,0.00,-0.000,
DCGS0041,HAYNES MINI-COOPER PLAYING CARDS,104,1,99.04,0.01,0.10,10.198,104.00,-0.010,0.00,0.00,-0.000,
DCGS0044,HANDZ-OFF CAR FRESHENER,104,1,99.04,0.01,0.10,10.198,104.00,-0.010,0.08,0.00,-0.001,-100.00
DCGS0058,UNKNOWN,104,19,81.73,0.39,1.24,3.150,5.47,0.291,1.08,0.00,-0.015,-100.00
DCGS0062,ROAD-RAGE CAR FRESHENER,104,1,99.04,0.01,0.10,10.198,104.00,-0.010,0.00,0.00,-0.000,
DCGS0066N,UNKNOWN,104,1,99.04,0.04,0.39,10.198,104.00,-0.010,0.31,0.00,-0.002,-100.00
DCGS0068,DOGS NIGHT COLLAR,104,1,99.04,0.01,0.10,10.198,104.00,-0.010,0.08,0.00,-0.000,-100.00
DCGS0069,OOH LA LA DOGS COLLAR,104,5,95.19,0.05,0.21,4.471,20.80,0.159,0.00,0.00,-0.001,
DCGS0070,CAMOUFLAGE DOG COLLAR,104,2,98.08,0.02,0.14,7.176,52.00,-0.020,0.00,0.00,-0.000,
DCGS0072,CAT CAMOUFLAGUE COLLAR,104,1,99.04,0.04,0.39,10.198,104.00,-0.010,0.31,0.00,-0.002,-100.00
DCGS0075,CAMOUFLAGUE DOG LEAD,104,1,99.04,0.01,0.10,10.198,104.00,-0.010,0.00,0.00,-0.000,
DCGS0076,SUNJAR LED NIGHT NIGHT LIGHT,104,11,89.42,0.15,0.50,3.237,9.45,0.047,0.46,0.00,-0.005,-100.00
DCGSSBOY,BOYS PARTY BAG,104,18,82.69,1.70,10.10,5.935,5.78,0.120,0.00,0.23,-0.019,
DCGSSGIRL,GIRLS PARTY BAG,104,17,83.65,1.85,10.12,5.481,6.12,0.067,0.00,0.15,-0.021,
DOT,DOTCOM POSTAGE,104,101,2.88,27.79,109.53,3.942,1.03,-0.017,11.46,10.31,0.061,-10.07
GIFT_0001_10,Dotcomgiftshop Gift Voucher £10.00,104,12,88.46,0.52,3.38,6.502,8.67,-0.023,0.08,0.00,0.011,-100.00
GIFT_0001_20,Dotcomgiftshop Gift Voucher £20.00,104,23,77.88,0.51,1.72,3.382,4.52,0.094,0.46,0.08,-0.003,-83.33
GIFT_0001_30,Dotcomgiftshop Gift Voucher £30.00,104,23,77.88,0.74,3.38,4.560,4.52,-0.022,0.62,0.00,0.003,-100.00
GIFT_0001_40,Dotcomgiftshop Gift Voucher £40.00,104,6,94.23,0.17,1.13,6.513,17.33,-0.024,0.23,0.00,-0.003,-100.00
GIFT_0001_50,Dotcomgiftshop Gift Voucher £50.00,104,8,92.31,0.18,1.04,5.696,13.00,-0.022,0.31,0.00,-0.003,-100.00
GIFT_0001_60,UNKNOWN,104,2,98.08,0.12,1.02,8.168,52.00,-0.015,0.23,0.00,-0.003,-100.00
GIFT_0001_70,UNKNOWN,104,3,97.12,0.12,1.00,8.015,34.67,-0.016,0.15,0.00,-0.003,-100.00
GIFT_0001_80,UNKNOWN,104,2,98.08,0.12,1.02,8.168,52.00,-0.015,0.23,0.00,-0.003,-100.00
GIFT_0001_90,UNKNOWN,104,2,98.08,0.12,1.00,8.650,52.00,-0.014,0.15,0.00,-0.003,-100.00
M,Manual,104,102,1.92,84.88,236.87,2.790,1.02,0.291,9.38,408.54,2.211,4253.28
PADS,PADS TO MATCH ALL CUSHIONS,104,14,86.54,0.17,0.47,2.723,7.43,0.212,0.62,0.15,-0.003,-75.00
POST,POSTAGE,104,102,1.92,97.97,199.17,2.033,1.02,-0.010,32.08,204.62,1.096,537.89
S,SAMPLES,104,3,97.12,0.03,0.17,5.830,34.67,-0.030,0.00,0.08,0.000,
SP1002,KID'S CHALKBOARD/EASEL,104,1,99.04,0.05,0.49,10.198,104.00,-0.010,0.00,0.00,-0.000,
TEST001,This is a test product.,104,6,94.23,0.58,2.90,5.024,17.33,0.046,4.23,0.00,-0.030,-100.00
TEST002,UNKNOWN,104,2,98.08,0.02,0.14,7.176,52.00,0.490,0.15,0.00,-0.001,-100.00
